Year,MaxMarks,AIR,Mark,Percentage
2024,360,1,355.0,98.61
2023,360,1,341.0,94.72
2022,360,1,314.0,87.22
2021,360,1,348.0,96.67
2020,396,1,352.0,88.89
2019,372,1,346.0,93.01
2018,360,1,337.0,93.61
2017,366,1,339.0,92.62
2016,372,1,320.0,86.02
2015,504,1,469.0,93.06
2014,360,1,334.0,92.78
2013,360,1,332.0,92.22
2012,408,1,385.0,94.36
2011,480,1,440.0,91.67
2010,489,1,418.0,85.48
2009,480,1,424.0,88.33
2008,476,1,433.0,90.97
2024,360,11,328.0,91.11
2023,360,11,323.0,89.72
2022,360,11,285.0,79.17
2021,360,11,323.0,89.72
2020,396,11,320.0,80.81
2019,372,11,307.0,82.53
2018,360,11,309.0,85.83
2017,366,11,326.0,89.07
2016,372,11,291.0,78.23
2015,504,11,427.0,84.72
2014,360,11,320.0,88.89
2013,360,11,322.0,89.44
2012,408,11,365.0,89.46
2011,480,11,417.0,86.88
2010,489,11,392.0,80.16
2009,480,11,384.0,80.0
2008,476,11,,
2024,360,51,312.0,86.67
2023,360,51,301.0,83.61
2022,360,51,252.0,70.0
2021,360,51,300.0,83.33
2020,396,51,295.0,74.49
2019,372,51,281.0,75.54
2018,360,51,283.0,78.61
2017,366,51,312.0,85.25
2016,372,51,261.0,70.16
2015,504,51,379.0,75.2
2014,360,51,292.0,81.11
2013,360,51,288.0,80.0
2012,408,51,,
2011,480,51,394.0,82.08
2010,489,51,365.0,74.64
2009,480,51,364.0,75.83
2008,476,51,,
2024,360,101,300.0,83.33
2023,360,101,284.0,78.89
2022,360,101,236.0,65.56
2021,360,101,285.0,79.17
2020,396,101,279.0,70.45
2019,372,101,270.0,72.58
2018,360,101,272.0,75.56
2017,366,101,305.0,83.33
2016,372,101,246.0,66.13
2015,504,101,354.0,70.24
2014,360,101,278.0,77.22
2013,360,101,276.0,76.67
2012,408,101,324.0,79.41
2011,480,101,,
2010,489,101,346.0,70.76
2009,480,101,349.0,72.71
2008,476,101,350.0,73.53
2024,360,201,281.0,78.06
2023,360,201,269.0,74.72
2022,360,201,221.0,61.39
2021,360,201,266.0,73.89
2020,396,201,262.0,66.16
2019,372,201,253.0,68.01
2018,360,201,258.0,71.67
2017,366,201,295.0,80.6
2016,372,201,230.0,61.83
2015,504,201,,
2014,360,201,267.0,74.17
2013,360,201,261.0,72.5
2012,408,201,307.0,75.25
2011,480,201,,
2010,489,201,329.0,67.28
2009,480,201,329.0,68.54
2008,476,201,,
2024,360,301,272.0,75.56
2023,360,301,257.0,71.39
2022,360,301,209.0,58.06
2021,360,301,254.0,70.56
2020,396,301,251.0,63.38
2019,372,301,243.0,65.32
2018,360,301,247.0,68.61
2017,366,301,289.0,78.96
2016,372,301,219.0,58.87
2015,504,301,,
2014,360,301,259.0,71.94
2013,360,301,253.0,70.28
2012,408,301,297.0,72.79
2011,480,301,,
2010,489,301,317.0,64.83
2009,480,301,316.0,65.83
2008,476,301,,
2024,360,401,265.0,73.61
2023,360,401,248.0,68.89
2022,360,401,199.0,55.28
2021,360,401,245.0,68.06
2020,396,401,243.0,61.36
2019,372,401,234.0,62.9
2018,360,401,240.0,66.67
2017,366,401,284.0,77.6
2016,372,401,211.0,56.72
2015,504,401,,
2014,360,401,252.0,70.0
2013,360,401,245.0,68.06
2012,408,401,286.0,70.1
2011,480,401,,
2010,489,401,310.0,63.39
2009,480,401,309.0,64.38
2008,476,401,,
2024,360,501,258.0,71.67
2023,360,501,242.0,67.22
2022,360,501,192.0,53.33
2021,360,501,237.0,65.83
2020,396,501,235.0,59.34
2019,372,501,227.0,61.02
2018,360,501,233.0,64.72
2017,366,501,279.0,76.23
2016,372,501,204.0,54.84
2015,504,501,304.0,60.32
2014,360,501,246.0,68.33
2013,360,501,239.0,66.39
2012,408,501,280.0,68.63
2011,480,501,346.0,72.08
2010,489,501,304.0,62.17
2009,480,501,302.0,62.92
2008,476,501,287.0,60.29
2024,360,601,251.0,69.72
2023,360,601,237.0,65.83
2022,360,601,186.0,51.67
2021,360,601,231.0,64.17
2020,396,601,229.0,57.83
2019,372,601,222.0,59.68
2018,360,601,227.0,63.06
2017,366,601,276.0,75.41
2016,372,601,199.0,53.49
2015,504,601,,
2014,360,601,241.0,66.94
2013,360,601,235.0,65.28
2012,408,601,275.0,67.4
2011,480,601,,
2010,489,601,299.0,61.15
2009,480,601,297.0,61.88
2008,476,601,,
2024,360,701,246.0,68.33
2023,360,701,232.0,64.44
2022,360,701,182.0,50.56
2021,360,701,225.0,62.5
2020,396,701,223.0,56.31
2019,372,701,217.0,58.33
2018,360,701,223.0,61.94
2017,366,701,272.0,74.32
2016,372,701,194.0,52.15
2015,504,701,,
2014,360,701,237.0,65.83
2013,360,701,231.0,64.17
2012,408,701,270.0,66.18
2011,480,701,,
2010,489,701,295.0,60.33
2009,480,701,291.0,60.63
2008,476,701,,
2024,360,801,242.0,67.22
2023,360,801,227.0,63.06
2022,360,801,177.0,49.17
2021,360,801,221.0,61.39
2020,396,801,218.0,55.05
2019,372,801,213.0,57.26
2018,360,801,219.0,60.83
2017,366,801,269.0,73.5
2016,372,801,190.0,51.08
2015,504,801,,
2014,360,801,234.0,65.0
2013,360,801,227.0,63.06
2012,408,801,266.0,65.2
2011,480,801,,
2010,489,801,290.0,59.3
2009,480,801,286.0,59.58
2008,476,801,,
2024,360,901,237.0,65.83
2023,360,901,222.0,61.67
2022,360,901,173.0,48.06
2021,360,901,216.0,60.0
2020,396,901,214.0,54.04
2019,372,901,209.0,56.18
2018,360,901,216.0,60.0
2017,366,901,266.0,72.68
2016,372,901,187.0,50.27
2015,504,901,,
2014,360,901,230.0,63.89
2013,360,901,223.0,61.94
2012,408,901,262.0,64.22
2011,480,901,,
2010,489,901,287.0,58.69
2009,480,901,282.0,58.75
2008,476,901,,
2024,360,1001,233.0,64.72
2023,360,1001,219.0,60.83
2022,360,1001,170.0,47.22
2021,360,1001,212.0,58.89
2020,396,1001,210.0,53.03
2019,372,1001,206.0,55.38
2018,360,1001,213.0,59.17
2017,366,1001,264.0,72.13
2016,372,1001,184.0,49.46
2015,504,1001,276.0,54.76
2014,360,1001,227.0,63.06
2013,360,1001,221.0,61.39
2012,408,1001,259.0,63.48
2011,480,1001,326.0,67.92
2010,489,1001,283.0,57.87
2009,480,1001,278.0,57.92
2008,476,1001,263.0,55.25
2024,360,1101,230.0,63.89
2023,360,1101,215.0,59.72
2022,360,1101,167.0,46.39
2021,360,1101,209.0,58.06
2020,396,1101,207.0,52.27
2019,372,1101,204.0,54.84
2018,360,1101,210.0,58.33
2017,366,1101,261.0,71.31
2016,372,1101,180.0,48.39
2015,504,1101,,
2014,360,1101,225.0,62.5
2013,360,1101,219.0,60.83
2012,408,1101,257.0,62.99
2011,480,1101,,
2010,489,1101,280.0,57.26
2009,480,1101,274.0,57.08
2008,476,1101,,
2024,360,1201,227.0,63.06
2023,360,1201,212.0,58.89
2022,360,1201,163.0,45.28
2021,360,1201,206.0,57.22
2020,396,1201,204.0,51.52
2019,372,1201,201.0,54.03
2018,360,1201,207.0,57.5
2017,366,1201,258.0,70.49
2016,372,1201,178.0,47.85
2015,504,1201,,
2014,360,1201,222.0,61.67
2013,360,1201,216.0,60.0
2012,408,1201,253.0,62.01
2011,480,1201,,
2010,489,1201,277.0,56.65
2009,480,1201,271.0,56.46
2008,476,1201,,
2024,360,1301,224.0,62.22
2023,360,1301,209.0,58.06
2022,360,1301,161.0,44.72
2021,360,1301,203.0,56.39
2020,396,1301,201.0,50.76
2019,372,1301,199.0,53.49
2018,360,1301,204.0,56.67
2017,366,1301,257.0,70.22
2016,372,1301,175.0,47.04
2015,504,1301,,
2014,360,1301,220.0,61.11
2013,360,1301,213.0,59.17
2012,408,1301,251.0,61.52
2011,480,1301,,
2010,489,1301,274.0,56.03
2009,480,1301,267.0,55.63
2008,476,1301,,
2024,360,1401,221.0,61.39
2023,360,1401,206.0,57.22
2022,360,1401,159.0,44.17
2021,360,1401,200.0,55.56
2020,396,1401,198.0,50.0
2019,372,1401,197.0,52.96
2018,360,1401,202.0,56.11
2017,366,1401,254.0,69.4
2016,372,1401,173.0,46.51
2015,504,1401,,
2014,360,1401,218.0,60.56
2013,360,1401,211.0,58.61
2012,408,1401,248.0,60.78
2011,480,1401,,
2010,489,1401,271.0,55.42
2009,480,1401,264.0,55.0
2008,476,1401,,
2024,360,1501,219.0,60.83
2023,360,1501,203.0,56.39
2022,360,1501,156.0,43.33
2021,360,1501,198.0,55.0
2020,396,1501,195.0,49.24
2019,372,1501,195.0,52.42
2018,360,1501,200.0,55.56
2017,366,1501,253.0,69.13
2016,372,1501,171.0,45.97
2015,504,1501,,
2014,360,1501,216.0,60.0
2013,360,1501,209.0,58.06
2012,408,1501,246.0,60.29
2011,480,1501,311.0,64.79
2010,489,1501,269.0,55.01
2009,480,1501,262.0,54.58
2008,476,1501,248.0,52.1
2024,360,1601,216.0,60.0
2023,360,1601,200.0,55.56
2022,360,1601,153.0,42.5
2021,360,1601,195.0,54.17
2020,396,1601,193.0,48.74
2019,372,1601,193.0,51.88
2018,360,1601,198.0,55.0
2017,366,1601,251.0,68.58
2016,372,1601,169.0,45.43
2015,504,1601,,
2014,360,1601,213.0,59.17
2013,360,1601,207.0,57.5
2012,408,1601,244.0,59.8
2011,480,1601,,
2010,489,1601,267.0,54.6
2009,480,1601,259.0,53.96
2008,476,1601,,
2024,360,1701,214.0,59.44
2023,360,1701,197.0,54.72
2022,360,1701,151.0,41.94
2021,360,1701,192.0,53.33
2020,396,1701,190.0,47.98
2019,372,1701,191.0,51.34
2018,360,1701,196.0,54.44
2017,366,1701,249.0,68.03
2016,372,1701,167.0,44.89
2015,504,1701,,
2014,360,1701,211.0,58.61
2013,360,1701,205.0,56.94
2012,408,1701,242.0,59.31
2011,480,1701,,
2010,489,1701,264.0,53.99
2009,480,1701,257.0,53.54
2008,476,1701,,
2024,360,1801,212.0,58.89
2023,360,1801,195.0,54.17
2022,360,1801,149.0,41.39
2021,360,1801,190.0,52.78
2020,396,1801,188.0,47.47
2019,372,1801,190.0,51.08
2018,360,1801,195.0,54.17
2017,366,1801,247.0,67.49
2016,372,1801,166.0,44.62
2015,504,1801,,
2014,360,1801,209.0,58.06
2013,360,1801,204.0,56.67
2012,408,1801,239.0,58.58
2011,480,1801,,
2010,489,1801,262.0,53.58
2009,480,1801,254.0,52.92
2008,476,1801,,
2024,360,1901,210.0,58.33
2023,360,1901,193.0,53.61
2022,360,1901,147.0,40.83
2021,360,1901,188.0,52.22
2020,396,1901,186.0,46.97
2019,372,1901,188.0,50.54
2018,360,1901,193.0,53.61
2017,366,1901,246.0,67.21
2016,372,1901,164.0,44.09
2015,504,1901,,
2014,360,1901,207.0,57.5
2013,360,1901,202.0,56.11
2012,408,1901,237.0,58.09
2011,480,1901,,
2010,489,1901,261.0,53.37
2009,480,1901,252.0,52.5
2008,476,1901,,
2024,360,2001,207.0,57.5
2023,360,2001,191.0,53.06
2022,360,2001,146.0,40.56
2021,360,2001,186.0,51.67
2020,396,2001,184.0,46.46
2019,372,2001,186.0,50.0
2018,360,2001,191.0,53.06
2017,366,2001,244.0,66.67
2016,372,2001,162.0,43.55
2015,504,2001,,
2014,360,2001,206.0,57.22
2013,360,2001,200.0,55.56
2012,408,2001,235.0,57.6
2011,480,2001,300.0,62.5
2010,489,2001,259.0,52.97
2009,480,2001,249.0,51.88
2008,476,2001,236.0,49.58
2024,360,2101,205.0,56.94
2023,360,2101,189.0,52.5
2022,360,2101,144.0,40.0
2021,360,2101,184.0,51.11
2020,396,2101,182.0,45.96
2019,372,2101,185.0,49.73
2018,360,2101,190.0,52.78
2017,366,2101,243.0,66.39
2016,372,2101,161.0,43.28
2015,504,2101,,
2014,360,2101,204.0,56.67
2013,360,2101,198.0,55.0
2012,408,2101,234.0,57.35
2011,480,2101,,
2010,489,2101,257.0,52.56
2009,480,2101,247.0,51.46
2008,476,2101,,
2024,360,2201,203.0,56.39
2023,360,2201,187.0,51.94
2022,360,2201,143.0,39.72
2021,360,2201,182.0,50.56
2020,396,2201,180.0,45.45
2019,372,2201,183.0,49.19
2018,360,2201,188.0,52.22
2017,366,2201,241.0,65.85
2016,372,2201,160.0,43.01
2015,504,2201,,
2014,360,2201,203.0,56.39
2013,360,2201,197.0,54.72
2012,408,2201,232.0,56.86
2011,480,2201,,
2010,489,2201,255.0,52.15
2009,480,2201,246.0,51.25
2008,476,2201,,
2024,360,2301,202.0,56.11
2023,360,2301,185.0,51.39
2022,360,2301,141.0,39.17
2021,360,2301,180.0,50.0
2020,396,2301,179.0,45.2
2019,372,2301,182.0,48.92
2018,360,2301,187.0,51.94
2017,366,2301,240.0,65.57
2016,372,2301,158.0,42.47
2015,504,2301,,
2014,360,2301,201.0,55.83
2013,360,2301,195.0,54.17
2012,408,2301,229.0,56.13
2011,480,2301,,
2010,489,2301,253.0,51.74
2009,480,2301,243.0,50.63
2008,476,2301,,
2024,360,2401,200.0,55.56
2023,360,2401,183.0,50.83
2022,360,2401,140.0,38.89
2021,360,2401,178.0,49.44
2020,396,2401,177.0,44.7
2019,372,2401,181.0,48.66
2018,360,2401,185.0,51.39
2017,366,2401,238.0,65.03
2016,372,2401,157.0,42.2
2015,504,2401,,
2014,360,2401,200.0,55.56
2013,360,2401,194.0,53.89
2012,408,2401,228.0,55.88
2011,480,2401,,
2010,489,2401,251.0,51.33
2009,480,2401,241.0,50.21
2008,476,2401,,
2024,360,2501,199.0,55.28
2023,360,2501,181.0,50.28
2022,360,2501,138.0,38.33
2021,360,2501,176.0,48.89
2020,396,2501,175.0,44.19
2019,372,2501,180.0,48.39
2018,360,2501,184.0,51.11
2017,366,2501,237.0,64.75
2016,372,2501,155.0,41.67
2015,504,2501,237.0,47.02
2014,360,2501,199.0,55.28
2013,360,2501,192.0,53.33
2012,408,2501,227.0,55.64
2011,480,2501,291.0,60.63
2010,489,2501,250.0,51.12
2009,480,2501,239.0,49.79
2008,476,2501,227.0,47.69
2024,360,2601,197.0,54.72
2023,360,2601,180.0,50.0
2022,360,2601,137.0,38.06
2021,360,2601,175.0,48.61
2020,396,2601,174.0,43.94
2019,372,2601,178.0,47.85
2018,360,2601,182.0,50.56
2017,366,2601,236.0,64.48
2016,372,2601,154.0,41.4
2015,504,2601,,
2014,360,2601,197.0,54.72
2013,360,2601,192.0,53.33
2012,408,2601,226.0,55.39
2011,480,2601,,
2010,489,2601,248.0,50.72
2009,480,2601,237.0,49.38
2008,476,2601,,
2024,360,2701,196.0,54.44
2023,360,2701,178.0,49.44
2022,360,2701,136.0,37.78
2021,360,2701,173.0,48.06
2020,396,2701,172.0,43.43
2019,372,2701,177.0,47.58
2018,360,2701,181.0,50.28
2017,366,2701,234.0,63.93
2016,372,2701,153.0,41.13
2015,504,2701,,
2014,360,2701,196.0,54.44
2013,360,2701,190.0,52.78
2012,408,2701,224.0,54.9
2011,480,2701,,
2010,489,2701,247.0,50.51
2009,480,2701,235.0,48.96
2008,476,2701,,
2024,360,2801,194.0,53.89
2023,360,2801,177.0,49.17
2022,360,2801,134.0,37.22
2021,360,2801,171.0,47.5
2020,396,2801,171.0,43.18
2019,372,2801,176.0,47.31
2018,360,2801,180.0,50.0
2017,366,2801,233.0,63.66
2016,372,2801,152.0,40.86
2015,504,2801,,
2014,360,2801,195.0,54.17
2013,360,2801,189.0,52.5
2012,408,2801,222.0,54.41
2011,480,2801,,
2010,489,2801,246.0,50.31
2009,480,2801,234.0,48.75
2008,476,2801,,
2024,360,2901,193.0,53.61
2023,360,2901,175.0,48.61
2022,360,2901,133.0,36.94
2021,360,2901,169.0,46.94
2020,396,2901,169.0,42.68
2019,372,2901,175.0,47.04
2018,360,2901,179.0,49.72
2017,366,2901,232.0,63.39
2016,372,2901,151.0,40.59
2015,504,2901,,
2014,360,2901,194.0,53.89
2013,360,2901,188.0,52.22
2012,408,2901,221.0,54.17
2011,480,2901,,
2010,489,2901,245.0,50.1
2009,480,2901,232.0,48.33
2008,476,2901,,
2024,360,3001,192.0,53.33
2023,360,3001,174.0,48.33
2022,360,3001,132.0,36.67
2021,360,3001,168.0,46.67
2020,396,3001,168.0,42.42
2019,372,3001,174.0,46.77
2018,360,3001,177.0,49.17
2017,366,3001,231.0,63.11
2016,372,3001,150.0,40.32
2015,504,3001,,
2014,360,3001,193.0,53.61
2013,360,3001,187.0,51.94
2012,408,3001,220.0,53.92
2011,480,3001,284.0,59.17
2010,489,3001,243.0,49.69
2009,480,3001,230.0,47.92
2008,476,3001,219.0,46.01
2024,360,3101,191.0,53.06
2023,360,3101,173.0,48.06
2022,360,3101,131.0,36.39
2021,360,3101,167.0,46.39
2020,396,3101,167.0,42.17
2019,372,3101,173.0,46.51
2018,360,3101,176.0,48.89
2017,366,3101,229.0,62.57
2016,372,3101,149.0,40.05
2015,504,3101,,
2014,360,3101,192.0,53.33
2013,360,3101,186.0,51.67
2012,408,3101,218.0,53.43
2011,480,3101,,
2010,489,3101,242.0,49.49
2009,480,3101,229.0,47.71
2008,476,3101,,
2024,360,3201,189.0,52.5
2023,360,3201,171.0,47.5
2022,360,3201,129.0,35.83
2021,360,3201,165.0,45.83
2020,396,3201,165.0,41.67
2019,372,3201,172.0,46.24
2018,360,3201,175.0,48.61
2017,366,3201,228.0,62.3
2016,372,3201,148.0,39.78
2015,504,3201,,
2014,360,3201,191.0,53.06
2013,360,3201,185.0,51.39
2012,408,3201,217.0,53.19
2011,480,3201,,
2010,489,3201,241.0,49.28
2009,480,3201,227.0,47.29
2008,476,3201,,
2024,360,3301,188.0,52.22
2023,360,3301,170.0,47.22
2022,360,3301,128.0,35.56
2021,360,3301,163.0,45.28
2020,396,3301,164.0,41.41
2019,372,3301,171.0,45.97
2018,360,3301,174.0,48.33
2017,366,3301,227.0,62.02
2016,372,3301,147.0,39.52
2015,504,3301,,
2014,360,3301,190.0,52.78
2013,360,3301,184.0,51.11
2012,408,3301,216.0,52.94
2011,480,3301,,
2010,489,3301,239.0,48.88
2009,480,3301,226.0,47.08
2008,476,3301,,
2024,360,3401,187.0,51.94
2023,360,3401,169.0,46.94
2022,360,3401,127.0,35.28
2021,360,3401,162.0,45.0
2020,396,3401,163.0,41.16
2019,372,3401,170.0,45.7
2018,360,3401,173.0,48.06
2017,366,3401,226.0,61.75
2016,372,3401,146.0,39.25
2015,504,3401,,
2014,360,3401,189.0,52.5
2013,360,3401,183.0,50.83
2012,408,3401,215.0,52.7
2011,480,3401,,
2010,489,3401,237.0,48.47
2009,480,3401,224.0,46.67
2008,476,3401,,
2024,360,3501,186.0,51.67
2023,360,3501,167.0,46.39
2022,360,3501,126.0,35.0
2021,360,3501,161.0,44.72
2020,396,3501,162.0,40.91
2019,372,3501,169.0,45.43
2018,360,3501,172.0,47.78
2017,366,3501,225.0,61.48
2016,372,3501,145.0,38.98
2015,504,3501,,
2014,360,3501,188.0,52.22
2013,360,3501,182.0,50.56
2012,408,3501,213.0,52.21
2011,480,3501,277.0,57.71
2010,489,3501,236.0,48.26
2009,480,3501,223.0,46.46
2008,476,3501,212.0,44.54
2024,360,3601,185.0,51.39
2023,360,3601,166.0,46.11
2022,360,3601,125.0,34.72
2021,360,3601,160.0,44.44
2020,396,3601,161.0,40.66
2019,372,3601,168.0,45.16
2018,360,3601,171.0,47.5
2017,366,3601,224.0,61.2
2016,372,3601,144.0,38.71
2015,504,3601,,
2014,360,3601,187.0,51.94
2013,360,3601,181.0,50.28
2012,408,3601,212.0,51.96
2011,480,3601,,
2010,489,3601,235.0,48.06
2009,480,3601,222.0,46.25
2008,476,3601,,
2024,360,3701,184.0,51.11
2023,360,3701,165.0,45.83
2022,360,3701,124.0,34.44
2021,360,3701,159.0,44.17
2020,396,3701,159.0,40.15
2019,372,3701,167.0,44.89
2018,360,3701,170.0,47.22
2017,366,3701,223.0,60.93
2016,372,3701,144.0,38.71
2015,504,3701,,
2014,360,3701,187.0,51.94
2013,360,3701,180.0,50.0
2012,408,3701,211.0,51.72
2011,480,3701,,
2010,489,3701,234.0,47.85
2009,480,3701,220.0,45.83
2008,476,3701,,
2024,360,3801,183.0,50.83
2023,360,3801,164.0,45.56
2022,360,3801,123.0,34.17
2021,360,3801,157.0,43.61
2020,396,3801,158.0,39.9
2019,372,3801,166.0,44.62
2018,360,3801,169.0,46.94
2017,366,3801,221.0,60.38
2016,372,3801,143.0,38.44
2015,504,3801,,
2014,360,3801,186.0,51.67
2013,360,3801,180.0,50.0
2012,408,3801,210.0,51.47
2011,480,3801,,
2010,489,3801,233.0,47.65
2009,480,3801,219.0,45.63
2008,476,3801,,
2024,360,3901,182.0,50.56
2023,360,3901,163.0,45.28
2022,360,3901,122.0,33.89
2021,360,3901,156.0,43.33
2020,396,3901,157.0,39.65
2019,372,3901,165.0,44.35
2018,360,3901,168.0,46.67
2017,366,3901,220.0,60.11
2016,372,3901,142.0,38.17
2015,504,3901,,
2014,360,3901,185.0,51.39
2013,360,3901,178.0,49.44
2012,408,3901,210.0,51.47
2011,480,3901,,
2010,489,3901,232.0,47.44
2009,480,3901,218.0,45.42
2008,476,3901,,
2024,360,4001,181.0,50.28
2023,360,4001,162.0,45.0
2022,360,4001,121.0,33.61
2021,360,4001,155.0,43.06
2020,396,4001,156.0,39.39
2019,372,4001,164.0,44.09
2018,360,4001,167.0,46.39
2017,366,4001,219.0,59.84
2016,372,4001,141.0,37.9
2015,504,4001,,
2014,360,4001,184.0,51.11
2013,360,4001,177.0,49.17
2012,408,4001,209.0,51.23
2011,480,4001,271.0,56.46
2010,489,4001,231.0,47.24
2009,480,4001,216.0,45.0
2008,476,4001,206.0,43.28
2024,360,4101,180.0,50.0
2023,360,4101,161.0,44.72
2022,360,4101,120.0,33.33
2021,360,4101,154.0,42.78
2020,396,4101,155.0,39.14
2019,372,4101,163.0,43.82
2018,360,4101,166.0,46.11
2017,366,4101,218.0,59.56
2016,372,4101,141.0,37.9
2015,504,4101,,
2014,360,4101,183.0,50.83
2013,360,4101,177.0,49.17
2012,408,4101,207.0,50.74
2011,480,4101,,
2010,489,4101,230.0,47.03
2009,480,4101,215.0,44.79
2008,476,4101,,
2024,360,4201,179.0,49.72
2023,360,4201,160.0,44.44
2022,360,4201,120.0,33.33
2021,360,4201,153.0,42.5
2020,396,4201,154.0,38.89
2019,372,4201,162.0,43.55
2018,360,4201,165.0,45.83
2017,366,4201,217.0,59.29
2016,372,4201,140.0,37.63
2015,504,4201,,
2014,360,4201,182.0,50.56
2013,360,4201,176.0,48.89
2012,408,4201,206.0,50.49
2011,480,4201,,
2010,489,4201,229.0,46.83
2009,480,4201,214.0,44.58
2008,476,4201,,
2024,360,4301,178.0,49.44
2023,360,4301,159.0,44.17
2022,360,4301,119.0,33.06
2021,360,4301,152.0,42.22
2020,396,4301,153.0,38.64
2019,372,4301,162.0,43.55
2018,360,4301,164.0,45.56
2017,366,4301,217.0,59.29
2016,372,4301,139.0,37.37
2015,504,4301,,
2014,360,4301,181.0,50.28
2013,360,4301,175.0,48.61
2012,408,4301,205.0,50.25
2011,480,4301,,
2010,489,4301,227.0,46.42
2009,480,4301,213.0,44.38
2008,476,4301,,
2024,360,4401,177.0,49.17
2023,360,4401,158.0,43.89
2022,360,4401,118.0,32.78
2021,360,4401,151.0,41.94
2020,396,4401,152.0,38.38
2019,372,4401,161.0,43.28
2018,360,4401,164.0,45.56
2017,366,4401,216.0,59.02
2016,372,4401,139.0,37.37
2015,504,4401,,
2014,360,4401,181.0,50.28
2013,360,4401,174.0,48.33
2012,408,4401,204.0,50.0
2011,480,4401,,
2010,489,4401,226.0,46.22
2009,480,4401,212.0,44.17
2008,476,4401,,
2024,360,4501,176.0,48.89
2023,360,4501,157.0,43.61
2022,360,4501,118.0,32.78
2021,360,4501,150.0,41.67
2020,396,4501,151.0,38.13
2019,372,4501,160.0,43.01
2018,360,4501,163.0,45.28
2017,366,4501,215.0,58.74
2016,372,4501,138.0,37.1
2015,504,4501,,
2014,360,4501,180.0,50.0
2013,360,4501,173.0,48.06
2012,408,4501,204.0,50.0
2011,480,4501,266.0,55.42
2010,489,4501,225.0,46.01
2009,480,4501,211.0,43.96
2008,476,4501,200.0,42.02
2024,360,4601,176.0,48.89
2023,360,4601,156.0,43.33
2022,360,4601,117.0,32.5
2021,360,4601,149.0,41.39
2020,396,4601,150.0,37.88
2019,372,4601,159.0,42.74
2018,360,4601,162.0,45.0
2017,366,4601,214.0,58.47
2016,372,4601,137.0,36.83
2015,504,4601,,
2014,360,4601,179.0,49.72
2013,360,4601,173.0,48.06
2012,408,4601,202.0,49.51
2011,480,4601,,
2010,489,4601,224.0,45.81
2009,480,4601,210.0,43.75
2008,476,4601,,
2024,360,4701,175.0,48.61
2023,360,4701,155.0,43.06
2022,360,4701,116.0,32.22
2021,360,4701,148.0,41.11
2020,396,4701,149.0,37.63
2019,372,4701,159.0,42.74
2018,360,4701,161.0,44.72
2017,366,4701,213.0,58.2
2016,372,4701,136.0,36.56
2015,504,4701,,
2014,360,4701,178.0,49.44
2013,360,4701,172.0,47.78
2012,408,4701,201.0,49.26
2011,480,4701,,
2010,489,4701,223.0,45.6
2009,480,4701,209.0,43.54
2008,476,4701,,
2024,360,4801,174.0,48.33
2023,360,4801,155.0,43.06
2022,360,4801,115.0,31.94
2021,360,4801,147.0,40.83
2020,396,4801,148.0,37.37
2019,372,4801,158.0,42.47
2018,360,4801,160.0,44.44
2017,366,4801,213.0,58.2
2016,372,4801,136.0,36.56
2015,504,4801,,
2014,360,4801,178.0,49.44
2013,360,4801,171.0,47.5
2012,408,4801,201.0,49.26
2011,480,4801,,
2010,489,4801,222.0,45.4
2009,480,4801,208.0,43.33
2008,476,4801,,
2024,360,4901,173.0,48.06
2023,360,4901,154.0,42.78
2022,360,4901,115.0,31.94
2021,360,4901,146.0,40.56
2020,396,4901,148.0,37.37
2019,372,4901,157.0,42.2
2018,360,4901,159.0,44.17
2017,366,4901,212.0,57.92
2016,372,4901,135.0,36.29
2015,504,4901,,
2014,360,4901,177.0,49.17
2013,360,4901,170.0,47.22
2012,408,4901,199.0,48.77
2011,480,4901,,
2010,489,4901,221.0,45.19
2009,480,4901,206.0,42.92
2008,476,4901,,
2024,360,5001,172.0,47.78
2023,360,5001,153.0,42.5
2022,360,5001,114.0,31.67
2021,360,5001,145.0,40.28
2020,396,5001,147.0,37.12
2019,372,5001,157.0,42.2
2018,360,5001,158.0,43.89
2017,366,5001,211.0,57.65
2016,372,5001,134.0,36.02
2015,504,5001,205.0,40.67
2014,360,5001,176.0,48.89
2013,360,5001,170.0,47.22
2012,408,5001,199.0,48.77
2011,480,5001,261.0,54.38
2010,489,5001,220.0,44.99
2009,480,5001,205.0,42.71
2008,476,5001,195.0,40.97
2024,360,5101,172.0,47.78
2023,360,5101,152.0,42.22
2022,360,5101,114.0,31.67
2021,360,5101,144.0,40.0
2020,396,5101,146.0,36.87
2019,372,5101,156.0,41.94
2018,360,5101,158.0,43.89
2017,366,5101,210.0,57.38
2016,372,5101,134.0,36.02
2015,504,5101,,
2014,360,5101,176.0,48.89
2013,360,5101,169.0,46.94
2012,408,5101,198.0,48.53
2011,480,5101,,
2010,489,5101,219.0,44.79
2009,480,5101,204.0,42.5
2008,476,5101,,
2024,360,5201,171.0,47.5
2023,360,5201,151.0,41.94
2022,360,5201,113.0,31.39
2021,360,5201,143.0,39.72
2020,396,5201,145.0,36.62
2019,372,5201,155.0,41.67
2018,360,5201,157.0,43.61
2017,366,5201,209.0,57.1
2016,372,5201,133.0,35.75
2015,504,5201,,
2014,360,5201,175.0,48.61
2013,360,5201,169.0,46.94
2012,408,5201,197.0,48.28
2011,480,5201,,
2010,489,5201,219.0,44.79
2009,480,5201,203.0,42.29
2008,476,5201,,
2024,360,5301,170.0,47.22
2023,360,5301,151.0,41.94
2022,360,5301,113.0,31.39
2021,360,5301,142.0,39.44
2020,396,5301,144.0,36.36
2019,372,5301,154.0,41.4
2018,360,5301,156.0,43.33
2017,366,5301,208.0,56.83
2016,372,5301,133.0,35.75
2015,504,5301,,
2014,360,5301,174.0,48.33
2013,360,5301,169.0,46.94
2012,408,5301,197.0,48.28
2011,480,5301,,
2010,489,5301,218.0,44.58
2009,480,5301,202.0,42.08
2008,476,5301,,
2024,360,5401,169.0,46.94
2023,360,5401,150.0,41.67
2022,360,5401,112.0,31.11
2021,360,5401,141.0,39.17
2020,396,5401,144.0,36.36
2019,372,5401,154.0,41.4
2018,360,5401,155.0,43.06
2017,366,5401,208.0,56.83
2016,372,5401,132.0,35.48
2015,504,5401,,
2014,360,5401,174.0,48.33
2013,360,5401,167.0,46.39
2012,408,5401,196.0,48.04
2011,480,5401,,
2010,489,5401,217.0,44.38
2009,480,5401,201.0,41.88
2008,476,5401,,
2024,360,5501,168.0,46.67
2023,360,5501,149.0,41.39
2022,360,5501,111.0,30.83
2021,360,5501,141.0,39.17
2020,396,5501,143.0,36.11
2019,372,5501,153.0,41.13
2018,360,5501,154.0,42.78
2017,366,5501,207.0,56.56
2016,372,5501,131.0,35.22
2015,504,5501,,
2014,360,5501,173.0,48.06
2013,360,5501,167.0,46.39
2012,408,5501,195.0,47.79
2011,480,5501,257.0,53.54
2010,489,5501,216.0,44.17
2009,480,5501,200.0,41.67
2008,476,5501,191.0,40.13
2024,360,5601,168.0,46.67
2023,360,5601,148.0,41.11
2022,360,5601,111.0,30.83
2021,360,5601,140.0,38.89
2020,396,5601,142.0,35.86
2019,372,5601,152.0,40.86
2018,360,5601,154.0,42.78
2017,366,5601,206.0,56.28
2016,372,5601,131.0,35.22
2015,504,5601,,
2014,360,5601,172.0,47.78
2013,360,5601,166.0,46.11
2012,408,5601,194.0,47.55
2011,480,5601,,
2010,489,5601,215.0,43.97
2009,480,5601,199.0,41.46
2008,476,5601,,
2024,360,5701,167.0,46.39
2023,360,5701,148.0,41.11
2022,360,5701,110.0,30.56
2021,360,5701,139.0,38.61
2020,396,5701,141.0,35.61
2019,372,5701,152.0,40.86
2018,360,5701,153.0,42.5
2017,366,5701,206.0,56.28
2016,372,5701,130.0,34.95
2015,504,5701,,
2014,360,5701,172.0,47.78
2013,360,5701,165.0,45.83
2012,408,5701,193.0,47.3
2011,480,5701,,
2010,489,5701,214.0,43.76
2009,480,5701,198.0,41.25
2008,476,5701,,
2024,360,5801,166.0,46.11
2023,360,5801,147.0,40.83
2022,360,5801,110.0,30.56
2021,360,5801,138.0,38.33
2020,396,5801,141.0,35.61
2019,372,5801,151.0,40.59
2018,360,5801,152.0,42.22
2017,366,5801,205.0,56.01
2016,372,5801,130.0,34.95
2015,504,5801,,
2014,360,5801,171.0,47.5
2013,360,5801,165.0,45.83
2012,408,5801,193.0,47.3
2011,480,5801,,
2010,489,5801,214.0,43.76
2009,480,5801,197.0,41.04
2008,476,5801,,
2024,360,5901,166.0,46.11
2023,360,5901,146.0,40.56
2022,360,5901,109.0,30.28
2021,360,5901,137.0,38.06
2020,396,5901,140.0,35.35
2019,372,5901,150.0,40.32
2018,360,5901,152.0,42.22
2017,366,5901,205.0,56.01
2016,372,5901,129.0,34.68
2015,504,5901,,
2014,360,5901,170.0,47.22
2013,360,5901,164.0,45.56
2012,408,5901,192.0,47.06
2011,480,5901,,
2010,489,5901,213.0,43.56
2009,480,5901,196.0,40.83
2008,476,5901,,
2024,360,6001,165.0,45.83
2023,360,6001,146.0,40.56
2022,360,6001,108.0,30.0
2021,360,6001,136.0,37.78
2020,396,6001,139.0,35.1
2019,372,6001,150.0,40.32
2018,360,6001,151.0,41.94
2017,366,6001,204.0,55.74
2016,372,6001,129.0,34.68
2015,504,6001,,
2014,360,6001,170.0,47.22
2013,360,6001,164.0,45.56
2012,408,6001,191.0,46.81
2011,480,6001,252.0,52.5
2010,489,6001,212.0,43.35
2009,480,6001,196.0,40.83
2008,476,6001,186.0,39.08
2024,360,6101,164.0,45.56
2023,360,6101,145.0,40.28
2022,360,6101,108.0,30.0
2021,360,6101,136.0,37.78
2020,396,6101,138.0,34.85
2019,372,6101,149.0,40.05
2018,360,6101,150.0,41.67
2017,366,6101,204.0,55.74
2016,372,6101,128.0,34.41
2015,504,6101,,
2014,360,6101,169.0,46.94
2013,360,6101,163.0,45.28
2012,408,6101,190.0,46.57
2011,480,6101,,
2010,489,6101,212.0,43.35
2009,480,6101,195.0,40.63
2008,476,6101,,
2024,360,6201,164.0,45.56
2023,360,6201,144.0,40.0
2022,360,6201,108.0,30.0
2021,360,6201,135.0,37.5
2020,396,6201,138.0,34.85
2019,372,6201,149.0,40.05
2018,360,6201,150.0,41.67
2017,366,6201,202.0,55.19
2016,372,6201,128.0,34.41
2015,504,6201,,
2014,360,6201,169.0,46.94
2013,360,6201,162.0,45.0
2012,408,6201,190.0,46.57
2011,480,6201,,
2010,489,6201,211.0,43.15
2009,480,6201,194.0,40.42
2008,476,6201,,
2024,360,6301,163.0,45.28
2023,360,6301,144.0,40.0
2022,360,6301,107.0,29.72
2021,360,6301,134.0,37.22
2020,396,6301,137.0,34.6
2019,372,6301,148.0,39.78
2018,360,6301,149.0,41.39
2017,366,6301,202.0,55.19
2016,372,6301,127.0,34.14
2015,504,6301,,
2014,360,6301,168.0,46.67
2013,360,6301,162.0,45.0
2012,408,6301,189.0,46.32
2011,480,6301,,
2010,489,6301,210.0,42.94
2009,480,6301,193.0,40.21
2008,476,6301,,
2024,360,6401,163.0,45.28
2023,360,6401,143.0,39.72
2022,360,6401,107.0,29.72
2021,360,6401,134.0,37.22
2020,396,6401,136.0,34.34
2019,372,6401,147.0,39.52
2018,360,6401,148.0,41.11
2017,366,6401,201.0,54.92
2016,372,6401,127.0,34.14
2015,504,6401,,
2014,360,6401,168.0,46.67
2013,360,6401,161.0,44.72
2012,408,6401,189.0,46.32
2011,480,6401,,
2010,489,6401,209.0,42.74
2009,480,6401,192.0,40.0
2008,476,6401,,
2024,360,6501,162.0,45.0
2023,360,6501,142.0,39.44
2022,360,6501,106.0,29.44
2021,360,6501,133.0,36.94
2020,396,6501,136.0,34.34
2019,372,6501,147.0,39.52
2018,360,6501,148.0,41.11
2017,366,6501,200.0,54.64
2016,372,6501,126.0,33.87
2015,504,6501,,
2014,360,6501,167.0,46.39
2013,360,6501,161.0,44.72
2012,408,6501,188.0,46.08
2011,480,6501,249.0,51.88
2010,489,6501,208.0,42.54
2009,480,6501,191.0,39.79
2008,476,6501,182.0,38.24
2024,360,6601,161.0,44.72
2023,360,6601,142.0,39.44
2022,360,6601,106.0,29.44
2021,360,6601,132.0,36.67
2020,396,6601,135.0,34.09
2019,372,6601,146.0,39.25
2018,360,6601,147.0,40.83
2017,366,6601,200.0,54.64
2016,372,6601,126.0,33.87
2015,504,6601,,
2014,360,6601,167.0,46.39
2013,360,6601,160.0,44.44
2012,408,6601,187.0,45.83
2011,480,6601,,
2010,489,6601,208.0,42.54
2009,480,6601,190.0,39.58
2008,476,6601,,
2024,360,6701,161.0,44.72
2023,360,6701,141.0,39.17
2022,360,6701,105.0,29.17
2021,360,6701,132.0,36.67
2020,396,6701,135.0,34.09
2019,372,6701,146.0,39.25
2018,360,6701,147.0,40.83
2017,366,6701,199.0,54.37
2016,372,6701,126.0,33.87
2015,504,6701,,
2014,360,6701,166.0,46.11
2013,360,6701,160.0,44.44
2012,408,6701,186.0,45.59
2011,480,6701,,
2010,489,6701,207.0,42.33
2009,480,6701,190.0,39.58
2008,476,6701,,
2024,360,6801,160.0,44.44
2023,360,6801,141.0,39.17
2022,360,6801,104.0,28.89
2021,360,6801,131.0,36.39
2020,396,6801,134.0,33.84
2019,372,6801,145.0,38.98
2018,360,6801,146.0,40.56
2017,366,6801,198.0,54.1
2016,372,6801,125.0,33.6
2015,504,6801,,
2014,360,6801,165.0,45.83
2013,360,6801,159.0,44.17
2012,408,6801,186.0,45.59
2011,480,6801,,
2010,489,6801,206.0,42.13
2009,480,6801,189.0,39.38
2008,476,6801,,
2024,360,6901,160.0,44.44
2023,360,6901,140.0,38.89
2022,360,6901,104.0,28.89
2021,360,6901,130.0,36.11
2020,396,6901,133.0,33.59
2019,372,6901,145.0,38.98
2018,360,6901,145.0,40.28
2017,366,6901,198.0,54.1
2016,372,6901,124.0,33.33
2015,504,6901,,
2014,360,6901,165.0,45.83
2013,360,6901,158.0,43.89
2012,408,6901,185.0,45.34
2011,480,6901,,
2010,489,6901,205.0,41.92
2009,480,6901,188.0,39.17
2008,476,6901,,
2024,360,7001,159.0,44.17
2023,360,7001,140.0,38.89
2022,360,7001,104.0,28.89
2021,360,7001,130.0,36.11
2020,396,7001,133.0,33.59
2019,372,7001,144.0,38.71
2018,360,7001,145.0,40.28
2017,366,7001,197.0,53.83
2016,372,7001,124.0,33.33
2015,504,7001,,
2014,360,7001,164.0,45.56
2013,360,7001,158.0,43.89
2012,408,7001,184.0,45.1
2011,480,7001,245.0,51.04
2010,489,7001,205.0,41.92
2009,480,7001,187.0,38.96
2008,476,7001,179.0,37.61
2024,360,7101,159.0,44.17
2023,360,7101,139.0,38.61
2022,360,7101,103.0,28.61
2021,360,7101,129.0,35.83
2020,396,7101,132.0,33.33
2019,372,7101,144.0,38.71
2018,360,7101,144.0,40.0
2017,366,7101,197.0,53.83
2016,372,7101,123.0,33.06
2015,504,7101,,
2014,360,7101,164.0,45.56
2013,360,7101,157.0,43.61
2012,408,7101,183.0,44.85
2011,480,7101,,
2010,489,7101,204.0,41.72
2009,480,7101,187.0,38.96
2008,476,7101,,
2024,360,7201,158.0,43.89
2023,360,7201,138.0,38.33
2022,360,7201,103.0,28.61
2021,360,7201,128.0,35.56
2020,396,7201,132.0,33.33
2019,372,7201,143.0,38.44
2018,360,7201,144.0,40.0
2017,366,7201,196.0,53.55
2016,372,7201,123.0,33.06
2015,504,7201,,
2014,360,7201,163.0,45.28
2013,360,7201,157.0,43.61
2012,408,7201,183.0,44.85
2011,480,7201,,
2010,489,7201,203.0,41.51
2009,480,7201,186.0,38.75
2008,476,7201,,
2024,360,7301,157.0,43.61
2023,360,7301,138.0,38.33
2022,360,7301,102.0,28.33
2021,360,7301,128.0,35.56
2020,396,7301,131.0,33.08
2019,372,7301,143.0,38.44
2018,360,7301,143.0,39.72
2017,366,7301,196.0,53.55
2016,372,7301,122.0,32.8
2015,504,7301,,
2014,360,7301,163.0,45.28
2013,360,7301,156.0,43.33
2012,408,7301,182.0,44.61
2011,480,7301,,
2010,489,7301,203.0,41.51
2009,480,7301,185.0,38.54
2008,476,7301,,
2024,360,7401,157.0,43.61
2023,360,7401,137.0,38.06
2022,360,7401,102.0,28.33
2021,360,7401,127.0,35.28
2020,396,7401,131.0,33.08
2019,372,7401,142.0,38.17
2018,360,7401,143.0,39.72
2017,366,7401,196.0,53.55
2016,372,7401,122.0,32.8
2015,504,7401,,
2014,360,7401,162.0,45.0
2013,360,7401,156.0,43.33
2012,408,7401,182.0,44.61
2011,480,7401,,
2010,489,7401,202.0,41.31
2009,480,7401,185.0,38.54
2008,476,7401,,
2024,360,7501,156.0,43.33
2023,360,7501,137.0,38.06
2022,360,7501,101.0,28.06
2021,360,7501,126.0,35.0
2020,396,7501,130.0,32.83
2019,372,7501,142.0,38.17
2018,360,7501,142.0,39.44
2017,366,7501,194.0,53.01
2016,372,7501,121.0,32.53
2015,504,7501,184.0,36.51
2014,360,7501,162.0,45.0
2013,360,7501,155.0,43.06
2012,408,7501,181.0,44.36
2011,480,7501,242.0,50.42
2010,489,7501,201.0,41.1
2009,480,7501,184.0,38.33
2008,476,7501,175.0,36.76
2024,360,7601,156.0,43.33
2023,360,7601,136.0,37.78
2022,360,7601,101.0,28.06
2021,360,7601,126.0,35.0
2020,396,7601,130.0,32.83
2019,372,7601,141.0,37.9
2018,360,7601,142.0,39.44
2017,366,7601,194.0,53.01
2016,372,7601,121.0,32.53
2015,504,7601,,
2014,360,7601,161.0,44.72
2013,360,7601,155.0,43.06
2012,408,7601,180.0,44.12
2011,480,7601,,
2010,489,7601,200.0,40.9
2009,480,7601,183.0,38.13
2008,476,7601,,
2024,360,7701,155.0,43.06
2023,360,7701,136.0,37.78
2022,360,7701,101.0,28.06
2021,360,7701,125.0,34.72
2020,396,7701,129.0,32.58
2019,372,7701,141.0,37.9
2018,360,7701,141.0,39.17
2017,366,7701,193.0,52.73
2016,372,7701,120.0,32.26
2015,504,7701,,
2014,360,7701,161.0,44.72
2013,360,7701,154.0,42.78
2012,408,7701,180.0,44.12
2011,480,7701,,
2010,489,7701,200.0,40.9
2009,480,7701,182.0,37.92
2008,476,7701,,
2024,360,7801,155.0,43.06
2023,360,7801,135.0,37.5
2022,360,7801,100.0,27.78
2021,360,7801,124.0,34.44
2020,396,7801,129.0,32.58
2019,372,7801,140.0,37.63
2018,360,7801,140.0,38.89
2017,366,7801,193.0,52.73
2016,372,7801,120.0,32.26
2015,504,7801,,
2014,360,7801,161.0,44.72
2013,360,7801,154.0,42.78
2012,408,7801,179.0,43.87
2011,480,7801,,
2010,489,7801,199.0,40.7
2009,480,7801,182.0,37.92
2008,476,7801,,
2024,360,7901,154.0,42.78
2023,360,7901,135.0,37.5
2022,360,7901,100.0,27.78
2021,360,7901,124.0,34.44
2020,396,7901,128.0,32.32
2019,372,7901,140.0,37.63
2018,360,7901,140.0,38.89
2017,366,7901,193.0,52.73
2016,372,7901,120.0,32.26
2015,504,7901,,
2014,360,7901,160.0,44.44
2013,360,7901,153.0,42.5
2012,408,7901,179.0,43.87
2011,480,7901,,
2010,489,7901,198.0,40.49
2009,480,7901,181.0,37.71
2008,476,7901,172.0,36.13
2024,360,8001,154.0,42.78
2023,360,8001,134.0,37.22
2022,360,8001,99.0,27.5
2021,360,8001,123.0,34.17
2020,396,8001,127.0,32.07
2019,372,8001,139.0,37.37
2018,360,8001,139.0,38.61
2017,366,8001,191.0,52.19
2016,372,8001,119.0,31.99
2015,504,8001,,
2014,360,8001,160.0,44.44
2013,360,8001,153.0,42.5
2012,408,8001,178.0,43.63
2011,480,8001,239.0,49.79
2010,489,8001,198.0,40.49
2009,480,8001,180.0,37.5
2008,476,8001,,
2024,360,8101,153.0,42.5
2023,360,8101,134.0,37.22
2022,360,8101,99.0,27.5
2021,360,8101,123.0,34.17
2020,396,8101,127.0,32.07
2019,372,8101,139.0,37.37
2018,360,8101,139.0,38.61
2017,366,8101,191.0,52.19
2016,372,8101,119.0,31.99
2015,504,8101,,
2014,360,8101,159.0,44.17
2013,360,8101,152.0,42.22
2012,408,8101,178.0,43.63
2011,480,8101,,
2010,489,8101,198.0,40.49
2009,480,8101,180.0,37.5
2008,476,8101,,
2024,360,8201,153.0,42.5
2023,360,8201,133.0,36.94
2022,360,8201,98.0,27.22
2021,360,8201,122.0,33.89
2020,396,8201,127.0,32.07
2019,372,8201,139.0,37.37
2018,360,8201,138.0,38.33
2017,366,8201,190.0,51.91
2016,372,8201,118.0,31.72
2015,504,8201,,
2014,360,8201,159.0,44.17
2013,360,8201,152.0,42.22
2012,408,8201,178.0,43.63
2011,480,8201,,
2010,489,8201,197.0,40.29
2009,480,8201,179.0,37.29
2008,476,8201,,
2024,360,8301,152.0,42.22
2023,360,8301,133.0,36.94
2022,360,8301,98.0,27.22
2021,360,8301,122.0,33.89
2020,396,8301,126.0,31.82
2019,372,8301,138.0,37.1
2018,360,8301,138.0,38.33
2017,366,8301,190.0,51.91
2016,372,8301,118.0,31.72
2015,504,8301,,
2014,360,8301,158.0,43.89
2013,360,8301,152.0,42.22
2012,408,8301,177.0,43.38
2011,480,8301,,
2010,489,8301,197.0,40.29
2009,480,8301,178.0,37.08
2008,476,8301,,
2024,360,8401,152.0,42.22
2023,360,8401,132.0,36.67
2022,360,8401,98.0,27.22
2021,360,8401,121.0,33.61
2020,396,8401,125.0,31.57
2019,372,8401,138.0,37.1
2018,360,8401,137.0,38.06
2017,366,8401,189.0,51.64
2016,372,8401,117.0,31.45
2015,504,8401,,
2014,360,8401,158.0,43.89
2013,360,8401,152.0,42.22
2012,408,8401,177.0,43.38
2011,480,8401,,
2010,489,8401,196.0,40.08
2009,480,8401,177.0,36.88
2008,476,8401,,
2024,360,8501,152.0,42.22
2023,360,8501,132.0,36.67
2022,360,8501,97.0,26.94
2021,360,8501,121.0,33.61
2020,396,8501,125.0,31.57
2019,372,8501,137.0,36.83
2018,360,8501,137.0,38.06
2017,366,8501,189.0,51.64
2016,372,8501,117.0,31.45
2015,504,8501,,
2014,360,8501,157.0,43.61
2013,360,8501,151.0,41.94
2012,408,8501,176.0,43.14
2011,480,8501,,
2010,489,8501,195.0,39.88
2009,480,8501,177.0,36.88
2008,476,8501,,
2024,360,8601,151.0,41.94
2023,360,8601,131.0,36.39
2022,360,8601,97.0,26.94
2021,360,8601,120.0,33.33
2020,396,8601,124.0,31.31
2019,372,8601,137.0,36.83
2018,360,8601,136.0,37.78
2017,366,8601,188.0,51.37
2016,372,8601,117.0,31.45
2015,504,8601,,
2014,360,8601,157.0,43.61
2013,360,8601,150.0,41.67
2012,408,8601,176.0,43.14
2011,480,8601,,
2010,489,8601,194.0,39.67
2009,480,8601,176.0,36.67
2008,476,8601,,
2024,360,8701,151.0,41.94
2023,360,8701,131.0,36.39
2022,360,8701,96.0,26.67
2021,360,8701,119.0,33.06
2020,396,8701,124.0,31.31
2019,372,8701,137.0,36.83
2018,360,8701,136.0,37.78
2017,366,8701,188.0,51.37
2016,372,8701,116.0,31.18
2015,504,8701,,
2014,360,8701,156.0,43.33
2013,360,8701,150.0,41.67
2012,408,8701,175.0,42.89
2011,480,8701,,
2010,489,8701,194.0,39.67
2009,480,8701,175.0,36.46
2008,476,8701,,
2024,360,8801,150.0,41.67
2023,360,8801,130.0,36.11
2022,360,8801,96.0,26.67
2021,360,8801,119.0,33.06
2020,396,8801,123.0,31.06
2019,372,8801,136.0,36.56
2018,360,8801,135.0,37.5
2017,366,8801,187.0,51.09
2016,372,8801,116.0,31.18
2015,504,8801,,
2014,360,8801,156.0,43.33
2013,360,8801,149.0,41.39
2012,408,8801,175.0,42.89
2011,480,8801,,
2010,489,8801,193.0,39.47
2009,480,8801,175.0,36.46
2008,476,8801,,
2024,360,8901,150.0,41.67
2023,360,8901,130.0,36.11
2022,360,8901,96.0,26.67
2021,360,8901,118.0,32.78
2020,396,8901,123.0,31.06
2019,372,8901,136.0,36.56
2018,360,8901,135.0,37.5
2017,366,8901,187.0,51.09
2016,372,8901,115.0,30.91
2015,504,8901,,
2014,360,8901,156.0,43.33
2013,360,8901,149.0,41.39
2012,408,8901,174.0,42.65
2011,480,8901,,
2010,489,8901,193.0,39.47
2009,480,8901,174.0,36.25
2008,476,8901,,
2024,360,9001,149.0,41.39
2023,360,9001,130.0,36.11
2022,360,9001,95.0,26.39
2021,360,9001,118.0,32.78
2020,396,9001,122.0,30.81
2019,372,9001,135.0,36.29
2018,360,9001,135.0,37.5
2017,366,9001,186.0,50.82
2016,372,9001,115.0,30.91
2015,504,9001,,
2014,360,9001,155.0,43.06
2013,360,9001,148.0,41.11
2012,408,9001,173.0,42.4
2011,480,9001,,
2010,489,9001,192.0,39.26
2009,480,9001,174.0,36.25
2008,476,9001,,
2024,360,9101,149.0,41.39
2023,360,9101,129.0,35.83
2022,360,9101,95.0,26.39
2021,360,9101,117.0,32.5
2020,396,9101,122.0,30.81
2019,372,9101,135.0,36.29
2018,360,9101,134.0,37.22
2017,366,9101,186.0,50.82
2016,372,9101,115.0,30.91
2015,504,9101,,
2014,360,9101,155.0,43.06
2013,360,9101,148.0,41.11
2012,408,9101,173.0,42.4
2011,480,9101,,
2010,489,9101,192.0,39.26
2009,480,9101,173.0,36.04
2008,476,9101,,
2024,360,9201,149.0,41.39
2023,360,9201,129.0,35.83
2022,360,9201,95.0,26.39
2021,360,9201,117.0,32.5
2020,396,9201,121.0,30.56
2019,372,9201,134.0,36.02
2018,360,9201,134.0,37.22
2017,366,9201,185.0,50.55
2016,372,9201,115.0,30.91
2015,504,9201,,
2014,360,9201,154.0,42.78
2013,360,9201,147.0,40.83
2012,408,9201,172.0,42.16
2011,480,9201,,
2010,489,9201,192.0,39.26
2009,480,9201,172.0,35.83
2008,476,9201,,
2024,360,9301,148.0,41.11
2023,360,9301,128.0,35.56
2022,360,9301,94.0,26.11
2021,360,9301,116.0,32.22
2020,396,9301,121.0,30.56
2019,372,9301,134.0,36.02
2018,360,9301,133.0,36.94
2017,366,9301,185.0,50.55
2016,372,9301,114.0,30.65
2015,504,9301,,
2014,360,9301,154.0,42.78
2013,360,9301,147.0,40.83
2012,408,9301,172.0,42.16
2011,480,9301,,
2010,489,9301,191.0,39.06
2009,480,9301,172.0,35.83
2008,476,9301,,
2024,360,9401,148.0,41.11
2023,360,9401,128.0,35.56
2022,360,9401,94.0,26.11
2021,360,9401,116.0,32.22
2020,396,9401,120.0,30.3
2019,372,9401,133.0,35.75
2018,360,9401,133.0,36.94
2017,366,9401,184.0,50.27
2016,372,9401,114.0,30.65
2015,504,9401,,
2014,360,9401,154.0,42.78
2013,360,9401,146.0,40.56
2012,408,9401,171.0,41.91
2011,480,9401,,
2010,489,9401,191.0,39.06
2009,480,9401,171.0,35.63
2008,476,9401,,
2024,360,9501,147.0,40.83
2023,360,9501,127.0,35.28
2022,360,9501,94.0,26.11
2021,360,9501,115.0,31.94
2020,396,9501,120.0,30.3
2019,372,9501,133.0,35.75
2018,360,9501,132.0,36.67
2017,366,9501,184.0,50.27
2016,372,9501,113.0,30.38
2015,504,9501,,
2014,360,9501,153.0,42.5
2013,360,9501,146.0,40.56
2012,408,9501,170.0,41.67
2011,480,9501,,
2010,489,9501,190.0,38.85
2009,480,9501,171.0,35.63
2008,476,9501,,
2024,360,9601,147.0,40.83
2023,360,9601,127.0,35.28
2022,360,9601,93.0,25.83
2021,360,9601,115.0,31.94
2020,396,9601,119.0,30.05
2019,372,9601,133.0,35.75
2018,360,9601,132.0,36.67
2017,366,9601,184.0,50.27
2016,372,9601,113.0,30.38
2015,504,9601,,
2014,360,9601,153.0,42.5
2013,360,9601,146.0,40.56
2012,408,9601,170.0,41.67
2011,480,9601,,
2010,489,9601,,
2009,480,9601,170.0,35.42
2008,476,9601,,
2024,360,9701,147.0,40.83
2023,360,9701,127.0,35.28
2022,360,9701,93.0,25.83
2021,360,9701,114.0,31.67
2020,396,9701,119.0,30.05
2019,372,9701,132.0,35.48
2018,360,9701,131.0,36.39
2017,366,9701,183.0,50.0
2016,372,9701,113.0,30.38
2015,504,9701,,
2014,360,9701,152.0,42.22
2013,360,9701,145.0,40.28
2012,408,9701,170.0,41.67
2011,480,9701,,
2010,489,9701,,
2009,480,9701,169.0,35.21
2008,476,9701,,
2024,360,9801,146.0,40.56
2023,360,9801,126.0,35.0
2022,360,9801,93.0,25.83
2021,360,9801,114.0,31.67
2020,396,9801,119.0,30.05
2019,372,9801,132.0,35.48
2018,360,9801,131.0,36.39
2017,366,9801,183.0,50.0
2016,372,9801,112.0,30.11
2015,504,9801,,
2014,360,9801,152.0,42.22
2013,360,9801,145.0,40.28
2012,408,9801,169.0,41.42
2011,480,9801,,
2010,489,9801,,
2009,480,9801,168.0,35.0
2008,476,9801,,
2024,360,9901,146.0,40.56
2023,360,9901,126.0,35.0
2022,360,9901,92.0,25.56
2021,360,9901,113.0,31.39
2020,396,9901,118.0,29.8
2019,372,9901,132.0,35.48
2018,360,9901,131.0,36.39
2017,366,9901,182.0,49.73
2016,372,9901,112.0,30.11
2015,504,9901,,
2014,360,9901,152.0,42.22
2013,360,9901,144.0,40.0
2012,408,9901,169.0,41.42
2011,480,9901,,
2010,489,9901,,
2009,480,9901,168.0,35.0
2008,476,9901,,
2024,360,10001,146.0,40.56
2023,360,10001,125.0,34.72
2022,360,10001,92.0,25.56
2021,360,10001,113.0,31.39
2020,396,10001,118.0,29.8
2019,372,10001,131.0,35.22
2018,360,10001,130.0,36.11
2017,366,10001,182.0,49.73
2016,372,10001,111.0,29.84
2015,504,10001,168.0,33.33
2014,360,10001,151.0,41.94
2013,360,10001,144.0,40.0
2012,408,10001,168.0,41.18
2011,480,10001,,
2010,489,10001,,
2009,480,10001,167.0,34.79
2008,476,10001,,
2024,360,10101,145.0,40.28
2023,360,10101,125.0,34.72
2022,360,10101,91.0,25.28
2021,360,10101,112.0,31.11
2020,396,10101,117.0,29.55
2019,372,10101,131.0,35.22
2018,360,10101,130.0,36.11
2017,366,10101,181.0,49.45
2016,372,10101,111.0,29.84
2015,504,10101,,
2014,360,10101,151.0,41.94
2013,360,10101,144.0,40.0
2012,408,10101,168.0,41.18
2011,480,10101,,
2010,489,10101,,
2009,480,10101,,
2008,476,10101,,
2024,360,10201,145.0,40.28
2023,360,10201,124.0,34.44
2022,360,10201,91.0,25.28
2021,360,10201,112.0,31.11
2020,396,10201,117.0,29.55
2019,372,10201,131.0,35.22
2018,360,10201,129.0,35.83
2017,366,10201,181.0,49.45
2016,372,10201,111.0,29.84
2015,504,10201,,
2014,360,10201,151.0,41.94
2013,360,10201,143.0,39.72
2012,408,10201,168.0,41.18
2011,480,10201,,
2010,489,10201,,
2009,480,10201,,
2008,476,10201,,
2024,360,10301,144.0,40.0
2023,360,10301,124.0,34.44
2022,360,10301,91.0,25.28
2021,360,10301,112.0,31.11
2020,396,10301,117.0,29.55
2019,372,10301,130.0,34.95
2018,360,10301,129.0,35.83
2017,366,10301,181.0,49.45
2016,372,10301,110.0,29.57
2015,504,10301,,
2014,360,10301,150.0,41.67
2013,360,10301,143.0,39.72
2012,408,10301,167.0,40.93
2011,480,10301,,
2010,489,10301,,
2009,480,10301,,
2008,476,10301,,
2024,360,10401,144.0,40.0
2023,360,10401,124.0,34.44
2022,360,10401,91.0,25.28
2021,360,10401,111.0,30.83
2020,396,10401,116.0,29.29
2019,372,10401,130.0,34.95
2018,360,10401,129.0,35.83
2017,366,10401,180.0,49.18
2016,372,10401,110.0,29.57
2015,504,10401,,
2014,360,10401,150.0,41.67
2013,360,10401,143.0,39.72
2012,408,10401,167.0,40.93
2011,480,10401,,
2010,489,10401,,
2009,480,10401,,
2008,476,10401,,
2024,360,10501,144.0,40.0
2023,360,10501,123.0,34.17
2022,360,10501,90.0,25.0
2021,360,10501,111.0,30.83
2020,396,10501,116.0,29.29
2019,372,10501,129.0,34.68
2018,360,10501,128.0,35.56
2017,366,10501,180.0,49.18
2016,372,10501,110.0,29.57
2015,504,10501,,
2014,360,10501,150.0,41.67
2013,360,10501,142.0,39.44
2012,408,10501,166.0,40.69
2011,480,10501,,
2010,489,10501,,
2009,480,10501,,
2008,476,10501,,
2024,360,10601,143.0,39.72
2023,360,10601,123.0,34.17
2022,360,10601,90.0,25.0
2021,360,10601,110.0,30.56
2020,396,10601,116.0,29.29
2019,372,10601,129.0,34.68
2018,360,10601,128.0,35.56
2017,366,10601,179.0,48.91
2016,372,10601,109.0,29.3
2015,504,10601,,
2014,360,10601,149.0,41.39
2013,360,10601,142.0,39.44
2012,408,10601,165.0,40.44
2011,480,10601,,
2010,489,10601,,
2009,480,10601,,
2008,476,10601,,
2024,360,10701,143.0,39.72
2023,360,10701,122.0,33.89
2022,360,10701,90.0,25.0
2021,360,10701,110.0,30.56
2020,396,10701,115.0,29.04
2019,372,10701,129.0,34.68
2018,360,10701,127.0,35.28
2017,366,10701,179.0,48.91
2016,372,10701,109.0,29.3
2015,504,10701,,
2014,360,10701,149.0,41.39
2013,360,10701,142.0,39.44
2012,408,10701,165.0,40.44
2011,480,10701,,
2010,489,10701,,
2009,480,10701,,
2008,476,10701,,
2024,360,10801,142.0,39.44
2023,360,10801,122.0,33.89
2022,360,10801,89.0,24.72
2021,360,10801,109.0,30.28
2020,396,10801,115.0,29.04
2019,372,10801,128.0,34.41
2018,360,10801,127.0,35.28
2017,366,10801,178.0,48.63
2016,372,10801,109.0,29.3
2015,504,10801,,
2014,360,10801,148.0,41.11
2013,360,10801,142.0,39.44
2012,408,10801,164.0,40.2
2011,480,10801,,
2010,489,10801,,
2009,480,10801,,
2008,476,10801,,
2024,360,10901,142.0,39.44
2023,360,10901,122.0,33.89
2022,360,10901,89.0,24.72
2021,360,10901,109.0,30.28
2020,396,10901,114.0,28.79
2019,372,10901,128.0,34.41
2018,360,10901,127.0,35.28
2017,366,10901,178.0,48.63
2016,372,10901,108.0,29.03
2015,504,10901,,
2014,360,10901,148.0,41.11
2013,360,10901,141.0,39.17
2012,408,10901,164.0,40.2
2011,480,10901,,
2010,489,10901,,
2009,480,10901,,
2008,476,10901,,
2024,360,11001,142.0,39.44
2023,360,11001,121.0,33.61
2022,360,11001,89.0,24.72
2021,360,11001,109.0,30.28
2020,396,11001,114.0,28.79
2019,372,11001,128.0,34.41
2018,360,11001,126.0,35.0
2017,366,11001,177.0,48.36
2016,372,11001,108.0,29.03
2015,504,11001,,
2014,360,11001,148.0,41.11
2013,360,11001,140.0,38.89
2012,408,11001,164.0,40.2
2011,480,11001,,
2010,489,11001,,
2009,480,11001,,
2008,476,11001,,
2024,360,11101,141.0,39.17
2023,360,11101,121.0,33.61
2022,360,11101,88.0,24.44
2021,360,11101,108.0,30.0
2020,396,11101,114.0,28.79
2019,372,11101,127.0,34.14
2018,360,11101,126.0,35.0
2017,366,11101,177.0,48.36
2016,372,11101,108.0,29.03
2015,504,11101,,
2014,360,11101,147.0,40.83
2013,360,11101,140.0,38.89
2012,408,11101,163.0,39.95
2011,480,11101,,
2010,489,11101,,
2009,480,11101,,
2008,476,11101,,
2024,360,11201,141.0,39.17
2023,360,11201,121.0,33.61
2022,360,11201,88.0,24.44
2021,360,11201,108.0,30.0
2020,396,11201,113.0,28.54
2019,372,11201,127.0,34.14
2018,360,11201,126.0,35.0
2017,366,11201,177.0,48.36
2016,372,11201,107.0,28.76
2015,504,11201,,
2014,360,11201,147.0,40.83
2013,360,11201,140.0,38.89
2012,408,11201,163.0,39.95
2011,480,11201,,
2010,489,11201,,
2009,480,11201,,
2008,476,11201,,
2024,360,11301,141.0,39.17
2023,360,11301,120.0,33.33
2022,360,11301,88.0,24.44
2021,360,11301,107.0,29.72
2020,396,11301,113.0,28.54
2019,372,11301,127.0,34.14
2018,360,11301,125.0,34.72
2017,366,11301,176.0,48.09
2016,372,11301,107.0,28.76
2015,504,11301,,
2014,360,11301,147.0,40.83
2013,360,11301,139.0,38.61
2012,408,11301,162.0,39.71
2011,480,11301,,
2010,489,11301,,
2009,480,11301,,
2008,476,11301,,
2024,360,11401,140.0,38.89
2023,360,11401,120.0,33.33
2022,360,11401,87.0,24.17
2021,360,11401,107.0,29.72
2020,396,11401,112.0,28.28
2019,372,11401,126.0,33.87
2018,360,11401,125.0,34.72
2017,366,11401,176.0,48.09
2016,372,11401,107.0,28.76
2015,504,11401,,
2014,360,11401,146.0,40.56
2013,360,11401,139.0,38.61
2012,408,11401,162.0,39.71
2011,480,11401,,
2010,489,11401,,
2009,480,11401,,
2008,476,11401,,
2024,360,11501,140.0,38.89
2023,360,11501,119.0,33.06
2022,360,11501,87.0,24.17
2021,360,11501,107.0,29.72
2020,396,11501,112.0,28.28
2019,372,11501,126.0,33.87
2018,360,11501,124.0,34.44
2017,366,11501,175.0,47.81
2016,372,11501,107.0,28.76
2015,504,11501,,
2014,360,11501,146.0,40.56
2013,360,11501,139.0,38.61
2012,408,11501,162.0,39.71
2011,480,11501,,
2010,489,11501,,
2009,480,11501,,
2008,476,11501,,
2024,360,11601,140.0,38.89
2023,360,11601,119.0,33.06
2022,360,11601,87.0,24.17
2021,360,11601,106.0,29.44
2020,396,11601,112.0,28.28
2019,372,11601,126.0,33.87
2018,360,11601,124.0,34.44
2017,366,11601,175.0,47.81
2016,372,11601,106.0,28.49
2015,504,11601,,
2014,360,11601,146.0,40.56
2013,360,11601,138.0,38.33
2012,408,11601,161.0,39.46
2011,480,11601,,
2010,489,11601,,
2009,480,11601,,
2008,476,11601,,
2024,360,11701,139.0,38.61
2023,360,11701,119.0,33.06
2022,360,11701,87.0,24.17
2021,360,11701,106.0,29.44
2020,396,11701,111.0,28.03
2019,372,11701,125.0,33.6
2018,360,11701,124.0,34.44
2017,366,11701,175.0,47.81
2016,372,11701,106.0,28.49
2015,504,11701,,
2014,360,11701,145.0,40.28
2013,360,11701,138.0,38.33
2012,408,11701,160.0,39.22
2011,480,11701,,
2010,489,11701,,
2009,480,11701,,
2008,476,11701,,
2024,360,11801,139.0,38.61
2023,360,11801,118.0,32.78
2022,360,11801,86.0,23.89
2021,360,11801,105.0,29.17
2020,396,11801,111.0,28.03
2019,372,11801,125.0,33.6
2018,360,11801,123.0,34.17
2017,366,11801,174.0,47.54
2016,372,11801,106.0,28.49
2015,504,11801,,
2014,360,11801,145.0,40.28
2013,360,11801,138.0,38.33
2012,408,11801,160.0,39.22
2011,480,11801,,
2010,489,11801,,
2009,480,11801,,
2008,476,11801,,
2024,360,11901,139.0,38.61
2023,360,11901,118.0,32.78
2022,360,11901,86.0,23.89
2021,360,11901,105.0,29.17
2020,396,11901,111.0,28.03
2019,372,11901,125.0,33.6
2018,360,11901,123.0,34.17
2017,366,11901,174.0,47.54
2016,372,11901,105.0,28.23
2015,504,11901,,
2014,360,11901,145.0,40.28
2013,360,11901,138.0,38.33
2012,408,11901,160.0,39.22
2011,480,11901,,
2010,489,11901,,
2009,480,11901,,
2008,476,11901,,
2024,360,12001,138.0,38.33
2023,360,12001,118.0,32.78
2022,360,12001,86.0,23.89
2021,360,12001,105.0,29.17
2020,396,12001,110.0,27.78
2019,372,12001,124.0,33.33
2018,360,12001,123.0,34.17
2017,366,12001,174.0,47.54
2016,372,12001,105.0,28.23
2015,504,12001,,
2014,360,12001,144.0,40.0
2013,360,12001,137.0,38.06
2012,408,12001,159.0,38.97
2011,480,12001,,
2010,489,12001,,
2009,480,12001,,
2008,476,12001,,
2024,360,12101,138.0,38.33
2023,360,12101,117.0,32.5
2022,360,12101,85.0,23.61
2021,360,12101,104.0,28.89
2020,396,12101,110.0,27.78
2019,372,12101,124.0,33.33
2018,360,12101,122.0,33.89
2017,366,12101,173.0,47.27
2016,372,12101,105.0,28.23
2015,504,12101,,
2014,360,12101,144.0,40.0
2013,360,12101,137.0,38.06
2012,408,12101,159.0,38.97
2011,480,12101,,
2010,489,12101,,
2009,480,12101,,
2008,476,12101,,
2024,360,12201,138.0,38.33
2023,360,12201,117.0,32.5
2022,360,12201,85.0,23.61
2021,360,12201,104.0,28.89
2020,396,12201,109.0,27.53
2019,372,12201,123.0,33.06
2018,360,12201,122.0,33.89
2017,366,12201,173.0,47.27
2016,372,12201,104.0,27.96
2015,504,12201,,
2014,360,12201,144.0,40.0
2013,360,12201,136.0,37.78
2012,408,12201,159.0,38.97
2011,480,12201,,
2010,489,12201,,
2009,480,12201,,
2008,476,12201,,
2024,360,12301,137.0,38.06
2023,360,12301,117.0,32.5
2022,360,12301,85.0,23.61
2021,360,12301,104.0,28.89
2020,396,12301,109.0,27.53
2019,372,12301,123.0,33.06
2018,360,12301,122.0,33.89
2017,366,12301,172.0,46.99
2016,372,12301,104.0,27.96
2015,504,12301,,
2014,360,12301,143.0,39.72
2013,360,12301,136.0,37.78
2012,408,12301,158.0,38.73
2011,480,12301,,
2010,489,12301,,
2009,480,12301,,
2008,476,12301,,
2024,360,12401,137.0,38.06
2023,360,12401,116.0,32.22
2022,360,12401,85.0,23.61
2021,360,12401,103.0,28.61
2020,396,12401,109.0,27.53
2019,372,12401,123.0,33.06
2018,360,12401,121.0,33.61
2017,366,12401,172.0,46.99
2016,372,12401,104.0,27.96
2015,504,12401,,
2014,360,12401,143.0,39.72
2013,360,12401,136.0,37.78
2012,408,12401,158.0,38.73
2011,480,12401,,
2010,489,12401,,
2009,480,12401,,
2008,476,12401,,
2024,360,12501,137.0,38.06
2023,360,12501,116.0,32.22
2022,360,12501,84.0,23.33
2021,360,12501,103.0,28.61
2020,396,12501,109.0,27.53
2019,372,12501,123.0,33.06
2018,360,12501,121.0,33.61
2017,366,12501,172.0,46.99
2016,372,12501,104.0,27.96
2015,504,12501,,
2014,360,12501,143.0,39.72
2013,360,12501,135.0,37.5
2012,408,12501,158.0,38.73
2011,480,12501,,
2010,489,12501,,
2009,480,12501,,
2008,476,12501,,
2024,360,12601,136.0,37.78
2023,360,12601,116.0,32.22
2022,360,12601,84.0,23.33
2021,360,12601,103.0,28.61
2020,396,12601,108.0,27.27
2019,372,12601,122.0,32.8
2018,360,12601,121.0,33.61
2017,366,12601,171.0,46.72
2016,372,12601,104.0,27.96
2015,504,12601,,
2014,360,12601,142.0,39.44
2013,360,12601,135.0,37.5
2012,408,12601,157.0,38.48
2011,480,12601,,
2010,489,12601,,
2009,480,12601,,
2008,476,12601,,
2024,360,12701,136.0,37.78
2023,360,12701,115.0,31.94
2022,360,12701,84.0,23.33
2021,360,12701,102.0,28.33
2020,396,12701,108.0,27.27
2019,372,12701,122.0,32.8
2018,360,12701,120.0,33.33
2017,366,12701,171.0,46.72
2016,372,12701,104.0,27.96
2015,504,12701,,
2014,360,12701,142.0,39.44
2013,360,12701,135.0,37.5
2012,408,12701,157.0,38.48
2011,480,12701,,
2010,489,12701,,
2009,480,12701,,
2008,476,12701,,
2024,360,12801,136.0,37.78
2023,360,12801,115.0,31.94
2022,360,12801,83.0,23.06
2021,360,12801,102.0,28.33
2020,396,12801,108.0,27.27
2019,372,12801,122.0,32.8
2018,360,12801,120.0,33.33
2017,366,12801,171.0,46.72
2016,372,12801,103.0,27.69
2015,504,12801,,
2014,360,12801,142.0,39.44
2013,360,12801,134.0,37.22
2012,408,12801,157.0,38.48
2011,480,12801,,
2010,489,12801,,
2009,480,12801,,
2008,476,12801,,
2024,360,12901,136.0,37.78
2023,360,12901,115.0,31.94
2022,360,12901,83.0,23.06
2021,360,12901,101.0,28.06
2020,396,12901,107.0,27.02
2019,372,12901,121.0,32.53
2018,360,12901,120.0,33.33
2017,366,12901,170.0,46.45
2016,372,12901,102.0,27.42
2015,504,12901,,
2014,360,12901,142.0,39.44
2013,360,12901,134.0,37.22
2012,408,12901,156.0,38.24
2011,480,12901,,
2010,489,12901,,
2009,480,12901,,
2008,476,12901,,
2024,360,13001,135.0,37.5
2023,360,13001,114.0,31.67
2022,360,13001,83.0,23.06
2021,360,13001,101.0,28.06
2020,396,13001,107.0,27.02
2019,372,13001,121.0,32.53
2018,360,13001,119.0,33.06
2017,366,13001,170.0,46.45
2016,372,13001,102.0,27.42
2015,504,13001,,
2014,360,13001,141.0,39.17
2013,360,13001,134.0,37.22
2012,408,13001,156.0,38.24
2011,480,13001,,
2010,489,13001,,
2009,480,13001,,
2008,476,13001,,
2024,360,13101,135.0,37.5
2023,360,13101,114.0,31.67
2022,360,13101,83.0,23.06
2021,360,13101,101.0,28.06
2020,396,13101,107.0,27.02
2019,372,13101,121.0,32.53
2018,360,13101,119.0,33.06
2017,366,13101,170.0,46.45
2016,372,13101,102.0,27.42
2015,504,13101,,
2014,360,13101,141.0,39.17
2013,360,13101,134.0,37.22
2012,408,13101,155.0,37.99
2011,480,13101,,
2010,489,13101,,
2009,480,13101,,
2008,476,13101,,
2024,360,13201,135.0,37.5
2023,360,13201,114.0,31.67
2022,360,13201,82.0,22.78
2021,360,13201,100.0,27.78
2020,396,13201,106.0,26.77
2019,372,13201,120.0,32.26
2018,360,13201,119.0,33.06
2017,366,13201,169.0,46.17
2016,372,13201,102.0,27.42
2015,504,13201,,
2014,360,13201,141.0,39.17
2013,360,13201,134.0,37.22
2012,408,13201,155.0,37.99
2011,480,13201,,
2010,489,13201,,
2009,480,13201,,
2008,476,13201,,
2024,360,13301,134.0,37.22
2023,360,13301,114.0,31.67
2022,360,13301,82.0,22.78
2021,360,13301,100.0,27.78
2020,396,13301,106.0,26.77
2019,372,13301,120.0,32.26
2018,360,13301,118.0,32.78
2017,366,13301,169.0,46.17
2016,372,13301,101.0,27.15
2015,504,13301,,
2014,360,13301,140.0,38.89
2013,360,13301,133.0,36.94
2012,408,13301,154.0,37.75
2011,480,13301,,
2010,489,13301,,
2009,480,13301,,
2008,476,13301,,
2024,360,13401,134.0,37.22
2023,360,13401,113.0,31.39
2022,360,13401,82.0,22.78
2021,360,13401,100.0,27.78
2020,396,13401,106.0,26.77
2019,372,13401,120.0,32.26
2018,360,13401,118.0,32.78
2017,366,13401,169.0,46.17
2016,372,13401,101.0,27.15
2015,504,13401,,
2014,360,13401,140.0,38.89
2013,360,13401,133.0,36.94
2012,408,13401,154.0,37.75
2011,480,13401,,
2010,489,13401,,
2009,480,13401,,
2008,476,13401,,
2024,360,13501,134.0,37.22
2023,360,13501,113.0,31.39
2022,360,13501,82.0,22.78
2021,360,13501,99.0,27.5
2020,396,13501,105.0,26.52
2019,372,13501,120.0,32.26
2018,360,13501,118.0,32.78
2017,366,13501,168.0,45.9
2016,372,13501,101.0,27.15
2015,504,13501,,
2014,360,13501,140.0,38.89
2013,360,13501,132.0,36.67
2012,408,13501,154.0,37.75
2011,480,13501,,
2010,489,13501,,
2009,480,13501,,
2008,476,13501,,
2024,360,13601,134.0,37.22
2023,360,13601,113.0,31.39
2022,360,13601,81.0,22.5
2021,360,13601,99.0,27.5
2020,396,13601,105.0,26.52
2019,372,13601,119.0,31.99
2018,360,13601,117.0,32.5
2017,366,13601,168.0,45.9
2016,372,13601,101.0,27.15
2015,504,13601,,
2014,360,13601,140.0,38.89
2013,360,13601,132.0,36.67
2012,408,13601,154.0,37.75
2011,480,13601,,
2010,489,13601,,
2009,480,13601,,
2008,476,13601,,
2024,360,13701,133.0,36.94
2023,360,13701,112.0,31.11
2022,360,13701,81.0,22.5
2021,360,13701,99.0,27.5
2020,396,13701,105.0,26.52
2019,372,13701,119.0,31.99
2018,360,13701,117.0,32.5
2017,366,13701,167.0,45.63
2016,372,13701,100.0,26.88
2015,504,13701,,
2014,360,13701,139.0,38.61
2013,360,13701,132.0,36.67
2012,408,13701,153.0,37.5
2011,480,13701,,
2010,489,13701,,
2009,480,13701,,
2008,476,13701,,
2024,360,13801,133.0,36.94
2023,360,13801,112.0,31.11
2022,360,13801,81.0,22.5
2021,360,13801,98.0,27.22
2020,396,13801,104.0,26.26
2019,372,13801,119.0,31.99
2018,360,13801,117.0,32.5
2017,366,13801,167.0,45.63
2016,372,13801,100.0,26.88
2015,504,13801,,
2014,360,13801,139.0,38.61
2013,360,13801,132.0,36.67
2012,408,13801,153.0,37.5
2011,480,13801,,
2010,489,13801,,
2009,480,13801,,
2008,476,13801,,
2024,360,13901,133.0,36.94
2023,360,13901,112.0,31.11
2022,360,13901,81.0,22.5
2021,360,13901,98.0,27.22
2020,396,13901,104.0,26.26
2019,372,13901,118.0,31.72
2018,360,13901,116.0,32.22
2017,366,13901,167.0,45.63
2016,372,13901,100.0,26.88
2015,504,13901,,
2014,360,13901,139.0,38.61
2013,360,13901,131.0,36.39
2012,408,13901,152.0,37.25
2011,480,13901,,
2010,489,13901,,
2009,480,13901,,
2008,476,13901,,
2024,360,14001,132.0,36.67
2023,360,14001,111.0,30.83
2022,360,14001,80.0,22.22
2021,360,14001,98.0,27.22
2020,396,14001,104.0,26.26
2019,372,14001,118.0,31.72
2018,360,14001,116.0,32.22
2017,366,14001,166.0,45.36
2016,372,14001,99.0,26.61
2015,504,14001,,
2014,360,14001,138.0,38.33
2013,360,14001,131.0,36.39
2012,408,14001,152.0,37.25
2011,480,14001,,
2010,489,14001,,
2009,480,14001,,
2008,476,14001,,
2024,360,14101,132.0,36.67
2023,360,14101,111.0,30.83
2022,360,14101,80.0,22.22
2021,360,14101,97.0,26.94
2020,396,14101,103.0,26.01
2019,372,14101,118.0,31.72
2018,360,14101,116.0,32.22
2017,366,14101,166.0,45.36
2016,372,14101,99.0,26.61
2015,504,14101,,
2014,360,14101,138.0,38.33
2013,360,14101,131.0,36.39
2012,408,14101,152.0,37.25
2011,480,14101,,
2010,489,14101,,
2009,480,14101,,
2008,476,14101,,
2024,360,14201,132.0,36.67
2023,360,14201,111.0,30.83
2022,360,14201,80.0,22.22
2021,360,14201,97.0,26.94
2020,396,14201,103.0,26.01
2019,372,14201,117.0,31.45
2018,360,14201,115.0,31.94
2017,366,14201,166.0,45.36
2016,372,14201,99.0,26.61
2015,504,14201,,
2014,360,14201,138.0,38.33
2013,360,14201,130.0,36.11
2012,408,14201,152.0,37.25
2011,480,14201,,
2010,489,14201,,
2009,480,14201,,
2008,476,14201,,
2024,360,14301,132.0,36.67
2023,360,14301,111.0,30.83
2022,360,14301,80.0,22.22
2021,360,14301,97.0,26.94
2020,396,14301,103.0,26.01
2019,372,14301,117.0,31.45
2018,360,14301,115.0,31.94
2017,366,14301,165.0,45.08
2016,372,14301,99.0,26.61
2015,504,14301,,
2014,360,14301,138.0,38.33
2013,360,14301,130.0,36.11
2012,408,14301,151.0,37.01
2011,480,14301,,
2010,489,14301,,
2009,480,14301,,
2008,476,14301,,
2024,360,14401,131.0,36.39
2023,360,14401,110.0,30.56
2022,360,14401,79.0,21.94
2021,360,14401,96.0,26.67
2020,396,14401,103.0,26.01
2019,372,14401,117.0,31.45
2018,360,14401,115.0,31.94
2017,366,14401,165.0,45.08
2016,372,14401,98.0,26.34
2015,504,14401,,
2014,360,14401,137.0,38.06
2013,360,14401,130.0,36.11
2012,408,14401,151.0,37.01
2011,480,14401,,
2010,489,14401,,
2009,480,14401,,
2008,476,14401,,
2024,360,14501,131.0,36.39
2023,360,14501,110.0,30.56
2022,360,14501,79.0,21.94
2021,360,14501,96.0,26.67
2020,396,14501,102.0,25.76
2019,372,14501,117.0,31.45
2018,360,14501,115.0,31.94
2017,366,14501,165.0,45.08
2016,372,14501,98.0,26.34
2015,504,14501,,
2014,360,14501,137.0,38.06
2013,360,14501,130.0,36.11
2012,408,14501,151.0,37.01
2011,480,14501,,
2010,489,14501,,
2009,480,14501,,
2008,476,14501,,
2024,360,14601,131.0,36.39
2023,360,14601,110.0,30.56
2022,360,14601,79.0,21.94
2021,360,14601,96.0,26.67
2020,396,14601,102.0,25.76
2019,372,14601,116.0,31.18
2018,360,14601,114.0,31.67
2017,366,14601,164.0,44.81
2016,372,14601,98.0,26.34
2015,504,14601,,
2014,360,14601,137.0,38.06
2013,360,14601,129.0,35.83
2012,408,14601,150.0,36.76
2011,480,14601,,
2010,489,14601,,
2009,480,14601,,
2008,476,14601,,
2024,360,14701,131.0,36.39
2023,360,14701,110.0,30.56
2022,360,14701,79.0,21.94
2021,360,14701,95.0,26.39
2020,396,14701,102.0,25.76
2019,372,14701,116.0,31.18
2018,360,14701,114.0,31.67
2017,366,14701,164.0,44.81
2016,372,14701,98.0,26.34
2015,504,14701,,
2014,360,14701,137.0,38.06
2013,360,14701,129.0,35.83
2012,408,14701,150.0,36.76
2011,480,14701,,
2010,489,14701,,
2009,480,14701,,
2008,476,14701,,
2024,360,14801,130.0,36.11
2023,360,14801,109.0,30.28
2022,360,14801,79.0,21.94
2021,360,14801,95.0,26.39
2020,396,14801,101.0,25.51
2019,372,14801,116.0,31.18
2018,360,14801,114.0,31.67
2017,366,14801,164.0,44.81
2016,372,14801,97.0,26.08
2015,504,14801,,
2014,360,14801,136.0,37.78
2013,360,14801,129.0,35.83
2012,408,14801,150.0,36.76
2011,480,14801,,
2010,489,14801,,
2009,480,14801,,
2008,476,14801,,
2024,360,14901,130.0,36.11
2023,360,14901,109.0,30.28
2022,360,14901,78.0,21.67
2021,360,14901,95.0,26.39
2020,396,14901,101.0,25.51
2019,372,14901,116.0,31.18
2018,360,14901,113.0,31.39
2017,366,14901,163.0,44.54
2016,372,14901,97.0,26.08
2015,504,14901,,
2014,360,14901,136.0,37.78
2013,360,14901,128.0,35.56
2012,408,14901,149.0,36.52
2011,480,14901,,
2010,489,14901,,
2009,480,14901,,
2008,476,14901,,
2024,360,15001,130.0,36.11
2023,360,15001,109.0,30.28
2022,360,15001,78.0,21.67
2021,360,15001,94.0,26.11
2020,396,15001,101.0,25.51
2019,372,15001,115.0,30.91
2018,360,15001,113.0,31.39
2017,366,15001,163.0,44.54
2016,372,15001,97.0,26.08
2015,504,15001,,
2014,360,15001,136.0,37.78
2013,360,15001,128.0,35.56
2012,408,15001,149.0,36.52
2011,480,15001,,
2010,489,15001,,
2009,480,15001,,
2008,476,15001,,
2024,360,15101,130.0,36.11
2023,360,15101,108.0,30.0
2022,360,15101,78.0,21.67
2021,360,15101,94.0,26.11
2020,396,15101,101.0,25.51
2019,372,15101,115.0,30.91
2018,360,15101,113.0,31.39
2017,366,15101,163.0,44.54
2016,372,15101,97.0,26.08
2015,504,15101,,
2014,360,15101,136.0,37.78
2013,360,15101,128.0,35.56
2012,408,15101,149.0,36.52
2011,480,15101,,
2010,489,15101,,
2009,480,15101,,
2008,476,15101,,
2024,360,15201,129.0,35.83
2023,360,15201,108.0,30.0
2022,360,15201,78.0,21.67
2021,360,15201,94.0,26.11
2020,396,15201,100.0,25.25
2019,372,15201,115.0,30.91
2018,360,15201,113.0,31.39
2017,366,15201,163.0,44.54
2016,372,15201,96.0,25.81
2015,504,15201,,
2014,360,15201,135.0,37.5
2013,360,15201,128.0,35.56
2012,408,15201,148.0,36.27
2011,480,15201,,
2010,489,15201,,
2009,480,15201,,
2008,476,15201,,
2024,360,15301,129.0,35.83
2023,360,15301,108.0,30.0
2022,360,15301,77.0,21.39
2021,360,15301,94.0,26.11
2020,396,15301,100.0,25.25
2019,372,15301,114.0,30.65
2018,360,15301,112.0,31.11
2017,366,15301,162.0,44.26
2016,372,15301,96.0,25.81
2015,504,15301,,
2014,360,15301,135.0,37.5
2013,360,15301,127.0,35.28
2012,408,15301,148.0,36.27
2011,480,15301,,
2010,489,15301,,
2009,480,15301,,
2008,476,15301,,
2024,360,15401,129.0,35.83
2023,360,15401,108.0,30.0
2022,360,15401,77.0,21.39
2021,360,15401,93.0,25.83
2020,396,15401,100.0,25.25
2019,372,15401,114.0,30.65
2018,360,15401,112.0,31.11
2017,366,15401,162.0,44.26
2016,372,15401,96.0,25.81
2015,504,15401,,
2014,360,15401,135.0,37.5
2013,360,15401,127.0,35.28
2012,408,15401,148.0,36.27
2011,480,15401,,
2010,489,15401,,
2009,480,15401,,
2008,476,15401,,
2024,360,15501,129.0,35.83
2023,360,15501,107.0,29.72
2022,360,15501,77.0,21.39
2021,360,15501,93.0,25.83
2020,396,15501,99.0,25.0
2019,372,15501,114.0,30.65
2018,360,15501,112.0,31.11
2017,366,15501,162.0,44.26
2016,372,15501,96.0,25.81
2015,504,15501,,
2014,360,15501,135.0,37.5
2013,360,15501,127.0,35.28
2012,408,15501,147.0,36.03
2011,480,15501,,
2010,489,15501,,
2009,480,15501,,
2008,476,15501,,
2024,360,15601,128.0,35.56
2023,360,15601,107.0,29.72
2022,360,15601,77.0,21.39
2021,360,15601,93.0,25.83
2020,396,15601,99.0,25.0
2019,372,15601,114.0,30.65
2018,360,15601,111.0,30.83
2017,366,15601,161.0,43.99
2016,372,15601,95.0,25.54
2015,504,15601,,
2014,360,15601,134.0,37.22
2013,360,15601,126.0,35.0
2012,408,15601,147.0,36.03
2011,480,15601,,
2010,489,15601,,
2009,480,15601,,
2008,476,15601,,
2024,360,15701,128.0,35.56
2023,360,15701,107.0,29.72
2022,360,15701,76.0,21.11
2021,360,15701,92.0,25.56
2020,396,15701,99.0,25.0
2019,372,15701,113.0,30.38
2018,360,15701,111.0,30.83
2017,366,15701,161.0,43.99
2016,372,15701,95.0,25.54
2015,504,15701,,
2014,360,15701,134.0,37.22
2013,360,15701,126.0,35.0
2012,408,15701,147.0,36.03
2011,480,15701,,
2010,489,15701,,
2009,480,15701,,
2008,476,15701,,
2024,360,15801,128.0,35.56
2023,360,15801,107.0,29.72
2022,360,15801,76.0,21.11
2021,360,15801,92.0,25.56
2020,396,15801,99.0,25.0
2019,372,15801,113.0,30.38
2018,360,15801,111.0,30.83
2017,366,15801,161.0,43.99
2016,372,15801,95.0,25.54
2015,504,15801,,
2014,360,15801,134.0,37.22
2013,360,15801,126.0,35.0
2012,408,15801,146.0,35.78
2011,480,15801,,
2010,489,15801,,
2009,480,15801,,
2008,476,15801,,
2024,360,15901,128.0,35.56
2023,360,15901,106.0,29.44
2022,360,15901,76.0,21.11
2021,360,15901,92.0,25.56
2020,396,15901,98.0,24.75
2019,372,15901,113.0,30.38
2018,360,15901,110.0,30.56
2017,366,15901,160.0,43.72
2016,372,15901,95.0,25.54
2015,504,15901,,
2014,360,15901,134.0,37.22
2013,360,15901,126.0,35.0
2012,408,15901,146.0,35.78
2011,480,15901,,
2010,489,15901,,
2009,480,15901,,
2008,476,15901,,
2024,360,16001,128.0,35.56
2023,360,16001,106.0,29.44
2022,360,16001,76.0,21.11
2021,360,16001,91.0,25.28
2020,396,16001,98.0,24.75
2019,372,16001,113.0,30.38
2018,360,16001,110.0,30.56
2017,366,16001,160.0,43.72
2016,372,16001,95.0,25.54
2015,504,16001,,
2014,360,16001,133.0,36.94
2013,360,16001,125.0,34.72
2012,408,16001,146.0,35.78
2011,480,16001,,
2010,489,16001,,
2009,480,16001,,
2008,476,16001,,
2024,360,16101,127.0,35.28
2023,360,16101,106.0,29.44
2022,360,16101,75.0,20.83
2021,360,16101,91.0,25.28
2020,396,16101,98.0,24.75
2019,372,16101,112.0,30.11
2018,360,16101,110.0,30.56
2017,366,16101,160.0,43.72
2016,372,16101,94.0,25.27
2015,504,16101,,
2014,360,16101,133.0,36.94
2013,360,16101,,
2012,408,16101,145.0,35.54
2011,480,16101,,
2010,489,16101,,
2009,480,16101,,
2008,476,16101,,
2024,360,16201,127.0,35.28
2023,360,16201,106.0,29.44
2022,360,16201,75.0,20.83
2021,360,16201,91.0,25.28
2020,396,16201,97.0,24.49
2019,372,16201,112.0,30.11
2018,360,16201,110.0,30.56
2017,366,16201,159.0,43.44
2016,372,16201,94.0,25.27
2015,504,16201,,
2014,360,16201,133.0,36.94
2013,360,16201,,
2012,408,16201,145.0,35.54
2011,480,16201,,
2010,489,16201,,
2009,480,16201,,
2008,476,16201,,
2024,360,16301,127.0,35.28
2023,360,16301,105.0,29.17
2022,360,16301,75.0,20.83
2021,360,16301,91.0,25.28
2020,396,16301,97.0,24.49
2019,372,16301,112.0,30.11
2018,360,16301,109.0,30.28
2017,366,16301,159.0,43.44
2016,372,16301,94.0,25.27
2015,504,16301,,
2014,360,16301,133.0,36.94
2013,360,16301,,
2012,408,16301,145.0,35.54
2011,480,16301,,
2010,489,16301,,
2009,480,16301,,
2008,476,16301,,
2024,360,16401,127.0,35.28
2023,360,16401,105.0,29.17
2022,360,16401,75.0,20.83
2021,360,16401,90.0,25.0
2020,396,16401,97.0,24.49
2019,372,16401,112.0,30.11
2018,360,16401,109.0,30.28
2017,366,16401,159.0,43.44
2016,372,16401,93.0,25.0
2015,504,16401,,
2014,360,16401,132.0,36.67
2013,360,16401,,
2012,408,16401,145.0,35.54
2011,480,16401,,
2010,489,16401,,
2009,480,16401,,
2008,476,16401,,
2024,360,16501,126.0,35.0
2023,360,16501,105.0,29.17
2022,360,16501,75.0,20.83
2021,360,16501,90.0,25.0
2020,396,16501,97.0,24.49
2019,372,16501,111.0,29.84
2018,360,16501,109.0,30.28
2017,366,16501,159.0,43.44
2016,372,16501,93.0,25.0
2015,504,16501,,
2014,360,16501,132.0,36.67
2013,360,16501,,
2012,408,16501,144.0,35.29
2011,480,16501,,
2010,489,16501,,
2009,480,16501,,
2008,476,16501,,
2024,360,16601,126.0,35.0
2023,360,16601,105.0,29.17
2022,360,16601,74.0,20.56
2021,360,16601,90.0,25.0
2020,396,16601,96.0,24.24
2019,372,16601,111.0,29.84
2018,360,16601,109.0,30.28
2017,366,16601,158.0,43.17
2016,372,16601,93.0,25.0
2015,504,16601,,
2014,360,16601,132.0,36.67
2013,360,16601,,
2012,408,16601,144.0,35.29
2011,480,16601,,
2010,489,16601,,
2009,480,16601,,
2008,476,16601,,
2024,360,16701,126.0,35.0
2023,360,16701,104.0,28.89
2022,360,16701,74.0,20.56
2021,360,16701,89.0,24.72
2020,396,16701,96.0,24.24
2019,372,16701,111.0,29.84
2018,360,16701,108.0,30.0
2017,366,16701,158.0,43.17
2016,372,16701,93.0,25.0
2015,504,16701,,
2014,360,16701,132.0,36.67
2013,360,16701,,
2012,408,16701,144.0,35.29
2011,480,16701,,
2010,489,16701,,
2009,480,16701,,
2008,476,16701,,
2024,360,16801,126.0,35.0
2023,360,16801,104.0,28.89
2022,360,16801,74.0,20.56
2021,360,16801,89.0,24.72
2020,396,16801,96.0,24.24
2019,372,16801,110.0,29.57
2018,360,16801,108.0,30.0
2017,366,16801,158.0,43.17
2016,372,16801,92.0,24.73
2015,504,16801,,
2014,360,16801,131.0,36.39
2013,360,16801,,
2012,408,16801,143.0,35.05
2011,480,16801,,
2010,489,16801,,
2009,480,16801,,
2008,476,16801,,
2024,360,16901,125.0,34.72
2023,360,16901,104.0,28.89
2022,360,16901,74.0,20.56
2021,360,16901,89.0,24.72
2020,396,16901,96.0,24.24
2019,372,16901,110.0,29.57
2018,360,16901,108.0,30.0
2017,366,16901,157.0,42.9
2016,372,16901,92.0,24.73
2015,504,16901,,
2014,360,16901,131.0,36.39
2013,360,16901,,
2012,408,16901,143.0,35.05
2011,480,16901,,
2010,489,16901,,
2009,480,16901,,
2008,476,16901,,
2024,360,17001,125.0,34.72
2023,360,17001,104.0,28.89
2022,360,17001,74.0,20.56
2021,360,17001,89.0,24.72
2020,396,17001,95.0,23.99
2019,372,17001,110.0,29.57
2018,360,17001,107.0,29.72
2017,366,17001,157.0,42.9
2016,372,17001,92.0,24.73
2015,504,17001,,
2014,360,17001,131.0,36.39
2013,360,17001,,
2012,408,17001,143.0,35.05
2011,480,17001,,
2010,489,17001,,
2009,480,17001,,
2008,476,17001,,
2024,360,17101,125.0,34.72
2023,360,17101,104.0,28.89
2022,360,17101,73.0,20.28
2021,360,17101,88.0,24.44
2020,396,17101,95.0,23.99
2019,372,17101,110.0,29.57
2018,360,17101,107.0,29.72
2017,366,17101,157.0,42.9
2016,372,17101,92.0,24.73
2015,504,17101,,
2014,360,17101,131.0,36.39
2013,360,17101,,
2012,408,17101,143.0,35.05
2011,480,17101,,
2010,489,17101,,
2009,480,17101,,
2008,476,17101,,
2024,360,17201,125.0,34.72
2023,360,17201,103.0,28.61
2022,360,17201,73.0,20.28
2021,360,17201,88.0,24.44
2020,396,17201,95.0,23.99
2019,372,17201,110.0,29.57
2018,360,17201,107.0,29.72
2017,366,17201,157.0,42.9
2016,372,17201,92.0,24.73
2015,504,17201,,
2014,360,17201,131.0,36.39
2013,360,17201,,
2012,408,17201,142.0,34.8
2011,480,17201,,
2010,489,17201,,
2009,480,17201,,
2008,476,17201,,
2024,360,17301,125.0,34.72
2023,360,17301,103.0,28.61
2022,360,17301,73.0,20.28
2021,360,17301,88.0,24.44
2020,396,17301,95.0,23.99
2019,372,17301,109.0,29.3
2018,360,17301,107.0,29.72
2017,366,17301,156.0,42.62
2016,372,17301,91.0,24.46
2015,504,17301,,
2014,360,17301,130.0,36.11
2013,360,17301,,
2012,408,17301,142.0,34.8
2011,480,17301,,
2010,489,17301,,
2009,480,17301,,
2008,476,17301,,
2024,360,17401,124.0,34.44
2023,360,17401,103.0,28.61
2022,360,17401,73.0,20.28
2021,360,17401,88.0,24.44
2020,396,17401,94.0,23.74
2019,372,17401,109.0,29.3
2018,360,17401,106.0,29.44
2017,366,17401,156.0,42.62
2016,372,17401,91.0,24.46
2015,504,17401,,
2014,360,17401,130.0,36.11
2013,360,17401,,
2012,408,17401,142.0,34.8
2011,480,17401,,
2010,489,17401,,
2009,480,17401,,
2008,476,17401,,
2024,360,17501,124.0,34.44
2023,360,17501,103.0,28.61
2022,360,17501,73.0,20.28
2021,360,17501,87.0,24.17
2020,396,17501,94.0,23.74
2019,372,17501,109.0,29.3
2018,360,17501,106.0,29.44
2017,366,17501,156.0,42.62
2016,372,17501,91.0,24.46
2015,504,17501,,
2014,360,17501,130.0,36.11
2013,360,17501,,
2012,408,17501,141.0,34.56
2011,480,17501,,
2010,489,17501,,
2009,480,17501,,
2008,476,17501,,
2024,360,17601,124.0,34.44
2023,360,17601,102.0,28.33
2022,360,17601,72.0,20.0
2021,360,17601,87.0,24.17
2020,396,17601,94.0,23.74
2019,372,17601,109.0,29.3
2018,360,17601,106.0,29.44
2017,366,17601,155.0,42.35
2016,372,17601,91.0,24.46
2015,504,17601,,
2014,360,17601,130.0,36.11
2013,360,17601,,
2012,408,17601,141.0,34.56
2011,480,17601,,
2010,489,17601,,
2009,480,17601,,
2008,476,17601,,
2024,360,17701,124.0,34.44
2023,360,17701,102.0,28.33
2022,360,17701,72.0,20.0
2021,360,17701,87.0,24.17
2020,396,17701,94.0,23.74
2019,372,17701,108.0,29.03
2018,360,17701,105.0,29.17
2017,366,17701,155.0,42.35
2016,372,17701,90.0,24.19
2015,504,17701,,
2014,360,17701,129.0,35.83
2013,360,17701,,
2012,408,17701,141.0,34.56
2011,480,17701,,
2010,489,17701,,
2009,480,17701,,
2008,476,17701,,
2024,360,17801,123.0,34.17
2023,360,17801,102.0,28.33
2022,360,17801,72.0,20.0
2021,360,17801,87.0,24.17
2020,396,17801,93.0,23.48
2019,372,17801,108.0,29.03
2018,360,17801,105.0,29.17
2017,366,17801,155.0,42.35
2016,372,17801,90.0,24.19
2015,504,17801,,
2014,360,17801,129.0,35.83
2013,360,17801,,
2012,408,17801,141.0,34.56
2011,480,17801,,
2010,489,17801,,
2009,480,17801,,
2008,476,17801,,
2024,360,17901,123.0,34.17
2023,360,17901,102.0,28.33
2022,360,17901,72.0,20.0
2021,360,17901,86.0,23.89
2020,396,17901,93.0,23.48
2019,372,17901,108.0,29.03
2018,360,17901,105.0,29.17
2017,366,17901,155.0,42.35
2016,372,17901,90.0,24.19
2015,504,17901,,
2014,360,17901,129.0,35.83
2013,360,17901,,
2012,408,17901,140.0,34.31
2011,480,17901,,
2010,489,17901,,
2009,480,17901,,
2008,476,17901,,
2024,360,18001,123.0,34.17
2023,360,18001,101.0,28.06
2022,360,18001,72.0,20.0
2021,360,18001,86.0,23.89
2020,396,18001,93.0,23.48
2019,372,18001,108.0,29.03
2018,360,18001,105.0,29.17
2017,366,18001,154.0,42.08
2016,372,18001,90.0,24.19
2015,504,18001,,
2014,360,18001,129.0,35.83
2013,360,18001,,
2012,408,18001,140.0,34.31
2011,480,18001,,
2010,489,18001,,
2009,480,18001,,
2008,476,18001,,
2024,360,18101,123.0,34.17
2023,360,18101,101.0,28.06
2022,360,18101,71.0,19.72
2021,360,18101,86.0,23.89
2020,396,18101,93.0,23.48
2019,372,18101,107.0,28.76
2018,360,18101,104.0,28.89
2017,366,18101,154.0,42.08
2016,372,18101,90.0,24.19
2015,504,18101,,
2014,360,18101,128.0,35.56
2013,360,18101,,
2012,408,18101,140.0,34.31
2011,480,18101,,
2010,489,18101,,
2009,480,18101,,
2008,476,18101,,
2024,360,18201,123.0,34.17
2023,360,18201,101.0,28.06
2022,360,18201,71.0,19.72
2021,360,18201,85.0,23.61
2020,396,18201,92.0,23.23
2019,372,18201,107.0,28.76
2018,360,18201,104.0,28.89
2017,366,18201,154.0,42.08
2016,372,18201,89.0,23.92
2015,504,18201,,
2014,360,18201,128.0,35.56
2013,360,18201,,
2012,408,18201,139.0,34.07
2011,480,18201,,
2010,489,18201,,
2009,480,18201,,
2008,476,18201,,
2024,360,18301,122.0,33.89
2023,360,18301,101.0,28.06
2022,360,18301,71.0,19.72
2021,360,18301,85.0,23.61
2020,396,18301,92.0,23.23
2019,372,18301,107.0,28.76
2018,360,18301,104.0,28.89
2017,366,18301,154.0,42.08
2016,372,18301,89.0,23.92
2015,504,18301,,
2014,360,18301,128.0,35.56
2013,360,18301,,
2012,408,18301,139.0,34.07
2011,480,18301,,
2010,489,18301,,
2009,480,18301,,
2008,476,18301,,
2024,360,18401,122.0,33.89
2023,360,18401,100.0,27.78
2022,360,18401,71.0,19.72
2021,360,18401,85.0,23.61
2020,396,18401,92.0,23.23
2019,372,18401,107.0,28.76
2018,360,18401,104.0,28.89
2017,366,18401,154.0,42.08
2016,372,18401,89.0,23.92
2015,504,18401,,
2014,360,18401,128.0,35.56
2013,360,18401,,
2012,408,18401,139.0,34.07
2011,480,18401,,
2010,489,18401,,
2009,480,18401,,
2008,476,18401,,
2024,360,18501,122.0,33.89
2023,360,18501,100.0,27.78
2022,360,18501,71.0,19.72
2021,360,18501,85.0,23.61
2020,396,18501,92.0,23.23
2019,372,18501,106.0,28.49
2018,360,18501,103.0,28.61
2017,366,18501,153.0,41.8
2016,372,18501,89.0,23.92
2015,504,18501,,
2014,360,18501,128.0,35.56
2013,360,18501,,
2012,408,18501,138.0,33.82
2011,480,18501,,
2010,489,18501,,
2009,480,18501,,
2008,476,18501,,
2024,360,18601,122.0,33.89
2023,360,18601,100.0,27.78
2022,360,18601,71.0,19.72
2021,360,18601,85.0,23.61
2020,396,18601,91.0,22.98
2019,372,18601,106.0,28.49
2018,360,18601,103.0,28.61
2017,366,18601,153.0,41.8
2016,372,18601,88.0,23.66
2015,504,18601,,
2014,360,18601,127.0,35.28
2013,360,18601,,
2012,408,18601,,
2011,480,18601,,
2010,489,18601,,
2009,480,18601,,
2008,476,18601,,
2024,360,18701,122.0,33.89
2023,360,18701,100.0,27.78
2022,360,18701,70.0,19.44
2021,360,18701,84.0,23.33
2020,396,18701,91.0,22.98
2019,372,18701,106.0,28.49
2018,360,18701,103.0,28.61
2017,366,18701,152.0,41.53
2016,372,18701,88.0,23.66
2015,504,18701,,
2014,360,18701,127.0,35.28
2013,360,18701,,
2012,408,18701,,
2011,480,18701,,
2010,489,18701,,
2009,480,18701,,
2008,476,18701,,
2024,360,18801,121.0,33.61
2023,360,18801,100.0,27.78
2022,360,18801,70.0,19.44
2021,360,18801,84.0,23.33
2020,396,18801,91.0,22.98
2019,372,18801,106.0,28.49
2018,360,18801,102.0,28.33
2017,366,18801,152.0,41.53
2016,372,18801,88.0,23.66
2015,504,18801,,
2014,360,18801,127.0,35.28
2013,360,18801,,
2012,408,18801,,
2011,480,18801,,
2010,489,18801,,
2009,480,18801,,
2008,476,18801,,
2024,360,18901,121.0,33.61
2023,360,18901,99.0,27.5
2022,360,18901,70.0,19.44
2021,360,18901,84.0,23.33
2020,396,18901,91.0,22.98
2019,372,18901,106.0,28.49
2018,360,18901,102.0,28.33
2017,366,18901,152.0,41.53
2016,372,18901,88.0,23.66
2015,504,18901,,
2014,360,18901,127.0,35.28
2013,360,18901,,
2012,408,18901,,
2011,480,18901,,
2010,489,18901,,
2009,480,18901,,
2008,476,18901,,
2024,360,19001,121.0,33.61
2023,360,19001,99.0,27.5
2022,360,19001,70.0,19.44
2021,360,19001,83.0,23.06
2020,396,19001,91.0,22.98
2019,372,19001,105.0,28.23
2018,360,19001,102.0,28.33
2017,366,19001,152.0,41.53
2016,372,19001,88.0,23.66
2015,504,19001,,
2014,360,19001,126.0,35.0
2013,360,19001,,
2012,408,19001,,
2011,480,19001,,
2010,489,19001,,
2009,480,19001,,
2008,476,19001,,
2024,360,19101,121.0,33.61
2023,360,19101,99.0,27.5
2022,360,19101,70.0,19.44
2021,360,19101,83.0,23.06
2020,396,19101,90.0,22.73
2019,372,19101,105.0,28.23
2018,360,19101,102.0,28.33
2017,366,19101,151.0,41.26
2016,372,19101,87.0,23.39
2015,504,19101,,
2014,360,19101,126.0,35.0
2013,360,19101,,
2012,408,19101,,
2011,480,19101,,
2010,489,19101,,
2009,480,19101,,
2008,476,19101,,
2024,360,19201,121.0,33.61
2023,360,19201,99.0,27.5
2022,360,19201,69.0,19.17
2021,360,19201,83.0,23.06
2020,396,19201,90.0,22.73
2019,372,19201,105.0,28.23
2018,360,19201,101.0,28.06
2017,366,19201,151.0,41.26
2016,372,19201,87.0,23.39
2015,504,19201,,
2014,360,19201,126.0,35.0
2013,360,19201,,
2012,408,19201,,
2011,480,19201,,
2010,489,19201,,
2009,480,19201,,
2008,476,19201,,
2024,360,19301,120.0,33.33
2023,360,19301,99.0,27.5
2022,360,19301,69.0,19.17
2021,360,19301,83.0,23.06
2020,396,19301,90.0,22.73
2019,372,19301,105.0,28.23
2018,360,19301,101.0,28.06
2017,366,19301,151.0,41.26
2016,372,19301,87.0,23.39
2015,504,19301,,
2014,360,19301,126.0,35.0
2013,360,19301,,
2012,408,19301,,
2011,480,19301,,
2010,489,19301,,
2009,480,19301,,
2008,476,19301,,
2024,360,19401,120.0,33.33
2023,360,19401,98.0,27.22
2022,360,19401,69.0,19.17
2021,360,19401,83.0,23.06
2020,396,19401,90.0,22.73
2019,372,19401,104.0,27.96
2018,360,19401,101.0,28.06
2017,366,19401,151.0,41.26
2016,372,19401,87.0,23.39
2015,504,19401,,
2014,360,19401,126.0,35.0
2013,360,19401,,
2012,408,19401,,
2011,480,19401,,
2010,489,19401,,
2009,480,19401,,
2008,476,19401,,
2024,360,19501,120.0,33.33
2023,360,19501,98.0,27.22
2022,360,19501,69.0,19.17
2021,360,19501,82.0,22.78
2020,396,19501,89.0,22.47
2019,372,19501,104.0,27.96
2018,360,19501,101.0,28.06
2017,366,19501,150.0,40.98
2016,372,19501,86.0,23.12
2015,504,19501,,
2014,360,19501,125.0,34.72
2013,360,19501,,
2012,408,19501,,
2011,480,19501,,
2010,489,19501,,
2009,480,19501,,
2008,476,19501,,
2024,360,19601,120.0,33.33
2023,360,19601,98.0,27.22
2022,360,19601,69.0,19.17
2021,360,19601,82.0,22.78
2020,396,19601,89.0,22.47
2019,372,19601,104.0,27.96
2018,360,19601,101.0,28.06
2017,366,19601,150.0,40.98
2016,372,19601,86.0,23.12
2015,504,19601,,
2014,360,19601,,
2013,360,19601,,
2012,408,19601,,
2011,480,19601,,
2010,489,19601,,
2009,480,19601,,
2008,476,19601,,
2024,360,19701,120.0,33.33
2023,360,19701,98.0,27.22
2022,360,19701,68.0,18.89
2021,360,19701,82.0,22.78
2020,396,19701,89.0,22.47
2019,372,19701,104.0,27.96
2018,360,19701,100.0,27.78
2017,366,19701,150.0,40.98
2016,372,19701,86.0,23.12
2015,504,19701,,
2014,360,19701,,
2013,360,19701,,
2012,408,19701,,
2011,480,19701,,
2010,489,19701,,
2009,480,19701,,
2008,476,19701,,
2024,360,19801,119.0,33.06
2023,360,19801,97.0,26.94
2022,360,19801,68.0,18.89
2021,360,19801,82.0,22.78
2020,396,19801,89.0,22.47
2019,372,19801,104.0,27.96
2018,360,19801,100.0,27.78
2017,366,19801,150.0,40.98
2016,372,19801,86.0,23.12
2015,504,19801,,
2014,360,19801,,
2013,360,19801,,
2012,408,19801,,
2011,480,19801,,
2010,489,19801,,
2009,480,19801,,
2008,476,19801,,
2024,360,19901,119.0,33.06
2023,360,19901,97.0,26.94
2022,360,19901,68.0,18.89
2021,360,19901,81.0,22.5
2020,396,19901,89.0,22.47
2019,372,19901,103.0,27.69
2018,360,19901,100.0,27.78
2017,366,19901,149.0,40.71
2016,372,19901,86.0,23.12
2015,504,19901,,
2014,360,19901,,
2013,360,19901,,
2012,408,19901,,
2011,480,19901,,
2010,489,19901,,
2009,480,19901,,
2008,476,19901,,
2024,360,20001,119.0,33.06
2023,360,20001,97.0,26.94
2022,360,20001,68.0,18.89
2021,360,20001,81.0,22.5
2020,396,20001,88.0,22.22
2019,372,20001,103.0,27.69
2018,360,20001,99.0,27.5
2017,366,20001,149.0,40.71
2016,372,20001,86.0,23.12
2015,504,20001,,
2014,360,20001,,
2013,360,20001,,
2012,408,20001,,
2011,480,20001,,
2010,489,20001,,
2009,480,20001,,
2008,476,20001,,
2024,360,20101,119.0,33.06
2023,360,20101,97.0,26.94
2022,360,20101,68.0,18.89
2021,360,20101,81.0,22.5
2020,396,20101,88.0,22.22
2019,372,20101,103.0,27.69
2018,360,20101,99.0,27.5
2017,366,20101,149.0,40.71
2016,372,20101,85.0,22.85
2015,504,20101,,
2014,360,20101,,
2013,360,20101,,
2012,408,20101,,
2011,480,20101,,
2010,489,20101,,
2009,480,20101,,
2008,476,20101,,
2024,360,20201,118.0,32.78
2023,360,20201,97.0,26.94
2022,360,20201,68.0,18.89
2021,360,20201,81.0,22.5
2020,396,20201,88.0,22.22
2019,372,20201,103.0,27.69
2018,360,20201,99.0,27.5
2017,366,20201,149.0,40.71
2016,372,20201,85.0,22.85
2015,504,20201,,
2014,360,20201,,
2013,360,20201,,
2012,408,20201,,
2011,480,20201,,
2010,489,20201,,
2009,480,20201,,
2008,476,20201,,
2024,360,20301,118.0,32.78
2023,360,20301,96.0,26.67
2022,360,20301,67.0,18.61
2021,360,20301,81.0,22.5
2020,396,20301,88.0,22.22
2019,372,20301,102.0,27.42
2018,360,20301,99.0,27.5
2017,366,20301,148.0,40.44
2016,372,20301,85.0,22.85
2015,504,20301,,
2014,360,20301,,
2013,360,20301,,
2012,408,20301,,
2011,480,20301,,
2010,489,20301,,
2009,480,20301,,
2008,476,20301,,
2024,360,20401,118.0,32.78
2023,360,20401,96.0,26.67
2022,360,20401,67.0,18.61
2021,360,20401,80.0,22.22
2020,396,20401,87.0,21.97
2019,372,20401,102.0,27.42
2018,360,20401,98.0,27.22
2017,366,20401,148.0,40.44
2016,372,20401,85.0,22.85
2015,504,20401,,
2014,360,20401,,
2013,360,20401,,
2012,408,20401,,
2011,480,20401,,
2010,489,20401,,
2009,480,20401,,
2008,476,20401,,
2024,360,20501,118.0,32.78
2023,360,20501,96.0,26.67
2022,360,20501,67.0,18.61
2021,360,20501,80.0,22.22
2020,396,20501,87.0,21.97
2019,372,20501,102.0,27.42
2018,360,20501,98.0,27.22
2017,366,20501,148.0,40.44
2016,372,20501,85.0,22.85
2015,504,20501,,
2014,360,20501,,
2013,360,20501,,
2012,408,20501,,
2011,480,20501,,
2010,489,20501,,
2009,480,20501,,
2008,476,20501,,
2024,360,20601,118.0,32.78
2023,360,20601,96.0,26.67
2022,360,20601,67.0,18.61
2021,360,20601,80.0,22.22
2020,396,20601,87.0,21.97
2019,372,20601,102.0,27.42
2018,360,20601,98.0,27.22
2017,366,20601,148.0,40.44
2016,372,20601,84.0,22.58
2015,504,20601,,
2014,360,20601,,
2013,360,20601,,
2012,408,20601,,
2011,480,20601,,
2010,489,20601,,
2009,480,20601,,
2008,476,20601,,
2024,360,20701,118.0,32.78
2023,360,20701,95.0,26.39
2022,360,20701,67.0,18.61
2021,360,20701,80.0,22.22
2020,396,20701,87.0,21.97
2019,372,20701,102.0,27.42
2018,360,20701,98.0,27.22
2017,366,20701,147.0,40.16
2016,372,20701,84.0,22.58
2015,504,20701,,
2014,360,20701,,
2013,360,20701,,
2012,408,20701,,
2011,480,20701,,
2010,489,20701,,
2009,480,20701,,
2008,476,20701,,
2024,360,20801,117.0,32.5
2023,360,20801,95.0,26.39
2022,360,20801,67.0,18.61
2021,360,20801,79.0,21.94
2020,396,20801,87.0,21.97
2019,372,20801,101.0,27.15
2018,360,20801,98.0,27.22
2017,366,20801,147.0,40.16
2016,372,20801,84.0,22.58
2015,504,20801,,
2014,360,20801,,
2013,360,20801,,
2012,408,20801,,
2011,480,20801,,
2010,489,20801,,
2009,480,20801,,
2008,476,20801,,
2024,360,20901,117.0,32.5
2023,360,20901,95.0,26.39
2022,360,20901,66.0,18.33
2021,360,20901,79.0,21.94
2020,396,20901,86.0,21.72
2019,372,20901,101.0,27.15
2018,360,20901,97.0,26.94
2017,366,20901,147.0,40.16
2016,372,20901,84.0,22.58
2015,504,20901,,
2014,360,20901,,
2013,360,20901,,
2012,408,20901,,
2011,480,20901,,
2010,489,20901,,
2009,480,20901,,
2008,476,20901,,
2024,360,21001,117.0,32.5
2023,360,21001,95.0,26.39
2022,360,21001,66.0,18.33
2021,360,21001,79.0,21.94
2020,396,21001,86.0,21.72
2019,372,21001,101.0,27.15
2018,360,21001,97.0,26.94
2017,366,21001,147.0,40.16
2016,372,21001,84.0,22.58
2015,504,21001,,
2014,360,21001,,
2013,360,21001,,
2012,408,21001,,
2011,480,21001,,
2010,489,21001,,
2009,480,21001,,
2008,476,21001,,
2024,360,21101,117.0,32.5
2023,360,21101,95.0,26.39
2022,360,21101,66.0,18.33
2021,360,21101,79.0,21.94
2020,396,21101,86.0,21.72
2019,372,21101,101.0,27.15
2018,360,21101,97.0,26.94
2017,366,21101,147.0,40.16
2016,372,21101,83.0,22.31
2015,504,21101,123.0,24.4
2014,360,21101,,
2013,360,21101,,
2012,408,21101,,
2011,480,21101,,
2010,489,21101,,
2009,480,21101,,
2008,476,21101,,
2024,360,21201,117.0,32.5
2023,360,21201,94.0,26.11
2022,360,21201,66.0,18.33
2021,360,21201,78.0,21.67
2020,396,21201,86.0,21.72
2019,372,21201,100.0,26.88
2018,360,21201,97.0,26.94
2017,366,21201,146.0,39.89
2016,372,21201,83.0,22.31
2015,504,21201,122.0,24.21
2014,360,21201,,
2013,360,21201,,
2012,408,21201,,
2011,480,21201,,
2010,489,21201,,
2009,480,21201,,
2008,476,21201,,
2024,360,21301,116.0,32.22
2023,360,21301,94.0,26.11
2022,360,21301,66.0,18.33
2021,360,21301,78.0,21.67
2020,396,21301,86.0,21.72
2019,372,21301,100.0,26.88
2018,360,21301,96.0,26.67
2017,366,21301,146.0,39.89
2016,372,21301,83.0,22.31
2015,504,21301,,
2014,360,21301,,
2013,360,21301,,
2012,408,21301,,
2011,480,21301,,
2010,489,21301,,
2009,480,21301,,
2008,476,21301,,
2024,360,21401,116.0,32.22
2023,360,21401,94.0,26.11
2022,360,21401,65.0,18.06
2021,360,21401,78.0,21.67
2020,396,21401,85.0,21.46
2019,372,21401,100.0,26.88
2018,360,21401,96.0,26.67
2017,366,21401,146.0,39.89
2016,372,21401,83.0,22.31
2015,504,21401,,
2014,360,21401,,
2013,360,21401,,
2012,408,21401,,
2011,480,21401,,
2010,489,21401,,
2009,480,21401,,
2008,476,21401,,
2024,360,21501,116.0,32.22
2023,360,21501,94.0,26.11
2022,360,21501,65.0,18.06
2021,360,21501,78.0,21.67
2020,396,21501,85.0,21.46
2019,372,21501,100.0,26.88
2018,360,21501,96.0,26.67
2017,366,21501,146.0,39.89
2016,372,21501,82.0,22.04
2015,504,21501,,
2014,360,21501,,
2013,360,21501,,
2012,408,21501,,
2011,480,21501,,
2010,489,21501,,
2009,480,21501,,
2008,476,21501,,
2024,360,21601,116.0,32.22
2023,360,21601,94.0,26.11
2022,360,21601,65.0,18.06
2021,360,21601,78.0,21.67
2020,396,21601,85.0,21.46
2019,372,21601,99.0,26.61
2018,360,21601,96.0,26.67
2017,366,21601,145.0,39.62
2016,372,21601,82.0,22.04
2015,504,21601,,
2014,360,21601,,
2013,360,21601,,
2012,408,21601,,
2011,480,21601,,
2010,489,21601,,
2009,480,21601,,
2008,476,21601,,
2024,360,21701,116.0,32.22
2023,360,21701,93.0,25.83
2022,360,21701,65.0,18.06
2021,360,21701,77.0,21.39
2020,396,21701,85.0,21.46
2019,372,21701,99.0,26.61
2018,360,21701,95.0,26.39
2017,366,21701,145.0,39.62
2016,372,21701,82.0,22.04
2015,504,21701,,
2014,360,21701,,
2013,360,21701,,
2012,408,21701,,
2011,480,21701,,
2010,489,21701,,
2009,480,21701,,
2008,476,21701,,
2024,360,21801,115.0,31.94
2023,360,21801,93.0,25.83
2022,360,21801,65.0,18.06
2021,360,21801,77.0,21.39
2020,396,21801,85.0,21.46
2019,372,21801,99.0,26.61
2018,360,21801,95.0,26.39
2017,366,21801,145.0,39.62
2016,372,21801,82.0,22.04
2015,504,21801,,
2014,360,21801,,
2013,360,21801,,
2012,408,21801,,
2011,480,21801,,
2010,489,21801,,
2009,480,21801,,
2008,476,21801,,
2024,360,21901,115.0,31.94
2023,360,21901,93.0,25.83
2022,360,21901,65.0,18.06
2021,360,21901,77.0,21.39
2020,396,21901,84.0,21.21
2019,372,21901,99.0,26.61
2018,360,21901,95.0,26.39
2017,366,21901,145.0,39.62
2016,372,21901,82.0,22.04
2015,504,21901,,
2014,360,21901,,
2013,360,21901,,
2012,408,21901,,
2011,480,21901,,
2010,489,21901,,
2009,480,21901,,
2008,476,21901,,
2024,360,22001,115.0,31.94
2023,360,22001,93.0,25.83
2022,360,22001,65.0,18.06
2021,360,22001,77.0,21.39
2020,396,22001,84.0,21.21
2019,372,22001,99.0,26.61
2018,360,22001,95.0,26.39
2017,366,22001,144.0,39.34
2016,372,22001,82.0,22.04
2015,504,22001,,
2014,360,22001,,
2013,360,22001,,
2012,408,22001,,
2011,480,22001,,
2010,489,22001,,
2009,480,22001,,
2008,476,22001,,
2024,360,22101,115.0,31.94
2023,360,22101,93.0,25.83
2022,360,22101,64.0,17.78
2021,360,22101,77.0,21.39
2020,396,22101,84.0,21.21
2019,372,22101,98.0,26.34
2018,360,22101,94.0,26.11
2017,366,22101,144.0,39.34
2016,372,22101,81.0,21.77
2015,504,22101,,
2014,360,22101,,
2013,360,22101,,
2012,408,22101,,
2011,480,22101,,
2010,489,22101,,
2009,480,22101,,
2008,476,22101,,
2024,360,22201,115.0,31.94
2023,360,22201,93.0,25.83
2022,360,22201,64.0,17.78
2021,360,22201,76.0,21.11
2020,396,22201,84.0,21.21
2019,372,22201,98.0,26.34
2018,360,22201,94.0,26.11
2017,366,22201,144.0,39.34
2016,372,22201,81.0,21.77
2015,504,22201,,
2014,360,22201,,
2013,360,22201,,
2012,408,22201,,
2011,480,22201,,
2010,489,22201,,
2009,480,22201,,
2008,476,22201,,
2024,360,22301,115.0,31.94
2023,360,22301,92.0,25.56
2022,360,22301,64.0,17.78
2021,360,22301,76.0,21.11
2020,396,22301,83.0,20.96
2019,372,22301,98.0,26.34
2018,360,22301,94.0,26.11
2017,366,22301,144.0,39.34
2016,372,22301,81.0,21.77
2015,504,22301,,
2014,360,22301,,
2013,360,22301,,
2012,408,22301,,
2011,480,22301,,
2010,489,22301,,
2009,480,22301,,
2008,476,22301,,
2024,360,22401,114.0,31.67
2023,360,22401,92.0,25.56
2022,360,22401,64.0,17.78
2021,360,22401,76.0,21.11
2020,396,22401,83.0,20.96
2019,372,22401,98.0,26.34
2018,360,22401,94.0,26.11
2017,366,22401,144.0,39.34
2016,372,22401,81.0,21.77
2015,504,22401,,
2014,360,22401,,
2013,360,22401,,
2012,408,22401,,
2011,480,22401,,
2010,489,22401,,
2009,480,22401,,
2008,476,22401,,
2024,360,22501,114.0,31.67
2023,360,22501,92.0,25.56
2022,360,22501,64.0,17.78
2021,360,22501,76.0,21.11
2020,396,22501,83.0,20.96
2019,372,22501,98.0,26.34
2018,360,22501,94.0,26.11
2017,366,22501,143.0,39.07
2016,372,22501,81.0,21.77
2015,504,22501,,
2014,360,22501,,
2013,360,22501,,
2012,408,22501,,
2011,480,22501,,
2010,489,22501,,
2009,480,22501,,
2008,476,22501,,
2024,360,22601,114.0,31.67
2023,360,22601,92.0,25.56
2022,360,22601,64.0,17.78
2021,360,22601,76.0,21.11
2020,396,22601,83.0,20.96
2019,372,22601,97.0,26.08
2018,360,22601,93.0,25.83
2017,366,22601,143.0,39.07
2016,372,22601,81.0,21.77
2015,504,22601,,
2014,360,22601,,
2013,360,22601,,
2012,408,22601,,
2011,480,22601,,
2010,489,22601,,
2009,480,22601,,
2008,476,22601,,
2024,360,22701,114.0,31.67
2023,360,22701,92.0,25.56
2022,360,22701,63.0,17.5
2021,360,22701,75.0,20.83
2020,396,22701,83.0,20.96
2019,372,22701,97.0,26.08
2018,360,22701,93.0,25.83
2017,366,22701,143.0,39.07
2016,372,22701,80.0,21.51
2015,504,22701,,
2014,360,22701,,
2013,360,22701,,
2012,408,22701,,
2011,480,22701,,
2010,489,22701,,
2009,480,22701,,
2008,476,22701,,
2024,360,22801,114.0,31.67
2023,360,22801,92.0,25.56
2022,360,22801,63.0,17.5
2021,360,22801,75.0,20.83
2020,396,22801,83.0,20.96
2019,372,22801,97.0,26.08
2018,360,22801,93.0,25.83
2017,366,22801,143.0,39.07
2016,372,22801,80.0,21.51
2015,504,22801,,
2014,360,22801,,
2013,360,22801,,
2012,408,22801,,
2011,480,22801,,
2010,489,22801,,
2009,480,22801,,
2008,476,22801,,
2024,360,22901,113.0,31.39
2023,360,22901,91.0,25.28
2022,360,22901,63.0,17.5
2021,360,22901,75.0,20.83
2020,396,22901,82.0,20.71
2019,372,22901,97.0,26.08
2018,360,22901,93.0,25.83
2017,366,22901,142.0,38.8
2016,372,22901,80.0,21.51
2015,504,22901,,
2014,360,22901,,
2013,360,22901,,
2012,408,22901,,
2011,480,22901,,
2010,489,22901,,
2009,480,22901,,
2008,476,22901,,
2024,360,23001,113.0,31.39
2023,360,23001,91.0,25.28
2022,360,23001,63.0,17.5
2021,360,23001,75.0,20.83
2020,396,23001,82.0,20.71
2019,372,23001,97.0,26.08
2018,360,23001,92.0,25.56
2017,366,23001,142.0,38.8
2016,372,23001,80.0,21.51
2015,504,23001,,
2014,360,23001,,
2013,360,23001,,
2012,408,23001,,
2011,480,23001,,
2010,489,23001,,
2009,480,23001,,
2008,476,23001,,
2024,360,23101,113.0,31.39
2023,360,23101,91.0,25.28
2022,360,23101,63.0,17.5
2021,360,23101,75.0,20.83
2020,396,23101,82.0,20.71
2019,372,23101,96.0,25.81
2018,360,23101,92.0,25.56
2017,366,23101,142.0,38.8
2016,372,23101,80.0,21.51
2015,504,23101,,
2014,360,23101,,
2013,360,23101,,
2012,408,23101,,
2011,480,23101,,
2010,489,23101,,
2009,480,23101,,
2008,476,23101,,
2024,360,23201,113.0,31.39
2023,360,23201,91.0,25.28
2022,360,23201,63.0,17.5
2021,360,23201,74.0,20.56
2020,396,23201,82.0,20.71
2019,372,23201,96.0,25.81
2018,360,23201,92.0,25.56
2017,366,23201,142.0,38.8
2016,372,23201,79.0,21.24
2015,504,23201,,
2014,360,23201,,
2013,360,23201,,
2012,408,23201,,
2011,480,23201,,
2010,489,23201,,
2009,480,23201,,
2008,476,23201,,
2024,360,23301,113.0,31.39
2023,360,23301,91.0,25.28
2022,360,23301,63.0,17.5
2021,360,23301,74.0,20.56
2020,396,23301,82.0,20.71
2019,372,23301,96.0,25.81
2018,360,23301,92.0,25.56
2017,366,23301,142.0,38.8
2016,372,23301,79.0,21.24
2015,504,23301,,
2014,360,23301,,
2013,360,23301,,
2012,408,23301,,
2011,480,23301,,
2010,489,23301,,
2009,480,23301,,
2008,476,23301,,
2024,360,23401,113.0,31.39
2023,360,23401,90.0,25.0
2022,360,23401,62.0,17.22
2021,360,23401,74.0,20.56
2020,396,23401,81.0,20.45
2019,372,23401,96.0,25.81
2018,360,23401,91.0,25.28
2017,366,23401,141.0,38.52
2016,372,23401,79.0,21.24
2015,504,23401,,
2014,360,23401,,
2013,360,23401,,
2012,408,23401,,
2011,480,23401,,
2010,489,23401,,
2009,480,23401,,
2008,476,23401,,
2024,360,23501,112.0,31.11
2023,360,23501,90.0,25.0
2022,360,23501,62.0,17.22
2021,360,23501,74.0,20.56
2020,396,23501,81.0,20.45
2019,372,23501,96.0,25.81
2018,360,23501,91.0,25.28
2017,366,23501,141.0,38.52
2016,372,23501,79.0,21.24
2015,504,23501,,
2014,360,23501,,
2013,360,23501,,
2012,408,23501,,
2011,480,23501,,
2010,489,23501,,
2009,480,23501,,
2008,476,23501,,
2024,360,23601,112.0,31.11
2023,360,23601,90.0,25.0
2022,360,23601,62.0,17.22
2021,360,23601,74.0,20.56
2020,396,23601,81.0,20.45
2019,372,23601,95.0,25.54
2018,360,23601,91.0,25.28
2017,366,23601,141.0,38.52
2016,372,23601,79.0,21.24
2015,504,23601,,
2014,360,23601,,
2013,360,23601,,
2012,408,23601,,
2011,480,23601,,
2010,489,23601,,
2009,480,23601,,
2008,476,23601,,
2024,360,23701,112.0,31.11
2023,360,23701,90.0,25.0
2022,360,23701,62.0,17.22
2021,360,23701,73.0,20.28
2020,396,23701,81.0,20.45
2019,372,23701,95.0,25.54
2018,360,23701,91.0,25.28
2017,366,23701,141.0,38.52
2016,372,23701,78.0,20.97
2015,504,23701,,
2014,360,23701,,
2013,360,23701,,
2012,408,23701,,
2011,480,23701,,
2010,489,23701,,
2009,480,23701,,
2008,476,23701,,
2024,360,23801,112.0,31.11
2023,360,23801,90.0,25.0
2022,360,23801,62.0,17.22
2021,360,23801,73.0,20.28
2020,396,23801,81.0,20.45
2019,372,23801,95.0,25.54
2018,360,23801,90.0,25.0
2017,366,23801,141.0,38.52
2016,372,23801,78.0,20.97
2015,504,23801,,
2014,360,23801,,
2013,360,23801,,
2012,408,23801,,
2011,480,23801,,
2010,489,23801,,
2009,480,23801,,
2008,476,23801,,
2024,360,23901,112.0,31.11
2023,360,23901,90.0,25.0
2022,360,23901,62.0,17.22
2021,360,23901,73.0,20.28
2020,396,23901,80.0,20.2
2019,372,23901,95.0,25.54
2018,360,23901,90.0,25.0
2017,366,23901,140.0,38.25
2016,372,23901,78.0,20.97
2015,504,23901,,
2014,360,23901,,
2013,360,23901,,
2012,408,23901,,
2011,480,23901,,
2010,489,23901,,
2009,480,23901,,
2008,476,23901,,
2024,360,24001,112.0,31.11
2023,360,24001,89.0,24.72
2022,360,24001,61.0,16.94
2021,360,24001,73.0,20.28
2020,396,24001,80.0,20.2
2019,372,24001,95.0,25.54
2018,360,24001,90.0,25.0
2017,366,24001,140.0,38.25
2016,372,24001,78.0,20.97
2015,504,24001,,
2014,360,24001,,
2013,360,24001,,
2012,408,24001,,
2011,480,24001,,
2010,489,24001,,
2009,480,24001,,
2008,476,24001,,
2024,360,24101,111.0,30.83
2023,360,24101,89.0,24.72
2022,360,24101,61.0,16.94
2021,360,24101,73.0,20.28
2020,396,24101,80.0,20.2
2019,372,24101,94.0,25.27
2018,360,24101,90.0,25.0
2017,366,24101,140.0,38.25
2016,372,24101,78.0,20.97
2015,504,24101,,
2014,360,24101,,
2013,360,24101,,
2012,408,24101,,
2011,480,24101,,
2010,489,24101,,
2009,480,24101,,
2008,476,24101,,
2024,360,24201,111.0,30.83
2023,360,24201,89.0,24.72
2022,360,24201,61.0,16.94
2021,360,24201,72.0,20.0
2020,396,24201,80.0,20.2
2019,372,24201,94.0,25.27
2018,360,24201,89.0,24.72
2017,366,24201,140.0,38.25
2016,372,24201,78.0,20.97
2015,504,24201,,
2014,360,24201,,
2013,360,24201,,
2012,408,24201,,
2011,480,24201,,
2010,489,24201,,
2009,480,24201,,
2008,476,24201,,
2024,360,24301,111.0,30.83
2023,360,24301,89.0,24.72
2022,360,24301,61.0,16.94
2021,360,24301,72.0,20.0
2020,396,24301,80.0,20.2
2019,372,24301,94.0,25.27
2018,360,24301,,
2017,366,24301,139.0,37.98
2016,372,24301,77.0,20.7
2015,504,24301,,
2014,360,24301,,
2013,360,24301,,
2012,408,24301,,
2011,480,24301,,
2010,489,24301,,
2009,480,24301,,
2008,476,24301,,
2024,360,24401,111.0,30.83
2023,360,24401,89.0,24.72
2022,360,24401,61.0,16.94
2021,360,24401,72.0,20.0
2020,396,24401,79.0,19.95
2019,372,24401,94.0,25.27
2018,360,24401,,
2017,366,24401,139.0,37.98
2016,372,24401,77.0,20.7
2015,504,24401,,
2014,360,24401,,
2013,360,24401,,
2012,408,24401,,
2011,480,24401,,
2010,489,24401,,
2009,480,24401,,
2008,476,24401,,
2024,360,24501,111.0,30.83
2023,360,24501,88.0,24.44
2022,360,24501,60.0,16.67
2021,360,24501,72.0,20.0
2020,396,24501,79.0,19.95
2019,372,24501,94.0,25.27
2018,360,24501,,
2017,366,24501,139.0,37.98
2016,372,24501,77.0,20.7
2015,504,24501,,
2014,360,24501,,
2013,360,24501,,
2012,408,24501,,
2011,480,24501,,
2010,489,24501,,
2009,480,24501,,
2008,476,24501,,
2024,360,24601,111.0,30.83
2023,360,24601,88.0,24.44
2022,360,24601,60.0,16.67
2021,360,24601,72.0,20.0
2020,396,24601,79.0,19.95
2019,372,24601,93.0,25.0
2018,360,24601,,
2017,366,24601,139.0,37.98
2016,372,24601,77.0,20.7
2015,504,24601,,
2014,360,24601,,
2013,360,24601,,
2012,408,24601,,
2011,480,24601,,
2010,489,24601,,
2009,480,24601,,
2008,476,24601,,
2024,360,24701,110.0,30.56
2023,360,24701,88.0,24.44
2022,360,24701,60.0,16.67
2021,360,24701,72.0,20.0
2020,396,24701,79.0,19.95
2019,372,24701,93.0,25.0
2018,360,24701,,
2017,366,24701,139.0,37.98
2016,372,24701,77.0,20.7
2015,504,24701,,
2014,360,24701,,
2013,360,24701,,
2012,408,24701,,
2011,480,24701,,
2010,489,24701,,
2009,480,24701,,
2008,476,24701,,
2024,360,24801,110.0,30.56
2023,360,24801,88.0,24.44
2022,360,24801,60.0,16.67
2021,360,24801,71.0,19.72
2020,396,24801,79.0,19.95
2019,372,24801,93.0,25.0
2018,360,24801,,
2017,366,24801,138.0,37.7
2016,372,24801,77.0,20.7
2015,504,24801,,
2014,360,24801,,
2013,360,24801,,
2012,408,24801,,
2011,480,24801,,
2010,489,24801,,
2009,480,24801,,
2008,476,24801,,
2024,360,24901,110.0,30.56
2023,360,24901,88.0,24.44
2022,360,24901,60.0,16.67
2021,360,24901,71.0,19.72
2020,396,24901,78.0,19.7
2019,372,24901,93.0,25.0
2018,360,24901,,
2017,366,24901,138.0,37.7
2016,372,24901,76.0,20.43
2015,504,24901,,
2014,360,24901,,
2013,360,24901,,
2012,408,24901,,
2011,480,24901,,
2010,489,24901,,
2009,480,24901,,
2008,476,24901,,
2024,360,25001,110.0,30.56
2023,360,25001,88.0,24.44
2022,360,25001,60.0,16.67
2021,360,25001,71.0,19.72
2020,396,25001,78.0,19.7
2019,372,25001,92.0,24.73
2018,360,25001,,
2017,366,25001,138.0,37.7
2016,372,25001,76.0,20.43
2015,504,25001,,
2014,360,25001,,
2013,360,25001,,
2012,408,25001,,
2011,480,25001,,
2010,489,25001,,
2009,480,25001,,
2008,476,25001,,
2024,360,25101,110.0,30.56
2023,360,25101,88.0,24.44
2022,360,25101,60.0,16.67
2021,360,25101,71.0,19.72
2020,396,25101,78.0,19.7
2019,372,25101,,
2018,360,25101,,
2017,366,25101,138.0,37.7
2016,372,25101,76.0,20.43
2015,504,25101,,
2014,360,25101,,
2013,360,25101,,
2012,408,25101,,
2011,480,25101,,
2010,489,25101,,
2009,480,25101,,
2008,476,25101,,
2024,360,25201,110.0,30.56
2023,360,25201,87.0,24.17
2022,360,25201,59.0,16.39
2021,360,25201,71.0,19.72
2020,396,25201,78.0,19.7
2019,372,25201,,
2018,360,25201,,
2017,366,25201,138.0,37.7
2016,372,25201,76.0,20.43
2015,504,25201,,
2014,360,25201,,
2013,360,25201,,
2012,408,25201,,
2011,480,25201,,
2010,489,25201,,
2009,480,25201,,
2008,476,25201,,
2024,360,25301,109.0,30.28
2023,360,25301,87.0,24.17
2022,360,25301,59.0,16.39
2021,360,25301,70.0,19.44
2020,396,25301,78.0,19.7
2019,372,25301,,
2018,360,25301,,
2017,366,25301,137.0,37.43
2016,372,25301,76.0,20.43
2015,504,25301,,
2014,360,25301,,
2013,360,25301,,
2012,408,25301,,
2011,480,25301,,
2010,489,25301,,
2009,480,25301,,
2008,476,25301,,
2024,360,25401,109.0,30.28
2023,360,25401,87.0,24.17
2022,360,25401,59.0,16.39
2021,360,25401,70.0,19.44
2020,396,25401,78.0,19.7
2019,372,25401,,
2018,360,25401,,
2017,366,25401,137.0,37.43
2016,372,25401,75.0,20.16
2015,504,25401,,
2014,360,25401,,
2013,360,25401,,
2012,408,25401,,
2011,480,25401,,
2010,489,25401,,
2009,480,25401,,
2008,476,25401,,
2024,360,25501,109.0,30.28
2023,360,25501,87.0,24.17
2022,360,25501,59.0,16.39
2021,360,25501,70.0,19.44
2020,396,25501,77.0,19.44
2019,372,25501,,
2018,360,25501,,
2017,366,25501,137.0,37.43
2016,372,25501,75.0,20.16
2015,504,25501,,
2014,360,25501,,
2013,360,25501,,
2012,408,25501,,
2011,480,25501,,
2010,489,25501,,
2009,480,25501,,
2008,476,25501,,
2024,360,25601,109.0,30.28
2023,360,25601,87.0,24.17
2022,360,25601,59.0,16.39
2021,360,25601,70.0,19.44
2020,396,25601,77.0,19.44
2019,372,25601,,
2018,360,25601,,
2017,366,25601,137.0,37.43
2016,372,25601,75.0,20.16
2015,504,25601,,
2014,360,25601,,
2013,360,25601,,
2012,408,25601,,
2011,480,25601,,
2010,489,25601,,
2009,480,25601,,
2008,476,25601,,
2024,360,25701,109.0,30.28
2023,360,25701,86.0,23.89
2022,360,25701,59.0,16.39
2021,360,25701,70.0,19.44
2020,396,25701,77.0,19.44
2019,372,25701,,
2018,360,25701,,
2017,366,25701,137.0,37.43
2016,372,25701,75.0,20.16
2015,504,25701,,
2014,360,25701,,
2013,360,25701,,
2012,408,25701,,
2011,480,25701,,
2010,489,25701,,
2009,480,25701,,
2008,476,25701,,
2024,360,25801,109.0,30.28
2023,360,25801,86.0,23.89
2022,360,25801,59.0,16.39
2021,360,25801,70.0,19.44
2020,396,25801,77.0,19.44
2019,372,25801,,
2018,360,25801,,
2017,366,25801,136.0,37.16
2016,372,25801,75.0,20.16
2015,504,25801,,
2014,360,25801,,
2013,360,25801,,
2012,408,25801,,
2011,480,25801,,
2010,489,25801,,
2009,480,25801,,
2008,476,25801,,
2024,360,25901,109.0,30.28
2023,360,25901,86.0,23.89
2022,360,25901,59.0,16.39
2021,360,25901,69.0,19.17
2020,396,25901,77.0,19.44
2019,372,25901,,
2018,360,25901,,
2017,366,25901,136.0,37.16
2016,372,25901,74.0,19.89
2015,504,25901,,
2014,360,25901,,
2013,360,25901,,
2012,408,25901,,
2011,480,25901,,
2010,489,25901,,
2009,480,25901,,
2008,476,25901,,
2024,360,26001,108.0,30.0
2023,360,26001,86.0,23.89
2022,360,26001,58.0,16.11
2021,360,26001,69.0,19.17
2020,396,26001,77.0,19.44
2019,372,26001,,
2018,360,26001,,
2017,366,26001,136.0,37.16
2016,372,26001,,
2015,504,26001,,
2014,360,26001,,
2013,360,26001,,
2012,408,26001,,
2011,480,26001,,
2010,489,26001,,
2009,480,26001,,
2008,476,26001,,
2024,360,26101,,
2023,360,26101,86.0,23.89
2022,360,26101,58.0,16.11
2021,360,26101,69.0,19.17
2020,396,26101,76.0,19.19
2019,372,26101,,
2018,360,26101,,
2017,366,26101,136.0,37.16
2016,372,26101,,
2015,504,26101,,
2014,360,26101,,
2013,360,26101,,
2012,408,26101,,
2011,480,26101,,
2010,489,26101,,
2009,480,26101,,
2008,476,26101,,
2024,360,26201,,
2023,360,26201,86.0,23.89
2022,360,26201,58.0,16.11
2021,360,26201,69.0,19.17
2020,396,26201,76.0,19.19
2019,372,26201,,
2018,360,26201,,
2017,366,26201,136.0,37.16
2016,372,26201,,
2015,504,26201,,
2014,360,26201,,
2013,360,26201,,
2012,408,26201,,
2011,480,26201,,
2010,489,26201,,
2009,480,26201,,
2008,476,26201,,
2024,360,26301,,
2023,360,26301,86.0,23.89
2022,360,26301,58.0,16.11
2021,360,26301,69.0,19.17
2020,396,26301,76.0,19.19
2019,372,26301,,
2018,360,26301,,
2017,366,26301,135.0,36.89
2016,372,26301,,
2015,504,26301,,
2014,360,26301,,
2013,360,26301,,
2012,408,26301,,
2011,480,26301,,
2010,489,26301,,
2009,480,26301,,
2008,476,26301,,
2024,360,26401,,
2023,360,26401,85.0,23.61
2022,360,26401,58.0,16.11
2021,360,26401,69.0,19.17
2020,396,26401,76.0,19.19
2019,372,26401,,
2018,360,26401,,
2017,366,26401,135.0,36.89
2016,372,26401,,
2015,504,26401,,
2014,360,26401,,
2013,360,26401,,
2012,408,26401,,
2011,480,26401,,
2010,489,26401,,
2009,480,26401,,
2008,476,26401,,
2024,360,26501,,
2023,360,26501,,
2022,360,26501,58.0,16.11
2021,360,26501,68.0,18.89
2020,396,26501,76.0,19.19
2019,372,26501,,
2018,360,26501,,
2017,366,26501,135.0,36.89
2016,372,26501,,
2015,504,26501,,
2014,360,26501,,
2013,360,26501,,
2012,408,26501,,
2011,480,26501,,
2010,489,26501,,
2009,480,26501,,
2008,476,26501,,
2024,360,26601,,
2023,360,26601,,
2022,360,26601,57.0,15.83
2021,360,26601,68.0,18.89
2020,396,26601,76.0,19.19
2019,372,26601,,
2018,360,26601,,
2017,366,26601,135.0,36.89
2016,372,26601,,
2015,504,26601,,
2014,360,26601,,
2013,360,26601,,
2012,408,26601,,
2011,480,26601,,
2010,489,26601,,
2009,480,26601,,
2008,476,26601,,
2024,360,26701,,
2023,360,26701,,
2022,360,26701,57.0,15.83
2021,360,26701,68.0,18.89
2020,396,26701,75.0,18.94
2019,372,26701,,
2018,360,26701,,
2017,366,26701,135.0,36.89
2016,372,26701,,
2015,504,26701,,
2014,360,26701,,
2013,360,26701,,
2012,408,26701,,
2011,480,26701,,
2010,489,26701,,
2009,480,26701,,
2008,476,26701,,
2024,360,26801,,
2023,360,26801,,
2022,360,26801,57.0,15.83
2021,360,26801,68.0,18.89
2020,396,26801,75.0,18.94
2019,372,26801,,
2018,360,26801,,
2017,366,26801,135.0,36.89
2016,372,26801,,
2015,504,26801,,
2014,360,26801,,
2013,360,26801,,
2012,408,26801,,
2011,480,26801,,
2010,489,26801,,
2009,480,26801,,
2008,476,26801,,
2024,360,26901,,
2023,360,26901,,
2022,360,26901,57.0,15.83
2021,360,26901,68.0,18.89
2020,396,26901,75.0,18.94
2019,372,26901,,
2018,360,26901,,
2017,366,26901,135.0,36.89
2016,372,26901,,
2015,504,26901,,
2014,360,26901,,
2013,360,26901,,
2012,408,26901,,
2011,480,26901,,
2010,489,26901,,
2009,480,26901,,
2008,476,26901,,
2024,360,27001,,
2023,360,27001,,
2022,360,27001,57.0,15.83
2021,360,27001,67.0,18.61
2020,396,27001,75.0,18.94
2019,372,27001,,
2018,360,27001,,
2017,366,27001,135.0,36.89
2016,372,27001,,
2015,504,27001,,
2014,360,27001,,
2013,360,27001,,
2012,408,27001,,
2011,480,27001,,
2010,489,27001,,
2009,480,27001,,
2008,476,27001,,
2024,360,27101,,
2023,360,27101,,
2022,360,27101,57.0,15.83
2021,360,27101,67.0,18.61
2020,396,27101,75.0,18.94
2019,372,27101,,
2018,360,27101,,
2017,366,27101,134.0,36.61
2016,372,27101,,
2015,504,27101,,
2014,360,27101,,
2013,360,27101,,
2012,408,27101,,
2011,480,27101,,
2010,489,27101,,
2009,480,27101,,
2008,476,27101,,
2024,360,27201,,
2023,360,27201,,
2022,360,27201,57.0,15.83
2021,360,27201,67.0,18.61
2020,396,27201,75.0,18.94
2019,372,27201,,
2018,360,27201,,
2017,366,27201,134.0,36.61
2016,372,27201,,
2015,504,27201,,
2014,360,27201,,
2013,360,27201,,
2012,408,27201,,
2011,480,27201,,
2010,489,27201,,
2009,480,27201,,
2008,476,27201,,
2024,360,27301,,
2023,360,27301,,
2022,360,27301,57.0,15.83
2021,360,27301,67.0,18.61
2020,396,27301,74.0,18.69
2019,372,27301,,
2018,360,27301,,
2017,366,27301,134.0,36.61
2016,372,27301,,
2015,504,27301,,
2014,360,27301,,
2013,360,27301,,
2012,408,27301,,
2011,480,27301,,
2010,489,27301,,
2009,480,27301,,
2008,476,27301,,
2024,360,27401,,
2023,360,27401,,
2022,360,27401,56.0,15.56
2021,360,27401,67.0,18.61
2020,396,27401,74.0,18.69
2019,372,27401,,
2018,360,27401,,
2017,366,27401,133.0,36.34
2016,372,27401,,
2015,504,27401,,
2014,360,27401,,
2013,360,27401,,
2012,408,27401,,
2011,480,27401,,
2010,489,27401,,
2009,480,27401,,
2008,476,27401,,
2024,360,27501,,
2023,360,27501,,
2022,360,27501,56.0,15.56
2021,360,27501,67.0,18.61
2020,396,27501,74.0,18.69
2019,372,27501,,
2018,360,27501,,
2017,366,27501,133.0,36.34
2016,372,27501,,
2015,504,27501,,
2014,360,27501,,
2013,360,27501,,
2012,408,27501,,
2011,480,27501,,
2010,489,27501,,
2009,480,27501,,
2008,476,27501,,
2024,360,27601,,
2023,360,27601,,
2022,360,27601,56.0,15.56
2021,360,27601,66.0,18.33
2020,396,27601,74.0,18.69
2019,372,27601,,
2018,360,27601,,
2017,366,27601,133.0,36.34
2016,372,27601,,
2015,504,27601,,
2014,360,27601,,
2013,360,27601,,
2012,408,27601,,
2011,480,27601,,
2010,489,27601,,
2009,480,27601,,
2008,476,27601,,
2024,360,27701,,
2023,360,27701,,
2022,360,27701,56.0,15.56
2021,360,27701,66.0,18.33
2020,396,27701,74.0,18.69
2019,372,27701,,
2018,360,27701,,
2017,366,27701,133.0,36.34
2016,372,27701,,
2015,504,27701,,
2014,360,27701,,
2013,360,27701,,
2012,408,27701,,
2011,480,27701,,
2010,489,27701,,
2009,480,27701,,
2008,476,27701,,
2024,360,27801,,
2023,360,27801,,
2022,360,27801,56.0,15.56
2021,360,27801,66.0,18.33
2020,396,27801,74.0,18.69
2019,372,27801,,
2018,360,27801,,
2017,366,27801,133.0,36.34
2016,372,27801,,
2015,504,27801,,
2014,360,27801,,
2013,360,27801,,
2012,408,27801,,
2011,480,27801,,
2010,489,27801,,
2009,480,27801,,
2008,476,27801,,
2024,360,27901,,
2023,360,27901,,
2022,360,27901,56.0,15.56
2021,360,27901,66.0,18.33
2020,396,27901,73.0,18.43
2019,372,27901,,
2018,360,27901,,
2017,366,27901,132.0,36.07
2016,372,27901,,
2015,504,27901,,
2014,360,27901,,
2013,360,27901,,
2012,408,27901,,
2011,480,27901,,
2010,489,27901,,
2009,480,27901,,
2008,476,27901,,
2024,360,28001,,
2023,360,28001,,
2022,360,28001,56.0,15.56
2021,360,28001,66.0,18.33
2020,396,28001,73.0,18.43
2019,372,28001,,
2018,360,28001,,
2017,366,28001,132.0,36.07
2016,372,28001,,
2015,504,28001,,
2014,360,28001,,
2013,360,28001,,
2012,408,28001,,
2011,480,28001,,
2010,489,28001,,
2009,480,28001,,
2008,476,28001,,
2024,360,28101,,
2023,360,28101,,
2022,360,28101,56.0,15.56
2021,360,28101,66.0,18.33
2020,396,28101,73.0,18.43
2019,372,28101,,
2018,360,28101,,
2017,366,28101,132.0,36.07
2016,372,28101,,
2015,504,28101,,
2014,360,28101,,
2013,360,28101,,
2012,408,28101,,
2011,480,28101,,
2010,489,28101,,
2009,480,28101,,
2008,476,28101,,
2024,360,28201,,
2023,360,28201,,
2022,360,28201,55.0,15.28
2021,360,28201,65.0,18.06
2020,396,28201,73.0,18.43
2019,372,28201,,
2018,360,28201,,
2017,366,28201,132.0,36.07
2016,372,28201,,
2015,504,28201,,
2014,360,28201,,
2013,360,28201,,
2012,408,28201,,
2011,480,28201,,
2010,489,28201,,
2009,480,28201,,
2008,476,28201,,
2024,360,28301,,
2023,360,28301,,
2022,360,28301,55.0,15.28
2021,360,28301,65.0,18.06
2020,396,28301,73.0,18.43
2019,372,28301,,
2018,360,28301,,
2017,366,28301,132.0,36.07
2016,372,28301,,
2015,504,28301,,
2014,360,28301,,
2013,360,28301,,
2012,408,28301,,
2011,480,28301,,
2010,489,28301,,
2009,480,28301,,
2008,476,28301,,
2024,360,28401,,
2023,360,28401,,
2022,360,28401,55.0,15.28
2021,360,28401,65.0,18.06
2020,396,28401,73.0,18.43
2019,372,28401,,
2018,360,28401,,
2017,366,28401,132.0,36.07
2016,372,28401,,
2015,504,28401,,
2014,360,28401,,
2013,360,28401,,
2012,408,28401,,
2011,480,28401,,
2010,489,28401,,
2009,480,28401,,
2008,476,28401,,
2024,360,28501,,
2023,360,28501,,
2022,360,28501,55.0,15.28
2021,360,28501,65.0,18.06
2020,396,28501,72.0,18.18
2019,372,28501,,
2018,360,28501,,
2017,366,28501,131.0,35.79
2016,372,28501,,
2015,504,28501,,
2014,360,28501,,
2013,360,28501,,
2012,408,28501,,
2011,480,28501,,
2010,489,28501,,
2009,480,28501,,
2008,476,28501,,
2024,360,28601,,
2023,360,28601,,
2022,360,28601,55.0,15.28
2021,360,28601,65.0,18.06
2020,396,28601,72.0,18.18
2019,372,28601,,
2018,360,28601,,
2017,366,28601,131.0,35.79
2016,372,28601,,
2015,504,28601,,
2014,360,28601,,
2013,360,28601,,
2012,408,28601,,
2011,480,28601,,
2010,489,28601,,
2009,480,28601,,
2008,476,28601,,
2024,360,28701,,
2023,360,28701,,
2022,360,28701,55.0,15.28
2021,360,28701,65.0,18.06
2020,396,28701,72.0,18.18
2019,372,28701,,
2018,360,28701,,
2017,366,28701,131.0,35.79
2016,372,28701,,
2015,504,28701,,
2014,360,28701,,
2013,360,28701,,
2012,408,28701,,
2011,480,28701,,
2010,489,28701,,
2009,480,28701,,
2008,476,28701,,
2024,360,28801,,
2023,360,28801,,
2022,360,28801,55.0,15.28
2021,360,28801,64.0,17.78
2020,396,28801,72.0,18.18
2019,372,28801,,
2018,360,28801,,
2017,366,28801,131.0,35.79
2016,372,28801,,
2015,504,28801,,
2014,360,28801,,
2013,360,28801,,
2012,408,28801,,
2011,480,28801,,
2010,489,28801,,
2009,480,28801,,
2008,476,28801,,
2024,360,28901,,
2023,360,28901,,
2022,360,28901,55.0,15.28
2021,360,28901,64.0,17.78
2020,396,28901,72.0,18.18
2019,372,28901,,
2018,360,28901,,
2017,366,28901,131.0,35.79
2016,372,28901,,
2015,504,28901,,
2014,360,28901,,
2013,360,28901,,
2012,408,28901,,
2011,480,28901,,
2010,489,28901,,
2009,480,28901,,
2008,476,28901,,
2024,360,29001,,
2023,360,29001,,
2022,360,29001,54.0,15.0
2021,360,29001,64.0,17.78
2020,396,29001,72.0,18.18
2019,372,29001,,
2018,360,29001,,
2017,366,29001,130.0,35.52
2016,372,29001,,
2015,504,29001,,
2014,360,29001,,
2013,360,29001,,
2012,408,29001,,
2011,480,29001,,
2010,489,29001,,
2009,480,29001,,
2008,476,29001,,
2024,360,29101,,
2023,360,29101,,
2022,360,29101,,
2021,360,29101,64.0,17.78
2020,396,29101,71.0,17.93
2019,372,29101,,
2018,360,29101,,
2017,366,29101,130.0,35.52
2016,372,29101,,
2015,504,29101,,
2014,360,29101,,
2013,360,29101,,
2012,408,29101,,
2011,480,29101,,
2010,489,29101,,
2009,480,29101,,
2008,476,29101,,
2024,360,29201,,
2023,360,29201,,
2022,360,29201,,
2021,360,29201,64.0,17.78
2020,396,29201,71.0,17.93
2019,372,29201,,
2018,360,29201,,
2017,366,29201,130.0,35.52
2016,372,29201,,
2015,504,29201,,
2014,360,29201,,
2013,360,29201,,
2012,408,29201,,
2011,480,29201,,
2010,489,29201,,
2009,480,29201,,
2008,476,29201,,
2024,360,29301,,
2023,360,29301,,
2022,360,29301,,
2021,360,29301,64.0,17.78
2020,396,29301,71.0,17.93
2019,372,29301,,
2018,360,29301,,
2017,366,29301,130.0,35.52
2016,372,29301,,
2015,504,29301,,
2014,360,29301,,
2013,360,29301,,
2012,408,29301,,
2011,480,29301,,
2010,489,29301,,
2009,480,29301,,
2008,476,29301,,
2024,360,29401,,
2023,360,29401,,
2022,360,29401,,
2021,360,29401,64.0,17.78
2020,396,29401,71.0,17.93
2019,372,29401,,
2018,360,29401,,
2017,366,29401,130.0,35.52
2016,372,29401,,
2015,504,29401,,
2014,360,29401,,
2013,360,29401,,
2012,408,29401,,
2011,480,29401,,
2010,489,29401,,
2009,480,29401,,
2008,476,29401,,
2024,360,29501,,
2023,360,29501,,
2022,360,29501,,
2021,360,29501,63.0,17.5
2020,396,29501,71.0,17.93
2019,372,29501,,
2018,360,29501,,
2017,366,29501,130.0,35.52
2016,372,29501,,
2015,504,29501,,
2014,360,29501,,
2013,360,29501,,
2012,408,29501,,
2011,480,29501,,
2010,489,29501,,
2009,480,29501,,
2008,476,29501,,
2024,360,29601,,
2023,360,29601,,
2022,360,29601,,
2021,360,29601,63.0,17.5
2020,396,29601,71.0,17.93
2019,372,29601,,
2018,360,29601,,
2017,366,29601,129.0,35.25
2016,372,29601,,
2015,504,29601,,
2014,360,29601,,
2013,360,29601,,
2012,408,29601,,
2011,480,29601,,
2010,489,29601,,
2009,480,29601,,
2008,476,29601,,
2024,360,29701,,
2023,360,29701,,
2022,360,29701,,
2021,360,29701,63.0,17.5
2020,396,29701,70.0,17.68
2019,372,29701,,
2018,360,29701,,
2017,366,29701,129.0,35.25
2016,372,29701,,
2015,504,29701,,
2014,360,29701,,
2013,360,29701,,
2012,408,29701,,
2011,480,29701,,
2010,489,29701,,
2009,480,29701,,
2008,476,29701,,
2024,360,29801,,
2023,360,29801,,
2022,360,29801,,
2021,360,29801,63.0,17.5
2020,396,29801,70.0,17.68
2019,372,29801,,
2018,360,29801,,
2017,366,29801,129.0,35.25
2016,372,29801,,
2015,504,29801,,
2014,360,29801,,
2013,360,29801,,
2012,408,29801,,
2011,480,29801,,
2010,489,29801,,
2009,480,29801,,
2008,476,29801,,
2024,360,29901,,
2023,360,29901,,
2022,360,29901,,
2021,360,29901,63.0,17.5
2020,396,29901,70.0,17.68
2019,372,29901,,
2018,360,29901,,
2017,366,29901,129.0,35.25
2016,372,29901,,
2015,504,29901,,
2014,360,29901,,
2013,360,29901,,
2012,408,29901,,
2011,480,29901,,
2010,489,29901,,
2009,480,29901,,
2008,476,29901,,
2024,360,30001,,
2023,360,30001,,
2022,360,30001,,
2021,360,30001,63.0,17.5
2020,396,30001,70.0,17.68
2019,372,30001,,
2018,360,30001,,
2017,366,30001,129.0,35.25
2016,372,30001,,
2015,504,30001,,
2014,360,30001,,
2013,360,30001,,
2012,408,30001,,
2011,480,30001,,
2010,489,30001,,
2009,480,30001,,
2008,476,30001,,
2024,360,30101,,
2023,360,30101,,
2022,360,30101,,
2021,360,30101,62.0,17.22
2020,396,30101,70.0,17.68
2019,372,30101,,
2018,360,30101,,
2017,366,30101,129.0,35.25
2016,372,30101,,
2015,504,30101,,
2014,360,30101,,
2013,360,30101,,
2012,408,30101,,
2011,480,30101,,
2010,489,30101,,
2009,480,30101,,
2008,476,30101,,
2024,360,30201,,
2023,360,30201,,
2022,360,30201,,
2021,360,30201,,
2020,396,30201,70.0,17.68
2019,372,30201,,
2018,360,30201,,
2017,366,30201,128.0,34.97
2016,372,30201,,
2015,504,30201,,
2014,360,30201,,
2013,360,30201,,
2012,408,30201,,
2011,480,30201,,
2010,489,30201,,
2009,480,30201,,
2008,476,30201,,
2024,360,30301,,
2023,360,30301,,
2022,360,30301,,
2021,360,30301,,
2020,396,30301,69.0,17.42
2019,372,30301,,
2018,360,30301,,
2017,366,30301,128.0,34.97
2016,372,30301,,
2015,504,30301,,
2014,360,30301,,
2013,360,30301,,
2012,408,30301,,
2011,480,30301,,
2010,489,30301,,
2009,480,30301,,
2008,476,30301,,
2024,360,30401,,
2023,360,30401,,
2022,360,30401,,
2021,360,30401,,
2020,396,30401,69.0,17.42
2019,372,30401,,
2018,360,30401,,
2017,366,30401,128.0,34.97
2016,372,30401,,
2015,504,30401,,
2014,360,30401,,
2013,360,30401,,
2012,408,30401,,
2011,480,30401,,
2010,489,30401,,
2009,480,30401,,
2008,476,30401,,
2024,360,30501,,
2023,360,30501,,
2022,360,30501,,
2021,360,30501,,
2020,396,30501,69.0,17.42
2019,372,30501,,
2018,360,30501,,
2017,366,30501,128.0,34.97
2016,372,30501,,
2015,504,30501,,
2014,360,30501,,
2013,360,30501,,
2012,408,30501,,
2011,480,30501,,
2010,489,30501,,
2009,480,30501,,
2008,476,30501,,
2024,360,30601,,
2023,360,30601,,
2022,360,30601,,
2021,360,30601,,
2020,396,30601,69.0,17.42
2019,372,30601,,
2018,360,30601,,
2017,366,30601,128.0,34.97
2016,372,30601,,
2015,504,30601,,
2014,360,30601,,
2013,360,30601,,
2012,408,30601,,
2011,480,30601,,
2010,489,30601,,
2009,480,30601,,
2008,476,30601,,
2024,360,30701,,
2023,360,30701,,
2022,360,30701,,
2021,360,30701,,
2020,396,30701,69.0,17.42
2019,372,30701,,
2018,360,30701,,
2017,366,30701,128.0,34.97
2016,372,30701,,
2015,504,30701,,
2014,360,30701,,
2013,360,30701,,
2012,408,30701,,
2011,480,30701,,
2010,489,30701,,
2009,480,30701,,
2008,476,30701,,
2024,360,30801,,
2023,360,30801,,
2022,360,30801,,
2021,360,30801,,
2020,396,30801,69.0,17.42
2019,372,30801,,
2018,360,30801,,
2017,366,30801,127.0,34.7
2016,372,30801,,
2015,504,30801,,
2014,360,30801,,
2013,360,30801,,
2012,408,30801,,
2011,480,30801,,
2010,489,30801,,
2009,480,30801,,
2008,476,30801,,
2024,360,30901,,
2023,360,30901,,
2022,360,30901,,
2021,360,30901,,
2020,396,30901,69.0,17.42
2019,372,30901,,
2018,360,30901,,
2017,366,30901,,
2016,372,30901,,
2015,504,30901,,
2014,360,30901,,
2013,360,30901,,
2012,408,30901,,
2011,480,30901,,
2010,489,30901,,
2009,480,30901,,
2008,476,30901,,
2024,360,31001,,
2023,360,31001,,
2022,360,31001,,
2021,360,31001,,
2020,396,31001,69.0,17.42
2019,372,31001,,
2018,360,31001,,
2017,366,31001,,
2016,372,31001,,
2015,504,31001,,
2014,360,31001,,
2013,360,31001,,
2012,408,31001,,
2011,480,31001,,
2010,489,31001,,
2009,480,31001,,
2008,476,31001,,
2024,360,31101,,
2023,360,31101,,
2022,360,31101,,
2021,360,31101,,
2020,396,31101,68.0,17.17
2019,372,31101,,
2018,360,31101,,
2017,366,31101,,
2016,372,31101,,
2015,504,31101,,
2014,360,31101,,
2013,360,31101,,
2012,408,31101,,
2011,480,31101,,
2010,489,31101,,
2009,480,31101,,
2008,476,31101,,
2024,360,31201,,
2023,360,31201,,
2022,360,31201,,
2021,360,31201,,
2020,396,31201,,
2019,372,31201,,
2018,360,31201,,
2017,366,31201,,
2016,372,31201,,
2015,504,31201,,
2014,360,31201,,
2013,360,31201,,
2012,408,31201,,
2011,480,31201,,
2010,489,31201,,
2009,480,31201,,
2008,476,31201,,
2024,360,31301,,
2023,360,31301,,
2022,360,31301,,
2021,360,31301,,
2020,396,31301,,
2019,372,31301,,
2018,360,31301,,
2017,366,31301,,
2016,372,31301,,
2015,504,31301,,
2014,360,31301,,
2013,360,31301,,
2012,408,31301,,
2011,480,31301,,
2010,489,31301,,
2009,480,31301,,
2008,476,31301,,
2024,360,31401,,
2023,360,31401,,
2022,360,31401,,
2021,360,31401,,
2020,396,31401,,
2019,372,31401,,
2018,360,31401,,
2017,366,31401,,
2016,372,31401,,
2015,504,31401,,
2014,360,31401,,
2013,360,31401,,
2012,408,31401,,
2011,480,31401,,
2010,489,31401,,
2009,480,31401,,
2008,476,31401,,
2024,360,31501,,
2023,360,31501,,
2022,360,31501,,
2021,360,31501,,
2020,396,31501,,
2019,372,31501,,
2018,360,31501,,
2017,366,31501,,
2016,372,31501,,
2015,504,31501,,
2014,360,31501,,
2013,360,31501,,
2012,408,31501,,
2011,480,31501,,
2010,489,31501,,
2009,480,31501,,
2008,476,31501,,
2024,360,31601,,
2023,360,31601,,
2022,360,31601,,
2021,360,31601,,
2020,396,31601,,
2019,372,31601,,
2018,360,31601,,
2017,366,31601,,
2016,372,31601,,
2015,504,31601,,
2014,360,31601,,
2013,360,31601,,
2012,408,31601,,
2011,480,31601,,
2010,489,31601,,
2009,480,31601,,
2008,476,31601,,
2024,360,31701,,
2023,360,31701,,
2022,360,31701,,
2021,360,31701,,
2020,396,31701,,
2019,372,31701,,
2018,360,31701,,
2017,366,31701,,
2016,372,31701,,
2015,504,31701,,
2014,360,31701,,
2013,360,31701,,
2012,408,31701,,
2011,480,31701,,
2010,489,31701,,
2009,480,31701,,
2008,476,31701,,
2024,360,31801,,
2023,360,31801,,
2022,360,31801,,
2021,360,31801,,
2020,396,31801,,
2019,372,31801,,
2018,360,31801,,
2017,366,31801,,
2016,372,31801,,
2015,504,31801,,
2014,360,31801,,
2013,360,31801,,
2012,408,31801,,
2011,480,31801,,
2010,489,31801,,
2009,480,31801,,
2008,476,31801,,
2024,360,31901,,
2023,360,31901,,
2022,360,31901,,
2021,360,31901,,
2020,396,31901,,
2019,372,31901,,
2018,360,31901,,
2017,366,31901,,
2016,372,31901,,
2015,504,31901,,
2014,360,31901,,
2013,360,31901,,
2012,408,31901,,
2011,480,31901,,
2010,489,31901,,
2009,480,31901,,
2008,476,31901,,
2024,360,32001,,
2023,360,32001,,
2022,360,32001,,
2021,360,32001,,
2020,396,32001,,
2019,372,32001,,
2018,360,32001,,
2017,366,32001,,
2016,372,32001,,
2015,504,32001,,
2014,360,32001,,
2013,360,32001,,
2012,408,32001,,
2011,480,32001,,
2010,489,32001,,
2009,480,32001,,
2008,476,32001,,
2024,360,32101,,
2023,360,32101,,
2022,360,32101,,
2021,360,32101,,
2020,396,32101,,
2019,372,32101,,
2018,360,32101,,
2017,366,32101,,
2016,372,32101,,
2015,504,32101,,
2014,360,32101,,
2013,360,32101,,
2012,408,32101,,
2011,480,32101,,
2010,489,32101,,
2009,480,32101,,
2008,476,32101,,
2024,360,32201,,
2023,360,32201,,
2022,360,32201,,
2021,360,32201,,
2020,396,32201,,
2019,372,32201,,
2018,360,32201,,
2017,366,32201,,
2016,372,32201,,
2015,504,32201,,
2014,360,32201,,
2013,360,32201,,
2012,408,32201,,
2011,480,32201,,
2010,489,32201,,
2009,480,32201,,
2008,476,32201,,
2024,360,32301,,
2023,360,32301,,
2022,360,32301,,
2021,360,32301,,
2020,396,32301,,
2019,372,32301,,
2018,360,32301,,
2017,366,32301,,
2016,372,32301,,
2015,504,32301,,
2014,360,32301,,
2013,360,32301,,
2012,408,32301,,
2011,480,32301,,
2010,489,32301,,
2009,480,32301,,
2008,476,32301,,
2024,360,32401,,
2023,360,32401,,
2022,360,32401,,
2021,360,32401,,
2020,396,32401,,
2019,372,32401,,
2018,360,32401,,
2017,366,32401,,
2016,372,32401,,
2015,504,32401,,
2014,360,32401,,
2013,360,32401,,
2012,408,32401,,
2011,480,32401,,
2010,489,32401,,
2009,480,32401,,
2008,476,32401,,
2024,360,32501,,
2023,360,32501,,
2022,360,32501,,
2021,360,32501,,
2020,396,32501,,
2019,372,32501,,
2018,360,32501,,
2017,366,32501,,
2016,372,32501,,
2015,504,32501,,
2014,360,32501,,
2013,360,32501,,
2012,408,32501,,
2011,480,32501,,
2010,489,32501,,
2009,480,32501,,
2008,476,32501,,
2024,360,32601,,
2023,360,32601,,
2022,360,32601,,
2021,360,32601,,
2020,396,32601,,
2019,372,32601,,
2018,360,32601,,
2017,366,32601,,
2016,372,32601,,
2015,504,32601,,
2014,360,32601,,
2013,360,32601,,
2012,408,32601,,
2011,480,32601,,
2010,489,32601,,
2009,480,32601,,
2008,476,32601,,
2024,360,32701,,
2023,360,32701,,
2022,360,32701,,
2021,360,32701,,
2020,396,32701,,
2019,372,32701,,
2018,360,32701,,
2017,366,32701,,
2016,372,32701,,
2015,504,32701,,
2014,360,32701,,
2013,360,32701,,
2012,408,32701,,
2011,480,32701,,
2010,489,32701,,
2009,480,32701,,
2008,476,32701,,
2024,360,32801,,
2023,360,32801,,
2022,360,32801,,
2021,360,32801,,
2020,396,32801,,
2019,372,32801,,
2018,360,32801,,
2017,366,32801,,
2016,372,32801,,
2015,504,32801,,
2014,360,32801,,
2013,360,32801,,
2012,408,32801,,
2011,480,32801,,
2010,489,32801,,
2009,480,32801,,
2008,476,32801,,
2024,360,32901,,
2023,360,32901,,
2022,360,32901,,
2021,360,32901,,
2020,396,32901,,
2019,372,32901,,
2018,360,32901,,
2017,366,32901,,
2016,372,32901,,
2015,504,32901,,
2014,360,32901,,
2013,360,32901,,
2012,408,32901,,
2011,480,32901,,
2010,489,32901,,
2009,480,32901,,
2008,476,32901,,
2024,360,33001,,
2023,360,33001,,
2022,360,33001,,
2021,360,33001,,
2020,396,33001,,
2019,372,33001,,
2018,360,33001,,
2017,366,33001,,
2016,372,33001,,
2015,504,33001,,
2014,360,33001,,
2013,360,33001,,
2012,408,33001,,
2011,480,33001,,
2010,489,33001,,
2009,480,33001,,
2008,476,33001,,
2024,360,33101,,
2023,360,33101,,
2022,360,33101,,
2021,360,33101,,
2020,396,33101,,
2019,372,33101,,
2018,360,33101,,
2017,366,33101,,
2016,372,33101,,
2015,504,33101,,
2014,360,33101,,
2013,360,33101,,
2012,408,33101,,
2011,480,33101,,
2010,489,33101,,
2009,480,33101,,
2008,476,33101,,
2024,360,33201,,
2023,360,33201,,
2022,360,33201,,
2021,360,33201,,
2020,396,33201,,
2019,372,33201,,
2018,360,33201,,
2017,366,33201,,
2016,372,33201,,
2015,504,33201,,
2014,360,33201,,
2013,360,33201,,
2012,408,33201,,
2011,480,33201,,
2010,489,33201,,
2009,480,33201,,
2008,476,33201,,
2024,360,33301,,
2023,360,33301,,
2022,360,33301,,
2021,360,33301,,
2020,396,33301,,
2019,372,33301,,
2018,360,33301,,
2017,366,33301,,
2016,372,33301,,
2015,504,33301,,
2014,360,33301,,
2013,360,33301,,
2012,408,33301,,
2011,480,33301,,
2010,489,33301,,
2009,480,33301,,
2008,476,33301,,
2024,360,33401,,
2023,360,33401,,
2022,360,33401,,
2021,360,33401,,
2020,396,33401,,
2019,372,33401,,
2018,360,33401,,
2017,366,33401,,
2016,372,33401,,
2015,504,33401,,
2014,360,33401,,
2013,360,33401,,
2012,408,33401,,
2011,480,33401,,
2010,489,33401,,
2009,480,33401,,
2008,476,33401,,
2024,360,33501,,
2023,360,33501,,
2022,360,33501,,
2021,360,33501,,
2020,396,33501,,
2019,372,33501,,
2018,360,33501,,
2017,366,33501,,
2016,372,33501,,
2015,504,33501,,
2014,360,33501,,
2013,360,33501,,
2012,408,33501,,
2011,480,33501,,
2010,489,33501,,
2009,480,33501,,
2008,476,33501,,
2024,360,33601,,
2023,360,33601,,
2022,360,33601,,
2021,360,33601,,
2020,396,33601,,
2019,372,33601,,
2018,360,33601,,
2017,366,33601,,
2016,372,33601,,
2015,504,33601,,
2014,360,33601,,
2013,360,33601,,
2012,408,33601,,
2011,480,33601,,
2010,489,33601,,
2009,480,33601,,
2008,476,33601,,
2024,360,33701,,
2023,360,33701,,
2022,360,33701,,
2021,360,33701,,
2020,396,33701,,
2019,372,33701,,
2018,360,33701,,
2017,366,33701,,
2016,372,33701,,
2015,504,33701,,
2014,360,33701,,
2013,360,33701,,
2012,408,33701,,
2011,480,33701,,
2010,489,33701,,
2009,480,33701,,
2008,476,33701,,
