Year,MaxMarks,AIR,Mark,Percentage,pct_score,log_rank,pct_bin,best_rank,worst_rank,median_rank,mean_rank,count,log_best_rank,log_worst_rank,log_median_rank
2008,476,1,433.0,90.97,90.96638655462185,0.0,90.0,1,1,1.0,1.0,1,0.0,0.0,0.0
2008,476,11,423.1,88.89,88.88655462184875,2.3978952727983707,88.0,1,11,6.0,6.0,4,0.0,2.3978952727983707,1.791759469228055
2008,476,51,383.3,80.52,80.52521008403362,3.9318256327243257,80.0,11,201,31.0,56.0,6,2.3978952727983707,5.303304908059076,3.4339872044851463
2008,476,101,350.0,73.53,73.52941176470588,4.61512051684126,73.0,101,801,401.0,381.0,5,4.61512051684126,6.68586094706836,5.993961427306569
2008,476,201,324.3,68.13,68.13025210084034,5.303304908059076,68.0,201,1701,401.0,616.3846153846154,13,5.303304908059076,7.438971592395862,5.993961427306569
2008,476,301,306.9,64.48,64.47478991596638,5.707110264748875,64.0,301,2601,701.0,1047.1538461538462,13,5.707110264748875,7.8636512654486515,6.55250788703459
2008,476,401,295.3,62.04,62.03781512605042,5.993961427306569,62.0,401,3301,1201.0,1521.0,15,5.993961427306569,8.101980731853192,7.0909098220799835
2008,476,501,287.0,60.29,60.29411764705882,6.2166061010848646,60.0,501,3901,1401.0,1687.9565217391305,23,6.2166061010848646,8.268988209506656,7.244941546337007
2008,476,601,280.3,58.88,58.88655462184874,6.398594934535208,58.0,301,4801,1501.0,1926.9259259259259,27,5.707110264748875,8.476579508530941,7.313886831633462
2008,476,701,274.9,57.76,57.75210084033613,6.55250788703459,57.0,601,5201,1901.0,2273.0,25,6.398594934535208,8.556606193773073,7.550135342488429
2008,476,801,270.5,56.83,56.82773109243697,6.68586094706836,56.0,401,5901,2101.0,2678.1428571428573,35,5.993961427306569,8.682877107057168,7.650168700845001
2008,476,901,266.7,56.02,56.029411764705884,6.803505257608338,56.0,401,5901,2101.0,2678.1428571428573,35,5.993961427306569,8.682877107057168,7.650168700845001
2008,476,1001,263.0,55.25,55.25210084033614,6.90875477931522,55.0,401,6301,2201.0,2607.25,32,5.993961427306569,8.748463629942055,7.696667081526462
2008,476,1101,259.5,54.52,54.51680672268907,7.00397413672268,54.0,501,6901,2651.0,3181.5555555555557,36,6.2166061010848646,8.839421607620602,7.8826922062890254
2008,476,1201,256.3,53.85,53.844537815126046,7.0909098220799835,53.0,501,7601,2901.0,3366.1162790697676,43,6.2166061010848646,8.936035096566041,7.972810784121404
2008,476,1301,253.4,53.24,53.23529411764706,7.170888478512505,53.0,501,7601,2901.0,3366.1162790697676,43,6.2166061010848646,8.936035096566041,7.972810784121404
2008,476,1401,250.7,52.66,52.668067226890756,7.244941546337007,52.0,701,8101,2901.0,3608.317073170732,41,6.55250788703459,8.999742789830492,7.972810784121404
2008,476,1501,248.0,52.1,52.10084033613446,7.313886831633462,52.0,701,8101,2901.0,3608.317073170732,41,6.55250788703459,8.999742789830492,7.972810784121404
2008,476,1601,245.4,51.55,51.5546218487395,7.3783837129967145,51.0,601,8901,3451.0,3991.740740740741,54,6.398594934535208,9.093918908958932,8.146419323098003
2008,476,1701,242.8,51.02,51.00840336134455,7.438971592395862,51.0,601,8901,3451.0,3991.740740740741,54,6.398594934535208,9.093918908958932,8.146419323098003
2008,476,1801,240.4,50.51,50.50420168067227,7.496097345175956,50.0,701,9801,3851.0,4534.333333333333,60,6.55250788703459,9.19023970026918,8.25608813381491
2008,476,1901,238.1,50.03,50.02100840336134,7.550135342488429,50.0,701,9801,3851.0,4534.333333333333,60,6.55250788703459,9.19023970026918,8.25608813381491
2008,476,2001,236.0,49.58,49.57983193277311,7.601402334583733,49.0,801,10501,4001.0,4608.317073170731,41,6.68586094706836,9.259225769705994,8.294299608857235
2008,476,2101,234.0,49.16,49.159663865546214,7.650168700845001,49.0,801,10501,4001.0,4608.317073170731,41,6.68586094706836,9.259225769705994,8.294299608857235
2008,476,2201,232.2,48.77,48.78151260504202,7.696667081526462,48.0,901,11401,4251.0,4716.0,60,6.803505257608338,9.34145634983372,8.35490952835879
2008,476,2301,230.4,48.4,48.403361344537814,7.741099090035366,48.0,901,11401,4251.0,4716.0,60,6.803505257608338,9.34145634983372,8.35490952835879
2008,476,2401,228.7,48.04,48.04621848739495,7.783640596221253,48.0,901,11401,4251.0,4716.0,60,6.803505257608338,9.34145634983372,8.35490952835879
2008,476,2501,227.0,47.69,47.689075630252105,7.824445930877619,47.0,1001,12201,4001.0,4997.363636363636,55,6.90875477931522,9.409273194575334,8.294299608857235
2008,476,2601,225.3,47.34,47.331932773109244,7.8636512654486515,47.0,1001,12201,4001.0,4997.363636363636,55,6.90875477931522,9.409273194575334,8.294299608857235
2008,476,2701,223.7,46.99,46.99579831932773,7.901377353792616,46.0,1101,13401,5351.0,5896.588235294118,68,7.00397413672268,9.503084610020228,8.585038738311304
2008,476,2801,222.1,46.66,46.65966386554622,7.937731775260109,46.0,1101,13401,5351.0,5896.588235294118,68,7.00397413672268,9.503084610020228,8.585038738311304
2008,476,2901,220.5,46.33,46.32352941176471,7.972810784121404,46.0,1101,13401,5351.0,5896.588235294118,68,7.00397413672268,9.503084610020228,8.585038738311304
2008,476,3001,219.0,46.01,46.008403361344534,8.006700845440367,46.0,1101,13401,5351.0,5896.588235294118,68,7.00397413672268,9.503084610020228,8.585038738311304
2008,476,3101,217.5,45.7,45.693277310924366,8.03947991910045,45.0,1201,14501,5701.0,6161.273972602739,73,7.0909098220799835,9.581972891547895,8.648396877031582
2008,476,3201,216.1,45.4,45.39915966386555,8.071218539969863,45.0,1201,14501,5701.0,6161.273972602739,73,7.0909098220799835,9.581972891547895,8.648396877031582
2008,476,3301,214.7,45.1,45.10504201680672,8.101980731853192,45.0,1201,14501,5701.0,6161.273972602739,73,7.0909098220799835,9.581972891547895,8.648396877031582
2008,476,3401,213.3,44.81,44.8109243697479,8.131824785007195,44.0,1301,15501,5401.0,6494.1506849315065,73,7.170888478512505,9.648659816955295,8.594339400592892
2008,476,3501,212.0,44.54,44.537815126050425,8.160803920954665,44.0,1301,15501,5401.0,6494.1506849315065,73,7.170888478512505,9.648659816955295,8.594339400592892
2008,476,3601,210.7,44.27,44.26470588235294,8.188966863648876,44.0,1301,15501,5401.0,6494.1506849315065,73,7.170888478512505,9.648659816955295,8.594339400592892
2008,476,3701,209.5,44.02,44.01260504201681,8.216358332386156,44.0,1301,15501,5401.0,6494.1506849315065,73,7.170888478512505,9.648659816955295,8.594339400592892
2008,476,3801,208.4,43.77,43.78151260504202,8.24301946898925,43.0,1501,16801,6951.0,7356.555555555556,90,7.313886831633462,9.729193687429403,8.846640813100485
2008,476,3901,207.2,43.53,43.52941176470588,8.268988209506656,43.0,1501,16801,6951.0,7356.555555555556,90,7.313886831633462,9.729193687429403,8.846640813100485
2008,476,4001,206.0,43.28,43.27731092436975,8.294299608857235,43.0,1501,16801,6951.0,7356.555555555556,90,7.313886831633462,9.729193687429403,8.846640813100485
2008,476,4101,204.8,43.02,43.02521008403362,8.31898612539206,43.0,1501,16801,6951.0,7356.555555555556,90,7.313886831633462,9.729193687429403,8.846640813100485
2008,476,4201,203.5,42.76,42.752100840336134,8.343077871169383,42.0,1601,18401,7901.0,8481.459770114943,87,7.3783837129967145,9.820160289946374,8.974744612722734
2008,476,4301,202.3,42.5,42.50000000000001,8.366602832783736,42.0,1601,18401,7901.0,8481.459770114943,87,7.3783837129967145,9.820160289946374,8.974744612722734
2008,476,4401,201.1,42.25,42.247899159663866,8.38958706681109,42.0,1601,18401,7901.0,8481.459770114943,87,7.3783837129967145,9.820160289946374,8.974744612722734
2008,476,4501,200.0,42.02,42.016806722689076,8.412054873292933,42.0,1601,18401,7901.0,8481.459770114943,87,7.3783837129967145,9.820160289946374,8.974744612722734
2008,476,4601,198.9,41.79,41.785714285714285,8.434028950155469,41.0,1701,19401,7351.0,8254.125,96,7.438971592395862,9.873079890114703,8.902591637374087
2008,476,4701,197.9,41.57,41.575630252100844,8.45553053102413,41.0,1701,19401,7351.0,8254.125,96,7.438971592395862,9.873079890114703,8.902591637374087
2008,476,4801,196.9,41.36,41.365546218487395,8.476579508530941,41.0,1701,19401,7351.0,8254.125,96,7.438971592395862,9.873079890114703,8.902591637374087
2008,476,4901,195.9,41.16,41.155462184873954,8.497194544909547,41.0,1701,19401,7351.0,8254.125,96,7.438971592395862,9.873079890114703,8.902591637374087
2008,476,5001,195.0,40.97,40.96638655462185,8.517393171418904,40.0,1901,21101,8351.0,9465.406779661016,118,7.550135342488429,9.957075711706057,9.03013657115323
2008,476,5101,194.2,40.79,40.79831932773109,8.537191877922927,40.0,1901,21101,8351.0,9465.406779661016,118,7.550135342488429,9.957075711706057,9.03013657115323
2008,476,5201,193.4,40.63,40.63025210084034,8.556606193773073,40.0,1901,21101,8351.0,9465.406779661016,118,7.550135342488429,9.957075711706057,9.03013657115323
2008,476,5301,192.6,40.47,40.46218487394958,8.575650760987806,40.0,1901,21101,8351.0,9465.406779661016,118,7.550135342488429,9.957075711706057,9.03013657115323
2008,476,5401,191.8,40.3,40.294117647058826,8.594339400592892,40.0,1901,21101,8351.0,9465.406779661016,118,7.550135342488429,9.957075711706057,9.03013657115323
2008,476,5501,191.0,40.13,40.12605042016807,8.612685172875459,40.0,1901,21101,8351.0,9465.406779661016,118,7.550135342488429,9.957075711706057,9.03013657115323
2008,476,5601,190.1,39.93,39.936974789915965,8.630700432209832,39.0,2201,22801,9351.0,10543.452830188678,106,7.696667081526462,10.034559673629849,9.143238568435446
2008,476,5701,189.0,39.71,39.705882352941174,8.648396877031582,39.0,2201,22801,9351.0,10543.452830188678,106,7.696667081526462,10.034559673629849,9.143238568435446
2008,476,5801,188.0,39.49,39.49579831932773,8.665785595466064,39.0,2201,22801,9351.0,10543.452830188678,106,7.696667081526462,10.034559673629849,9.143238568435446
2008,476,5901,186.9,39.27,39.26470588235294,8.682877107057168,39.0,2201,22801,9351.0,10543.452830188678,106,7.696667081526462,10.034559673629849,9.143238568435446
2008,476,6001,186.0,39.08,39.075630252100844,8.699681400989514,39.0,2201,22801,9351.0,10543.452830188678,106,7.696667081526462,10.034559673629849,9.143238568435446
2008,476,6101,185.1,38.89,38.88655462184874,8.716207971151853,38.0,2401,24201,11201.0,10851.40650406504,123,7.783640596221253,10.094149233605084,9.32375833901174
2008,476,6201,184.3,38.71,38.71848739495798,8.732465848349879,38.0,2401,24201,11201.0,10851.40650406504,123,7.783640596221253,10.094149233605084,9.32375833901174
2008,476,6301,183.5,38.55,38.55042016806723,8.748463629942055,38.0,2401,24201,11201.0,10851.40650406504,123,7.783640596221253,10.094149233605084,9.32375833901174
2008,476,6401,182.7,38.39,38.382352941176464,8.764209507142004,38.0,2401,24201,11201.0,10851.40650406504,123,7.783640596221253,10.094149233605084,9.32375833901174
2008,476,6501,182.0,38.24,38.23529411764706,8.77971129020447,38.0,2401,24201,11201.0,10851.40650406504,123,7.783640596221253,10.094149233605084,9.32375833901174
2008,476,6601,181.4,38.1,38.109243697478995,8.79497643168877,38.0,2401,24201,11201.0,10851.40650406504,123,7.783640596221253,10.094149233605084,9.32375833901174
2008,476,6701,180.8,37.98,37.98319327731093,8.81001204797317,37.0,2701,26201,12601.0,12353.713178294574,129,7.901377353792616,10.173552856959743,9.441531454869693
2008,476,6801,180.2,37.86,37.857142857142854,8.824824939175638,37.0,2701,26201,12601.0,12353.713178294574,129,7.901377353792616,10.173552856959743,9.441531454869693
2008,476,6901,179.6,37.74,37.73109243697479,8.839421607620602,37.0,2701,26201,12601.0,12353.713178294574,129,7.901377353792616,10.173552856959743,9.441531454869693
2008,476,7001,179.0,37.61,37.60504201680672,8.853808274977197,37.0,2701,26201,12601.0,12353.713178294574,129,7.901377353792616,10.173552856959743,9.441531454869693
2008,476,7101,178.3,37.45,37.457983193277315,8.867990898182093,37.0,2701,26201,12601.0,12353.713178294574,129,7.901377353792616,10.173552856959743,9.441531454869693
2008,476,7201,177.5,37.28,37.28991596638656,8.881975184248867,37.0,2701,26201,12601.0,12353.713178294574,129,7.901377353792616,10.173552856959743,9.441531454869693
2008,476,7301,176.6,37.11,37.10084033613445,8.895766604056085,37.0,2701,26201,12601.0,12353.713178294574,129,7.901377353792616,10.173552856959743,9.441531454869693
2008,476,7401,175.8,36.93,36.9327731092437,8.909370405197466,36.0,2901,28401,13701.0,13498.278911564626,147,7.972810784121404,10.254179634797001,9.525224101853109
2008,476,7501,175.0,36.76,36.76470588235294,8.922791623969637,36.0,2901,28401,13701.0,13498.278911564626,147,7.972810784121404,10.254179634797001,9.525224101853109
2008,476,7601,174.2,36.6,36.59663865546218,8.936035096566041,36.0,2901,28401,13701.0,13498.278911564626,147,7.972810784121404,10.254179634797001,9.525224101853109
2008,476,7701,173.5,36.44,36.44957983193277,8.94910546953925,36.0,2901,28401,13701.0,13498.278911564626,147,7.972810784121404,10.254179634797001,9.525224101853109
2008,476,7801,172.7,36.29,36.28151260504202,8.962007209588313,36.0,2901,28401,13701.0,13498.278911564626,147,7.972810784121404,10.254179634797001,9.525224101853109
2008,476,7901,172.0,36.13,36.134453781512605,8.974744612722734,36.0,2901,28401,13701.0,13498.278911564626,147,7.972810784121404,10.254179634797001,9.525224101853109
2009,480,1,424.0,88.33,88.33333333333333,0.0,88.0,1,11,6.0,6.0,4,0.0,2.3978952727983707,1.791759469228055
2009,480,11,384.0,80.0,80.0,2.3978952727983707,80.0,11,201,31.0,56.0,6,2.3978952727983707,5.303304908059076,3.4339872044851463
2009,480,51,364.0,75.83,75.83333333333333,3.9318256327243257,75.0,51,601,101.0,193.85714285714286,7,3.9318256327243257,6.398594934535208,4.61512051684126
2009,480,101,349.0,72.71,72.70833333333333,4.61512051684126,72.0,101,1001,301.0,443.85714285714283,7,4.61512051684126,6.90875477931522,5.707110264748875
2009,480,201,329.0,68.54,68.54166666666667,5.303304908059076,68.0,201,1701,401.0,616.3846153846154,13,5.303304908059076,7.438971592395862,5.993961427306569
2009,480,301,316.0,65.83,65.83333333333333,5.707110264748875,65.0,101,2401,801.0,1014.3333333333334,15,4.61512051684126,7.783640596221253,6.68586094706836
2009,480,401,309.0,64.38,64.375,5.993961427306569,64.0,301,2601,701.0,1047.1538461538462,13,5.707110264748875,7.8636512654486515,6.55250788703459
2009,480,501,302.0,62.92,62.916666666666664,6.2166061010848646,62.0,401,3301,1201.0,1521.0,15,5.993961427306569,8.101980731853192,7.0909098220799835
2009,480,601,297.0,61.88,61.875,6.398594934535208,61.0,201,3601,901.0,1305.7619047619048,21,5.303304908059076,8.188966863648876,6.803505257608338
2009,480,701,291.0,60.63,60.62499999999999,6.55250788703459,60.0,501,3901,1401.0,1687.9565217391305,23,6.2166061010848646,8.268988209506656,7.244941546337007
2009,480,801,286.0,59.58,59.583333333333336,6.68586094706836,59.0,501,4401,1701.0,2232.5789473684213,19,6.2166061010848646,8.38958706681109,7.438971592395862
2009,480,901,282.0,58.75,58.75,6.803505257608338,58.0,301,4801,1501.0,1926.9259259259259,27,5.707110264748875,8.476579508530941,7.313886831633462
2009,480,1001,278.0,57.92,57.91666666666667,6.90875477931522,57.0,601,5201,1901.0,2273.0,25,6.398594934535208,8.556606193773073,7.550135342488429
2009,480,1101,274.0,57.08,57.08333333333333,7.00397413672268,57.0,601,5201,1901.0,2273.0,25,6.398594934535208,8.556606193773073,7.550135342488429
2009,480,1201,271.0,56.46,56.458333333333336,7.0909098220799835,56.0,401,5901,2101.0,2678.1428571428573,35,5.993961427306569,8.682877107057168,7.650168700845001
2009,480,1301,267.0,55.63,55.625,7.170888478512505,55.0,401,6301,2201.0,2607.25,32,5.993961427306569,8.748463629942055,7.696667081526462
2009,480,1401,264.0,55.0,55.00000000000001,7.244941546337007,55.0,401,6301,2201.0,2607.25,32,5.993961427306569,8.748463629942055,7.696667081526462
2009,480,1501,262.0,54.58,54.58333333333333,7.313886831633462,54.0,501,6901,2651.0,3181.5555555555557,36,6.2166061010848646,8.839421607620602,7.8826922062890254
2009,480,1601,259.0,53.96,53.95833333333333,7.3783837129967145,53.0,501,7601,2901.0,3366.1162790697676,43,6.2166061010848646,8.936035096566041,7.972810784121404
2009,480,1701,257.0,53.54,53.541666666666664,7.438971592395862,53.0,501,7601,2901.0,3366.1162790697676,43,6.2166061010848646,8.936035096566041,7.972810784121404
2009,480,1801,254.0,52.92,52.916666666666664,7.496097345175956,52.0,701,8101,2901.0,3608.317073170732,41,6.55250788703459,8.999742789830492,7.972810784121404
2009,480,1901,252.0,52.5,52.5,7.550135342488429,52.0,701,8101,2901.0,3608.317073170732,41,6.55250788703459,8.999742789830492,7.972810784121404
2009,480,2001,249.0,51.88,51.87500000000001,7.601402334583733,51.0,601,8901,3451.0,3991.740740740741,54,6.398594934535208,9.093918908958932,8.146419323098003
2009,480,2101,247.0,51.46,51.45833333333333,7.650168700845001,51.0,601,8901,3451.0,3991.740740740741,54,6.398594934535208,9.093918908958932,8.146419323098003
2009,480,2201,246.0,51.25,51.24999999999999,7.696667081526462,51.0,601,8901,3451.0,3991.740740740741,54,6.398594934535208,9.093918908958932,8.146419323098003
2009,480,2301,243.0,50.63,50.625,7.741099090035366,50.0,701,9801,3851.0,4534.333333333333,60,6.55250788703459,9.19023970026918,8.25608813381491
2009,480,2401,241.0,50.21,50.208333333333336,7.783640596221253,50.0,701,9801,3851.0,4534.333333333333,60,6.55250788703459,9.19023970026918,8.25608813381491
2009,480,2501,239.0,49.79,49.791666666666664,7.824445930877619,49.0,801,10501,4001.0,4608.317073170731,41,6.68586094706836,9.259225769705994,8.294299608857235
2009,480,2601,237.0,49.38,49.375,7.8636512654486515,49.0,801,10501,4001.0,4608.317073170731,41,6.68586094706836,9.259225769705994,8.294299608857235
2009,480,2701,235.0,48.96,48.95833333333333,7.901377353792616,48.0,901,11401,4251.0,4716.0,60,6.803505257608338,9.34145634983372,8.35490952835879
2009,480,2801,234.0,48.75,48.75,7.937731775260109,48.0,901,11401,4251.0,4716.0,60,6.803505257608338,9.34145634983372,8.35490952835879
2009,480,2901,232.0,48.33,48.333333333333336,7.972810784121404,48.0,901,11401,4251.0,4716.0,60,6.803505257608338,9.34145634983372,8.35490952835879
2009,480,3001,230.0,47.92,47.91666666666667,8.006700845440367,47.0,1001,12201,4001.0,4997.363636363636,55,6.90875477931522,9.409273194575334,8.294299608857235
2009,480,3101,229.0,47.71,47.708333333333336,8.03947991910045,47.0,1001,12201,4001.0,4997.363636363636,55,6.90875477931522,9.409273194575334,8.294299608857235
2009,480,3201,227.0,47.29,47.291666666666664,8.071218539969863,47.0,1001,12201,4001.0,4997.363636363636,55,6.90875477931522,9.409273194575334,8.294299608857235
2009,480,3301,226.0,47.08,47.083333333333336,8.101980731853192,47.0,1001,12201,4001.0,4997.363636363636,55,6.90875477931522,9.409273194575334,8.294299608857235
2009,480,3401,224.0,46.67,46.666666666666664,8.131824785007195,46.0,1101,13401,5351.0,5896.588235294118,68,7.00397413672268,9.503084610020228,8.585038738311304
2009,480,3501,223.0,46.46,46.458333333333336,8.160803920954665,46.0,1101,13401,5351.0,5896.588235294118,68,7.00397413672268,9.503084610020228,8.585038738311304
2009,480,3601,222.0,46.25,46.25,8.188966863648876,46.0,1101,13401,5351.0,5896.588235294118,68,7.00397413672268,9.503084610020228,8.585038738311304
2009,480,3701,220.0,45.83,45.83333333333333,8.216358332386156,45.0,1201,14501,5701.0,6161.273972602739,73,7.0909098220799835,9.581972891547895,8.648396877031582
2009,480,3801,219.0,45.63,45.625,8.24301946898925,45.0,1201,14501,5701.0,6161.273972602739,73,7.0909098220799835,9.581972891547895,8.648396877031582
2009,480,3901,218.0,45.42,45.416666666666664,8.268988209506656,45.0,1201,14501,5701.0,6161.273972602739,73,7.0909098220799835,9.581972891547895,8.648396877031582
2009,480,4001,216.0,45.0,45.0,8.294299608857235,45.0,1201,14501,5701.0,6161.273972602739,73,7.0909098220799835,9.581972891547895,8.648396877031582
2009,480,4101,215.0,44.79,44.79166666666667,8.31898612539206,44.0,1301,15501,5401.0,6494.1506849315065,73,7.170888478512505,9.648659816955295,8.594339400592892
2009,480,4201,214.0,44.58,44.583333333333336,8.343077871169383,44.0,1301,15501,5401.0,6494.1506849315065,73,7.170888478512505,9.648659816955295,8.594339400592892
2009,480,4301,213.0,44.38,44.375,8.366602832783736,44.0,1301,15501,5401.0,6494.1506849315065,73,7.170888478512505,9.648659816955295,8.594339400592892
2009,480,4401,212.0,44.17,44.166666666666664,8.38958706681109,44.0,1301,15501,5401.0,6494.1506849315065,73,7.170888478512505,9.648659816955295,8.594339400592892
2009,480,4501,211.0,43.96,43.958333333333336,8.412054873292933,43.0,1501,16801,6951.0,7356.555555555556,90,7.313886831633462,9.729193687429403,8.846640813100485
2009,480,4601,210.0,43.75,43.75,8.434028950155469,43.0,1501,16801,6951.0,7356.555555555556,90,7.313886831633462,9.729193687429403,8.846640813100485
2009,480,4701,209.0,43.54,43.541666666666664,8.45553053102413,43.0,1501,16801,6951.0,7356.555555555556,90,7.313886831633462,9.729193687429403,8.846640813100485
2009,480,4801,208.0,43.33,43.333333333333336,8.476579508530941,43.0,1501,16801,6951.0,7356.555555555556,90,7.313886831633462,9.729193687429403,8.846640813100485
2009,480,4901,206.0,42.92,42.916666666666664,8.497194544909547,42.0,1601,18401,7901.0,8481.459770114943,87,7.3783837129967145,9.820160289946374,8.974744612722734
2009,480,5001,205.0,42.71,42.70833333333333,8.517393171418904,42.0,1601,18401,7901.0,8481.459770114943,87,7.3783837129967145,9.820160289946374,8.974744612722734
2009,480,5101,204.0,42.5,42.5,8.537191877922927,42.0,1601,18401,7901.0,8481.459770114943,87,7.3783837129967145,9.820160289946374,8.974744612722734
2009,480,5201,203.0,42.29,42.291666666666664,8.556606193773073,42.0,1601,18401,7901.0,8481.459770114943,87,7.3783837129967145,9.820160289946374,8.974744612722734
2009,480,5301,202.0,42.08,42.083333333333336,8.575650760987806,42.0,1601,18401,7901.0,8481.459770114943,87,7.3783837129967145,9.820160289946374,8.974744612722734
2009,480,5401,201.0,41.88,41.875,8.594339400592892,41.0,1701,19401,7351.0,8254.125,96,7.438971592395862,9.873079890114703,8.902591637374087
2009,480,5501,200.0,41.67,41.66666666666667,8.612685172875459,41.0,1701,19401,7351.0,8254.125,96,7.438971592395862,9.873079890114703,8.902591637374087
2009,480,5601,199.0,41.46,41.458333333333336,8.630700432209832,41.0,1701,19401,7351.0,8254.125,96,7.438971592395862,9.873079890114703,8.902591637374087
2009,480,5701,198.0,41.25,41.25,8.648396877031582,41.0,1701,19401,7351.0,8254.125,96,7.438971592395862,9.873079890114703,8.902591637374087
2009,480,5801,197.0,41.04,41.041666666666664,8.665785595466064,41.0,1701,19401,7351.0,8254.125,96,7.438971592395862,9.873079890114703,8.902591637374087
2009,480,5901,196.0,40.83,40.833333333333336,8.682877107057168,40.0,1901,21101,8351.0,9465.406779661016,118,7.550135342488429,9.957075711706057,9.03013657115323
2009,480,6001,196.0,40.83,40.833333333333336,8.699681400989514,40.0,1901,21101,8351.0,9465.406779661016,118,7.550135342488429,9.957075711706057,9.03013657115323
2009,480,6101,195.0,40.63,40.625,8.716207971151853,40.0,1901,21101,8351.0,9465.406779661016,118,7.550135342488429,9.957075711706057,9.03013657115323
2009,480,6201,194.0,40.42,40.416666666666664,8.732465848349879,40.0,1901,21101,8351.0,9465.406779661016,118,7.550135342488429,9.957075711706057,9.03013657115323
2009,480,6301,193.0,40.21,40.208333333333336,8.748463629942055,40.0,1901,21101,8351.0,9465.406779661016,118,7.550135342488429,9.957075711706057,9.03013657115323
2009,480,6401,192.0,40.0,40.0,8.764209507142004,40.0,1901,21101,8351.0,9465.406779661016,118,7.550135342488429,9.957075711706057,9.03013657115323
2009,480,6501,191.0,39.79,39.791666666666664,8.77971129020447,39.0,2201,22801,9351.0,10543.452830188678,106,7.696667081526462,10.034559673629849,9.143238568435446
2009,480,6601,190.0,39.58,39.58333333333333,8.79497643168877,39.0,2201,22801,9351.0,10543.452830188678,106,7.696667081526462,10.034559673629849,9.143238568435446
2009,480,6701,190.0,39.58,39.58333333333333,8.81001204797317,39.0,2201,22801,9351.0,10543.452830188678,106,7.696667081526462,10.034559673629849,9.143238568435446
2009,480,6801,189.0,39.38,39.375,8.824824939175638,39.0,2201,22801,9351.0,10543.452830188678,106,7.696667081526462,10.034559673629849,9.143238568435446
2009,480,6901,188.0,39.17,39.166666666666664,8.839421607620602,39.0,2201,22801,9351.0,10543.452830188678,106,7.696667081526462,10.034559673629849,9.143238568435446
2009,480,7001,187.0,38.96,38.958333333333336,8.853808274977197,38.0,2401,24201,11201.0,10851.40650406504,123,7.783640596221253,10.094149233605084,9.32375833901174
2009,480,7101,187.0,38.96,38.958333333333336,8.867990898182093,38.0,2401,24201,11201.0,10851.40650406504,123,7.783640596221253,10.094149233605084,9.32375833901174
2009,480,7201,186.0,38.75,38.75,8.881975184248867,38.0,2401,24201,11201.0,10851.40650406504,123,7.783640596221253,10.094149233605084,9.32375833901174
2009,480,7301,185.0,38.54,38.54166666666667,8.895766604056085,38.0,2401,24201,11201.0,10851.40650406504,123,7.783640596221253,10.094149233605084,9.32375833901174
2009,480,7401,185.0,38.54,38.54166666666667,8.909370405197466,38.0,2401,24201,11201.0,10851.40650406504,123,7.783640596221253,10.094149233605084,9.32375833901174
2009,480,7501,184.0,38.33,38.333333333333336,8.922791623969637,38.0,2401,24201,11201.0,10851.40650406504,123,7.783640596221253,10.094149233605084,9.32375833901174
2009,480,7601,183.0,38.13,38.125,8.936035096566041,38.0,2401,24201,11201.0,10851.40650406504,123,7.783640596221253,10.094149233605084,9.32375833901174
2009,480,7701,182.0,37.92,37.916666666666664,8.94910546953925,37.0,2701,26201,12601.0,12353.713178294574,129,7.901377353792616,10.173552856959743,9.441531454869693
2009,480,7801,182.0,37.92,37.916666666666664,8.962007209588313,37.0,2701,26201,12601.0,12353.713178294574,129,7.901377353792616,10.173552856959743,9.441531454869693
2009,480,7901,181.0,37.71,37.708333333333336,8.974744612722734,37.0,2701,26201,12601.0,12353.713178294574,129,7.901377353792616,10.173552856959743,9.441531454869693
2009,480,8001,180.0,37.5,37.5,8.987321812850125,37.0,2701,26201,12601.0,12353.713178294574,129,7.901377353792616,10.173552856959743,9.441531454869693
2009,480,8101,180.0,37.5,37.5,8.999742789830492,37.0,2701,26201,12601.0,12353.713178294574,129,7.901377353792616,10.173552856959743,9.441531454869693
2009,480,8201,179.0,37.29,37.291666666666664,9.012011377036412,37.0,2701,26201,12601.0,12353.713178294574,129,7.901377353792616,10.173552856959743,9.441531454869693
2009,480,8301,178.0,37.08,37.083333333333336,9.024131268455035,37.0,2701,26201,12601.0,12353.713178294574,129,7.901377353792616,10.173552856959743,9.441531454869693
2009,480,8401,177.0,36.88,36.875,9.036106025364846,36.0,2901,28401,13701.0,13498.278911564626,147,7.972810784121404,10.254179634797001,9.525224101853109
2009,480,8501,177.0,36.88,36.875,9.04793908261736,36.0,2901,28401,13701.0,13498.278911564626,147,7.972810784121404,10.254179634797001,9.525224101853109
2009,480,8601,176.0,36.67,36.666666666666664,9.059633754551479,36.0,2901,28401,13701.0,13498.278911564626,147,7.972810784121404,10.254179634797001,9.525224101853109
2009,480,8701,175.0,36.46,36.45833333333333,9.071193240566025,36.0,2901,28401,13701.0,13498.278911564626,147,7.972810784121404,10.254179634797001,9.525224101853109
2009,480,8801,175.0,36.46,36.45833333333333,9.082620630373812,36.0,2901,28401,13701.0,13498.278911564626,147,7.972810784121404,10.254179634797001,9.525224101853109
2009,480,8901,174.0,36.25,36.25,9.093918908958932,36.0,2901,28401,13701.0,13498.278911564626,147,7.972810784121404,10.254179634797001,9.525224101853109
2009,480,9001,174.0,36.25,36.25,9.105090961257085,36.0,2901,28401,13701.0,13498.278911564626,147,7.972810784121404,10.254179634797001,9.525224101853109
2009,480,9101,173.0,36.04,36.041666666666664,9.116139576577355,36.0,2901,28401,13701.0,13498.278911564626,147,7.972810784121404,10.254179634797001,9.525224101853109
2009,480,9201,172.0,35.83,35.833333333333336,9.127067452782361,35.0,3201,30101,15251.0,14490.583333333334,144,8.071218539969863,10.31231367277647,9.632400353656184
2009,480,9301,172.0,35.83,35.833333333333336,9.137877200242468,35.0,3201,30101,15251.0,14490.583333333334,144,8.071218539969863,10.31231367277647,9.632400353656184
2009,480,9401,171.0,35.63,35.625,9.148571345578551,35.0,3201,30101,15251.0,14490.583333333334,144,8.071218539969863,10.31231367277647,9.632400353656184
2009,480,9501,171.0,35.63,35.625,9.15915233520675,35.0,3201,30101,15251.0,14490.583333333334,144,8.071218539969863,10.31231367277647,9.632400353656184
2009,480,9601,170.0,35.42,35.41666666666667,9.169622538697624,35.0,3201,30101,15251.0,14490.583333333334,144,8.071218539969863,10.31231367277647,9.632400353656184
2009,480,9701,169.0,35.21,35.208333333333336,9.179984251961283,35.0,3201,30101,15251.0,14490.583333333334,144,8.071218539969863,10.31231367277647,9.632400353656184
2009,480,9801,168.0,35.0,35.0,9.19023970026918,35.0,3201,30101,15251.0,14490.583333333334,144,8.071218539969863,10.31231367277647,9.632400353656184
2009,480,9901,168.0,35.0,35.0,9.200391041122515,35.0,3201,30101,15251.0,14490.583333333334,144,8.071218539969863,10.31231367277647,9.632400353656184
2009,480,10001,167.0,34.79,34.791666666666664,9.210440366976517,34.0,3601,30801,11051.0,13145.68085106383,94,8.188966863648876,10.335302435967074,9.310276200588783
2010,489,1,418.0,85.48,85.48057259713701,0.0,85.0,1,51,11.0,21.0,3,0.0,3.9318256327243257,2.3978952727983707
2010,489,11,392.0,80.16,80.16359918200409,2.3978952727983707,80.0,11,201,31.0,56.0,6,2.3978952727983707,5.303304908059076,3.4339872044851463
2010,489,51,365.0,74.64,74.64212678936605,3.9318256327243257,74.0,51,701,201.0,251.0,6,3.9318256327243257,6.55250788703459,5.303304908059076
2010,489,101,346.0,70.76,70.75664621676891,4.61512051684126,70.0,51,1301,301.0,431.7692307692308,13,3.9318256327243257,7.170888478512505,5.707110264748875
2010,489,201,329.0,67.28,67.280163599182,5.303304908059076,67.0,201,1901,901.0,988.5,8,5.303304908059076,7.550135342488429,6.803505257608338
2010,489,301,317.0,64.83,64.82617586912065,5.707110264748875,64.0,301,2601,701.0,1047.1538461538462,13,5.707110264748875,7.8636512654486515,6.55250788703459
2010,489,401,310.0,63.39,63.394683026584865,5.993961427306569,63.0,301,3001,1001.0,1371.5882352941176,17,5.707110264748875,8.006700845440367,6.90875477931522
2010,489,501,304.0,62.17,62.16768916155419,6.2166061010848646,62.0,401,3301,1201.0,1521.0,15,5.993961427306569,8.101980731853192,7.0909098220799835
2010,489,601,299.0,61.15,61.145194274028626,6.398594934535208,61.0,201,3601,901.0,1305.7619047619048,21,5.303304908059076,8.188966863648876,6.803505257608338
2010,489,701,295.0,60.33,60.32719836400818,6.55250788703459,60.0,501,3901,1401.0,1687.9565217391305,23,6.2166061010848646,8.268988209506656,7.244941546337007
2010,489,801,290.0,59.3,59.30470347648262,6.68586094706836,59.0,501,4401,1701.0,2232.5789473684213,19,6.2166061010848646,8.38958706681109,7.438971592395862
2010,489,901,287.0,58.69,58.691206543967276,6.803505257608338,58.0,301,4801,1501.0,1926.9259259259259,27,5.707110264748875,8.476579508530941,7.313886831633462
2010,489,1001,283.0,57.87,57.873210633946826,6.90875477931522,57.0,601,5201,1901.0,2273.0,25,6.398594934535208,8.556606193773073,7.550135342488429
2010,489,1101,280.0,57.26,57.259713701431494,7.00397413672268,57.0,601,5201,1901.0,2273.0,25,6.398594934535208,8.556606193773073,7.550135342488429
2010,489,1201,277.0,56.65,56.646216768916155,7.0909098220799835,56.0,401,5901,2101.0,2678.1428571428573,35,5.993961427306569,8.682877107057168,7.650168700845001
2010,489,1301,274.0,56.03,56.032719836400815,7.170888478512505,56.0,401,5901,2101.0,2678.1428571428573,35,5.993961427306569,8.682877107057168,7.650168700845001
2010,489,1401,271.0,55.42,55.419222903885476,7.244941546337007,55.0,401,6301,2201.0,2607.25,32,5.993961427306569,8.748463629942055,7.696667081526462
2010,489,1501,269.0,55.01,55.010224948875255,7.313886831633462,55.0,401,6301,2201.0,2607.25,32,5.993961427306569,8.748463629942055,7.696667081526462
2010,489,1601,267.0,54.6,54.601226993865026,7.3783837129967145,54.0,501,6901,2651.0,3181.5555555555557,36,6.2166061010848646,8.839421607620602,7.8826922062890254
2010,489,1701,264.0,53.99,53.987730061349694,7.438971592395862,53.0,501,7601,2901.0,3366.1162790697676,43,6.2166061010848646,8.936035096566041,7.972810784121404
2010,489,1801,262.0,53.58,53.578732106339466,7.496097345175956,53.0,501,7601,2901.0,3366.1162790697676,43,6.2166061010848646,8.936035096566041,7.972810784121404
2010,489,1901,261.0,53.37,53.37423312883436,7.550135342488429,53.0,501,7601,2901.0,3366.1162790697676,43,6.2166061010848646,8.936035096566041,7.972810784121404
2010,489,2001,259.0,52.97,52.965235173824134,7.601402334583733,52.0,701,8101,2901.0,3608.317073170732,41,6.55250788703459,8.999742789830492,7.972810784121404
2010,489,2101,257.0,52.56,52.556237218813905,7.650168700845001,52.0,701,8101,2901.0,3608.317073170732,41,6.55250788703459,8.999742789830492,7.972810784121404
2010,489,2201,255.0,52.15,52.14723926380368,7.696667081526462,52.0,701,8101,2901.0,3608.317073170732,41,6.55250788703459,8.999742789830492,7.972810784121404
2010,489,2301,253.0,51.74,51.738241308793455,7.741099090035366,51.0,601,8901,3451.0,3991.740740740741,54,6.398594934535208,9.093918908958932,8.146419323098003
2010,489,2401,251.0,51.33,51.32924335378323,7.783640596221253,51.0,601,8901,3451.0,3991.740740740741,54,6.398594934535208,9.093918908958932,8.146419323098003
2010,489,2501,250.0,51.12,51.124744376278116,7.824445930877619,51.0,601,8901,3451.0,3991.740740740741,54,6.398594934535208,9.093918908958932,8.146419323098003
2010,489,2601,248.0,50.72,50.715746421267895,7.8636512654486515,50.0,701,9801,3851.0,4534.333333333333,60,6.55250788703459,9.19023970026918,8.25608813381491
2010,489,2701,247.0,50.51,50.511247443762784,7.901377353792616,50.0,701,9801,3851.0,4534.333333333333,60,6.55250788703459,9.19023970026918,8.25608813381491
2010,489,2801,246.0,50.31,50.306748466257666,7.937731775260109,50.0,701,9801,3851.0,4534.333333333333,60,6.55250788703459,9.19023970026918,8.25608813381491
2010,489,2901,245.0,50.1,50.10224948875256,7.972810784121404,50.0,701,9801,3851.0,4534.333333333333,60,6.55250788703459,9.19023970026918,8.25608813381491
2010,489,3001,243.0,49.69,49.693251533742334,8.006700845440367,49.0,801,10501,4001.0,4608.317073170731,41,6.68586094706836,9.259225769705994,8.294299608857235
2010,489,3101,242.0,49.49,49.48875255623722,8.03947991910045,49.0,801,10501,4001.0,4608.317073170731,41,6.68586094706836,9.259225769705994,8.294299608857235
2010,489,3201,241.0,49.28,49.284253578732105,8.071218539969863,49.0,801,10501,4001.0,4608.317073170731,41,6.68586094706836,9.259225769705994,8.294299608857235
2010,489,3301,239.0,48.88,48.875255623721884,8.101980731853192,48.0,901,11401,4251.0,4716.0,60,6.803505257608338,9.34145634983372,8.35490952835879
2010,489,3401,237.0,48.47,48.466257668711656,8.131824785007195,48.0,901,11401,4251.0,4716.0,60,6.803505257608338,9.34145634983372,8.35490952835879
2010,489,3501,236.0,48.26,48.261758691206545,8.160803920954665,48.0,901,11401,4251.0,4716.0,60,6.803505257608338,9.34145634983372,8.35490952835879
2010,489,3601,235.0,48.06,48.057259713701434,8.188966863648876,48.0,901,11401,4251.0,4716.0,60,6.803505257608338,9.34145634983372,8.35490952835879
2010,489,3701,234.0,47.85,47.85276073619632,8.216358332386156,47.0,1001,12201,4001.0,4997.363636363636,55,6.90875477931522,9.409273194575334,8.294299608857235
2010,489,3801,233.0,47.65,47.648261758691206,8.24301946898925,47.0,1001,12201,4001.0,4997.363636363636,55,6.90875477931522,9.409273194575334,8.294299608857235
2010,489,3901,232.0,47.44,47.443762781186095,8.268988209506656,47.0,1001,12201,4001.0,4997.363636363636,55,6.90875477931522,9.409273194575334,8.294299608857235
2010,489,4001,231.0,47.24,47.239263803680984,8.294299608857235,47.0,1001,12201,4001.0,4997.363636363636,55,6.90875477931522,9.409273194575334,8.294299608857235
2010,489,4101,230.0,47.03,47.034764826175866,8.31898612539206,47.0,1001,12201,4001.0,4997.363636363636,55,6.90875477931522,9.409273194575334,8.294299608857235
2010,489,4201,229.0,46.83,46.830265848670756,8.343077871169383,46.0,1101,13401,5351.0,5896.588235294118,68,7.00397413672268,9.503084610020228,8.585038738311304
2010,489,4301,227.0,46.42,46.421267893660534,8.366602832783736,46.0,1101,13401,5351.0,5896.588235294118,68,7.00397413672268,9.503084610020228,8.585038738311304
2010,489,4401,226.0,46.22,46.216768916155424,8.38958706681109,46.0,1101,13401,5351.0,5896.588235294118,68,7.00397413672268,9.503084610020228,8.585038738311304
2010,489,4501,225.0,46.01,46.012269938650306,8.412054873292933,46.0,1101,13401,5351.0,5896.588235294118,68,7.00397413672268,9.503084610020228,8.585038738311304
2010,489,4601,224.0,45.81,45.807770961145195,8.434028950155469,45.0,1201,14501,5701.0,6161.273972602739,73,7.0909098220799835,9.581972891547895,8.648396877031582
2010,489,4701,223.0,45.6,45.603271983640084,8.45553053102413,45.0,1201,14501,5701.0,6161.273972602739,73,7.0909098220799835,9.581972891547895,8.648396877031582
2010,489,4801,222.0,45.4,45.39877300613497,8.476579508530941,45.0,1201,14501,5701.0,6161.273972602739,73,7.0909098220799835,9.581972891547895,8.648396877031582
2010,489,4901,221.0,45.19,45.194274028629856,8.497194544909547,45.0,1201,14501,5701.0,6161.273972602739,73,7.0909098220799835,9.581972891547895,8.648396877031582
2010,489,5001,220.0,44.99,44.989775051124745,8.517393171418904,44.0,1301,15501,5401.0,6494.1506849315065,73,7.170888478512505,9.648659816955295,8.594339400592892
2010,489,5101,219.0,44.79,44.785276073619634,8.537191877922927,44.0,1301,15501,5401.0,6494.1506849315065,73,7.170888478512505,9.648659816955295,8.594339400592892
2010,489,5201,219.0,44.79,44.785276073619634,8.556606193773073,44.0,1301,15501,5401.0,6494.1506849315065,73,7.170888478512505,9.648659816955295,8.594339400592892
2010,489,5301,218.0,44.58,44.580777096114524,8.575650760987806,44.0,1301,15501,5401.0,6494.1506849315065,73,7.170888478512505,9.648659816955295,8.594339400592892
2010,489,5401,217.0,44.38,44.376278118609406,8.594339400592892,44.0,1301,15501,5401.0,6494.1506849315065,73,7.170888478512505,9.648659816955295,8.594339400592892
2010,489,5501,216.0,44.17,44.171779141104295,8.612685172875459,44.0,1301,15501,5401.0,6494.1506849315065,73,7.170888478512505,9.648659816955295,8.594339400592892
2010,489,5601,215.0,43.97,43.967280163599185,8.630700432209832,43.0,1501,16801,6951.0,7356.555555555556,90,7.313886831633462,9.729193687429403,8.846640813100485
2010,489,5701,214.0,43.76,43.76278118609407,8.648396877031582,43.0,1501,16801,6951.0,7356.555555555556,90,7.313886831633462,9.729193687429403,8.846640813100485
2010,489,5801,214.0,43.76,43.76278118609407,8.665785595466064,43.0,1501,16801,6951.0,7356.555555555556,90,7.313886831633462,9.729193687429403,8.846640813100485
2010,489,5901,213.0,43.56,43.558282208588956,8.682877107057168,43.0,1501,16801,6951.0,7356.555555555556,90,7.313886831633462,9.729193687429403,8.846640813100485
2010,489,6001,212.0,43.35,43.353783231083845,8.699681400989514,43.0,1501,16801,6951.0,7356.555555555556,90,7.313886831633462,9.729193687429403,8.846640813100485
2010,489,6101,212.0,43.35,43.353783231083845,8.716207971151853,43.0,1501,16801,6951.0,7356.555555555556,90,7.313886831633462,9.729193687429403,8.846640813100485
2010,489,6201,211.0,43.15,43.149284253578735,8.732465848349879,43.0,1501,16801,6951.0,7356.555555555556,90,7.313886831633462,9.729193687429403,8.846640813100485
2010,489,6301,210.0,42.94,42.944785276073624,8.748463629942055,42.0,1601,18401,7901.0,8481.459770114943,87,7.3783837129967145,9.820160289946374,8.974744612722734
2010,489,6401,209.0,42.74,42.740286298568506,8.764209507142004,42.0,1601,18401,7901.0,8481.459770114943,87,7.3783837129967145,9.820160289946374,8.974744612722734
2010,489,6501,208.0,42.54,42.535787321063395,8.77971129020447,42.0,1601,18401,7901.0,8481.459770114943,87,7.3783837129967145,9.820160289946374,8.974744612722734
2010,489,6601,208.0,42.54,42.535787321063395,8.79497643168877,42.0,1601,18401,7901.0,8481.459770114943,87,7.3783837129967145,9.820160289946374,8.974744612722734
2010,489,6701,207.0,42.33,42.331288343558285,8.81001204797317,42.0,1601,18401,7901.0,8481.459770114943,87,7.3783837129967145,9.820160289946374,8.974744612722734
2010,489,6801,206.0,42.13,42.12678936605317,8.824824939175638,42.0,1601,18401,7901.0,8481.459770114943,87,7.3783837129967145,9.820160289946374,8.974744612722734
2010,489,6901,205.0,41.92,41.922290388548056,8.839421607620602,41.0,1701,19401,7351.0,8254.125,96,7.438971592395862,9.873079890114703,8.902591637374087
2010,489,7001,205.0,41.92,41.922290388548056,8.853808274977197,41.0,1701,19401,7351.0,8254.125,96,7.438971592395862,9.873079890114703,8.902591637374087
2010,489,7101,204.0,41.72,41.717791411042946,8.867990898182093,41.0,1701,19401,7351.0,8254.125,96,7.438971592395862,9.873079890114703,8.902591637374087
2010,489,7201,203.0,41.51,41.513292433537835,8.881975184248867,41.0,1701,19401,7351.0,8254.125,96,7.438971592395862,9.873079890114703,8.902591637374087
2010,489,7301,203.0,41.51,41.513292433537835,8.895766604056085,41.0,1701,19401,7351.0,8254.125,96,7.438971592395862,9.873079890114703,8.902591637374087
2010,489,7401,202.0,41.31,41.308793456032724,8.909370405197466,41.0,1701,19401,7351.0,8254.125,96,7.438971592395862,9.873079890114703,8.902591637374087
2010,489,7501,201.0,41.1,41.104294478527606,8.922791623969637,41.0,1701,19401,7351.0,8254.125,96,7.438971592395862,9.873079890114703,8.902591637374087
2010,489,7601,200.0,40.9,40.899795501022496,8.936035096566041,40.0,1901,21101,8351.0,9465.406779661016,118,7.550135342488429,9.957075711706057,9.03013657115323
2010,489,7701,200.0,40.9,40.899795501022496,8.94910546953925,40.0,1901,21101,8351.0,9465.406779661016,118,7.550135342488429,9.957075711706057,9.03013657115323
2010,489,7801,199.0,40.7,40.695296523517385,8.962007209588313,40.0,1901,21101,8351.0,9465.406779661016,118,7.550135342488429,9.957075711706057,9.03013657115323
2010,489,7901,198.0,40.49,40.49079754601227,8.974744612722734,40.0,1901,21101,8351.0,9465.406779661016,118,7.550135342488429,9.957075711706057,9.03013657115323
2010,489,8001,198.0,40.49,40.49079754601227,8.987321812850125,40.0,1901,21101,8351.0,9465.406779661016,118,7.550135342488429,9.957075711706057,9.03013657115323
2010,489,8101,198.0,40.49,40.49079754601227,8.999742789830492,40.0,1901,21101,8351.0,9465.406779661016,118,7.550135342488429,9.957075711706057,9.03013657115323
2010,489,8201,197.0,40.29,40.286298568507156,9.012011377036412,40.0,1901,21101,8351.0,9465.406779661016,118,7.550135342488429,9.957075711706057,9.03013657115323
2010,489,8301,197.0,40.29,40.286298568507156,9.024131268455035,40.0,1901,21101,8351.0,9465.406779661016,118,7.550135342488429,9.957075711706057,9.03013657115323
2010,489,8401,196.0,40.08,40.081799591002046,9.036106025364846,40.0,1901,21101,8351.0,9465.406779661016,118,7.550135342488429,9.957075711706057,9.03013657115323
2010,489,8501,195.0,39.88,39.87730061349693,9.04793908261736,39.0,2201,22801,9351.0,10543.452830188678,106,7.696667081526462,10.034559673629849,9.143238568435446
2010,489,8601,194.0,39.67,39.672801635991824,9.059633754551479,39.0,2201,22801,9351.0,10543.452830188678,106,7.696667081526462,10.034559673629849,9.143238568435446
2010,489,8701,194.0,39.67,39.672801635991824,9.071193240566025,39.0,2201,22801,9351.0,10543.452830188678,106,7.696667081526462,10.034559673629849,9.143238568435446
2010,489,8801,193.0,39.47,39.46830265848671,9.082620630373812,39.0,2201,22801,9351.0,10543.452830188678,106,7.696667081526462,10.034559673629849,9.143238568435446
2010,489,8901,193.0,39.47,39.46830265848671,9.093918908958932,39.0,2201,22801,9351.0,10543.452830188678,106,7.696667081526462,10.034559673629849,9.143238568435446
2010,489,9001,192.0,39.26,39.263803680981596,9.105090961257085,39.0,2201,22801,9351.0,10543.452830188678,106,7.696667081526462,10.034559673629849,9.143238568435446
2010,489,9101,192.0,39.26,39.263803680981596,9.116139576577355,39.0,2201,22801,9351.0,10543.452830188678,106,7.696667081526462,10.034559673629849,9.143238568435446
2010,489,9201,192.0,39.26,39.263803680981596,9.127067452782361,39.0,2201,22801,9351.0,10543.452830188678,106,7.696667081526462,10.034559673629849,9.143238568435446
2010,489,9301,191.0,39.06,39.059304703476485,9.137877200242468,39.0,2201,22801,9351.0,10543.452830188678,106,7.696667081526462,10.034559673629849,9.143238568435446
2010,489,9401,191.0,39.06,39.059304703476485,9.148571345578551,39.0,2201,22801,9351.0,10543.452830188678,106,7.696667081526462,10.034559673629849,9.143238568435446
2010,489,9501,190.0,38.85,38.85480572597137,9.15915233520675,38.0,2401,24201,11201.0,10851.40650406504,123,7.783640596221253,10.094149233605084,9.32375833901174
2011,480,1,440.0,91.67,91.66666666666666,0.0,91.0,1,11,6.0,6.0,2,0.0,2.3978952727983707,1.791759469228055
2011,480,11,417.0,86.88,86.875,2.3978952727983707,86.0,1,51,11.0,21.0,3,0.0,3.9318256327243257,2.3978952727983707
2011,480,51,394.0,82.08,82.08333333333333,3.9318256327243257,82.0,11,51,31.0,31.0,2,2.3978952727983707,3.9318256327243257,3.4339872044851463
2011,480,101,383.8,79.97,79.95833333333333,4.61512051684126,79.0,11,101,101.0,78.5,4,2.3978952727983707,4.61512051684126,4.61512051684126
2011,480,201,368.7,76.81,76.8125,5.303304908059076,76.0,101,501,201.0,267.6666666666667,3,4.61512051684126,6.2166061010848646,5.303304908059076
2011,480,301,358.6,74.72,74.70833333333334,5.707110264748875,74.0,51,701,201.0,251.0,6,3.9318256327243257,6.55250788703459,5.303304908059076
2011,480,401,351.8,73.28,73.29166666666667,5.993961427306569,73.0,101,801,401.0,381.0,5,4.61512051684126,6.68586094706836,5.993961427306569
2011,480,501,346.0,72.08,72.08333333333333,6.2166061010848646,72.0,101,1001,301.0,443.85714285714283,7,4.61512051684126,6.90875477931522,5.707110264748875
2011,480,601,340.7,70.98,70.97916666666666,6.398594934535208,70.0,51,1301,301.0,431.7692307692308,13,3.9318256327243257,7.170888478512505,5.707110264748875
2011,480,701,336.4,70.08,70.08333333333333,6.55250788703459,70.0,51,1301,301.0,431.7692307692308,13,3.9318256327243257,7.170888478512505,5.707110264748875
2011,480,801,332.7,69.31,69.3125,6.68586094706836,69.0,601,1501,1101.0,1076.0,4,6.398594934535208,7.313886831633462,7.00397413672268
2011,480,901,329.3,68.61,68.60416666666667,6.803505257608338,68.0,201,1701,401.0,616.3846153846154,13,5.303304908059076,7.438971592395862,5.993961427306569
2011,480,1001,326.0,67.92,67.91666666666667,6.90875477931522,67.0,201,1901,901.0,988.5,8,5.303304908059076,7.550135342488429,6.803505257608338
2011,480,1101,322.7,67.22,67.22916666666666,7.00397413672268,67.0,201,1901,901.0,988.5,8,5.303304908059076,7.550135342488429,6.803505257608338
2011,480,1201,319.5,66.56,66.5625,7.0909098220799835,66.0,101,2101,551.0,801.0,10,4.61512051684126,7.650168700845001,6.311734809152915
2011,480,1301,316.5,65.93,65.9375,7.170888478512505,65.0,101,2401,801.0,1014.3333333333334,15,4.61512051684126,7.783640596221253,6.68586094706836
2011,480,1401,313.6,65.34,65.33333333333334,7.244941546337007,65.0,101,2401,801.0,1014.3333333333334,15,4.61512051684126,7.783640596221253,6.68586094706836
2011,480,1501,311.0,64.79,64.79166666666667,7.313886831633462,64.0,301,2601,701.0,1047.1538461538462,13,5.707110264748875,7.8636512654486515,6.55250788703459
2011,480,1601,308.5,64.28,64.27083333333333,7.3783837129967145,64.0,301,2601,701.0,1047.1538461538462,13,5.707110264748875,7.8636512654486515,6.55250788703459
2011,480,1701,306.3,63.8,63.81250000000001,7.438971592395862,63.0,301,3001,1001.0,1371.5882352941176,17,5.707110264748875,8.006700845440367,6.90875477931522
2011,480,1801,304.1,63.35,63.354166666666664,7.496097345175956,63.0,301,3001,1001.0,1371.5882352941176,17,5.707110264748875,8.006700845440367,6.90875477931522
2011,480,1901,302.0,62.92,62.916666666666664,7.550135342488429,62.0,401,3301,1201.0,1521.0,15,5.993961427306569,8.101980731853192,7.0909098220799835
2011,480,2001,300.0,62.5,62.5,7.601402334583733,62.0,401,3301,1201.0,1521.0,15,5.993961427306569,8.101980731853192,7.0909098220799835
2011,480,2101,298.0,62.09,62.083333333333336,7.650168700845001,62.0,401,3301,1201.0,1521.0,15,5.993961427306569,8.101980731853192,7.0909098220799835
2011,480,2201,296.2,61.7,61.70833333333333,7.696667081526462,61.0,201,3601,901.0,1305.7619047619048,21,5.303304908059076,8.188966863648876,6.803505257608338
2011,480,2301,294.4,61.32,61.33333333333333,7.741099090035366,61.0,201,3601,901.0,1305.7619047619048,21,5.303304908059076,8.188966863648876,6.803505257608338
2011,480,2401,292.6,60.96,60.958333333333336,7.783640596221253,60.0,501,3901,1401.0,1687.9565217391305,23,6.2166061010848646,8.268988209506656,7.244941546337007
2011,480,2501,291.0,60.63,60.62499999999999,7.824445930877619,60.0,501,3901,1401.0,1687.9565217391305,23,6.2166061010848646,8.268988209506656,7.244941546337007
2011,480,2601,289.5,60.31,60.3125,7.8636512654486515,60.0,501,3901,1401.0,1687.9565217391305,23,6.2166061010848646,8.268988209506656,7.244941546337007
2011,480,2701,288.1,60.02,60.020833333333336,7.901377353792616,60.0,501,3901,1401.0,1687.9565217391305,23,6.2166061010848646,8.268988209506656,7.244941546337007
2011,480,2801,286.7,59.73,59.729166666666664,7.937731775260109,59.0,501,4401,1701.0,2232.5789473684213,19,6.2166061010848646,8.38958706681109,7.438971592395862
2011,480,2901,285.4,59.45,59.45833333333332,7.972810784121404,59.0,501,4401,1701.0,2232.5789473684213,19,6.2166061010848646,8.38958706681109,7.438971592395862
2011,480,3001,284.0,59.17,59.166666666666664,8.006700845440367,59.0,501,4401,1701.0,2232.5789473684213,19,6.2166061010848646,8.38958706681109,7.438971592395862
2011,480,3101,282.6,58.87,58.875,8.03947991910045,58.0,301,4801,1501.0,1926.9259259259259,27,5.707110264748875,8.476579508530941,7.313886831633462
2011,480,3201,281.1,58.57,58.56250000000001,8.071218539969863,58.0,301,4801,1501.0,1926.9259259259259,27,5.707110264748875,8.476579508530941,7.313886831633462
2011,480,3301,279.7,58.28,58.27083333333333,8.101980731853192,58.0,301,4801,1501.0,1926.9259259259259,27,5.707110264748875,8.476579508530941,7.313886831633462
2011,480,3401,278.3,57.99,57.97916666666667,8.131824785007195,57.0,601,5201,1901.0,2273.0,25,6.398594934535208,8.556606193773073,7.550135342488429
2011,480,3501,277.0,57.71,57.70833333333333,8.160803920954665,57.0,601,5201,1901.0,2273.0,25,6.398594934535208,8.556606193773073,7.550135342488429
2011,480,3601,275.7,57.44,57.4375,8.188966863648876,57.0,601,5201,1901.0,2273.0,25,6.398594934535208,8.556606193773073,7.550135342488429
2011,480,3701,274.5,57.18,57.1875,8.216358332386156,57.0,601,5201,1901.0,2273.0,25,6.398594934535208,8.556606193773073,7.550135342488429
2011,480,3801,273.3,56.93,56.93750000000001,8.24301946898925,56.0,401,5901,2101.0,2678.1428571428573,35,5.993961427306569,8.682877107057168,7.650168700845001
2011,480,3901,272.1,56.69,56.6875,8.268988209506656,56.0,401,5901,2101.0,2678.1428571428573,35,5.993961427306569,8.682877107057168,7.650168700845001
2011,480,4001,271.0,56.46,56.458333333333336,8.294299608857235,56.0,401,5901,2101.0,2678.1428571428573,35,5.993961427306569,8.682877107057168,7.650168700845001
2011,480,4101,269.9,56.24,56.229166666666664,8.31898612539206,56.0,401,5901,2101.0,2678.1428571428573,35,5.993961427306569,8.682877107057168,7.650168700845001
2011,480,4201,268.9,56.03,56.02083333333333,8.343077871169383,56.0,401,5901,2101.0,2678.1428571428573,35,5.993961427306569,8.682877107057168,7.650168700845001
2011,480,4301,268.0,55.82,55.833333333333336,8.366602832783736,55.0,401,6301,2201.0,2607.25,32,5.993961427306569,8.748463629942055,7.696667081526462
2011,480,4401,267.0,55.62,55.625,8.38958706681109,55.0,401,6301,2201.0,2607.25,32,5.993961427306569,8.748463629942055,7.696667081526462
2011,480,4501,266.0,55.42,55.41666666666667,8.412054873292933,55.0,401,6301,2201.0,2607.25,32,5.993961427306569,8.748463629942055,7.696667081526462
2011,480,4601,265.0,55.2,55.208333333333336,8.434028950155469,55.0,401,6301,2201.0,2607.25,32,5.993961427306569,8.748463629942055,7.696667081526462
2011,480,4701,263.9,54.99,54.97916666666666,8.45553053102413,54.0,501,6901,2651.0,3181.5555555555557,36,6.2166061010848646,8.839421607620602,7.8826922062890254
2011,480,4801,262.9,54.78,54.77083333333332,8.476579508530941,54.0,501,6901,2651.0,3181.5555555555557,36,6.2166061010848646,8.839421607620602,7.8826922062890254
2011,480,4901,261.9,54.57,54.56249999999999,8.497194544909547,54.0,501,6901,2651.0,3181.5555555555557,36,6.2166061010848646,8.839421607620602,7.8826922062890254
2011,480,5001,261.0,54.38,54.37499999999999,8.517393171418904,54.0,501,6901,2651.0,3181.5555555555557,36,6.2166061010848646,8.839421607620602,7.8826922062890254
2011,480,5101,260.2,54.2,54.208333333333336,8.537191877922927,54.0,501,6901,2651.0,3181.5555555555557,36,6.2166061010848646,8.839421607620602,7.8826922062890254
2011,480,5201,259.4,54.04,54.041666666666664,8.556606193773073,54.0,501,6901,2651.0,3181.5555555555557,36,6.2166061010848646,8.839421607620602,7.8826922062890254
2011,480,5301,258.6,53.88,53.87500000000001,8.575650760987806,53.0,501,7601,2901.0,3366.1162790697676,43,6.2166061010848646,8.936035096566041,7.972810784121404
2011,480,5401,257.8,53.72,53.708333333333336,8.594339400592892,53.0,501,7601,2901.0,3366.1162790697676,43,6.2166061010848646,8.936035096566041,7.972810784121404
2011,480,5501,257.0,53.54,53.541666666666664,8.612685172875459,53.0,501,7601,2901.0,3366.1162790697676,43,6.2166061010848646,8.936035096566041,7.972810784121404
2011,480,5601,256.0,53.34,53.333333333333336,8.630700432209832,53.0,501,7601,2901.0,3366.1162790697676,43,6.2166061010848646,8.936035096566041,7.972810784121404
2011,480,5701,255.0,53.12,53.125,8.648396877031582,53.0,501,7601,2901.0,3366.1162790697676,43,6.2166061010848646,8.936035096566041,7.972810784121404
2011,480,5801,253.9,52.89,52.89583333333333,8.665785595466064,52.0,701,8101,2901.0,3608.317073170732,41,6.55250788703459,8.999742789830492,7.972810784121404
2011,480,5901,252.9,52.68,52.6875,8.682877107057168,52.0,701,8101,2901.0,3608.317073170732,41,6.55250788703459,8.999742789830492,7.972810784121404
2011,480,6001,252.0,52.5,52.5,8.699681400989514,52.0,701,8101,2901.0,3608.317073170732,41,6.55250788703459,8.999742789830492,7.972810784121404
2011,480,6101,251.3,52.36,52.35416666666667,8.716207971151853,52.0,701,8101,2901.0,3608.317073170732,41,6.55250788703459,8.999742789830492,7.972810784121404
2011,480,6201,250.7,52.24,52.22916666666666,8.732465848349879,52.0,701,8101,2901.0,3608.317073170732,41,6.55250788703459,8.999742789830492,7.972810784121404
2011,480,6301,250.2,52.12,52.125,8.748463629942055,52.0,701,8101,2901.0,3608.317073170732,41,6.55250788703459,8.999742789830492,7.972810784121404
2011,480,6401,249.6,52.01,52.0,8.764209507142004,52.0,701,8101,2901.0,3608.317073170732,41,6.55250788703459,8.999742789830492,7.972810784121404
2011,480,6501,249.0,51.88,51.87500000000001,8.77971129020447,51.0,601,8901,3451.0,3991.740740740741,54,6.398594934535208,9.093918908958932,8.146419323098003
2011,480,6601,248.3,51.72,51.72916666666667,8.79497643168877,51.0,601,8901,3451.0,3991.740740740741,54,6.398594934535208,9.093918908958932,8.146419323098003
2011,480,6701,247.4,51.55,51.541666666666664,8.81001204797317,51.0,601,8901,3451.0,3991.740740740741,54,6.398594934535208,9.093918908958932,8.146419323098003
2011,480,6801,246.6,51.37,51.37500000000001,8.824824939175638,51.0,601,8901,3451.0,3991.740740740741,54,6.398594934535208,9.093918908958932,8.146419323098003
2011,480,6901,245.7,51.2,51.1875,8.839421607620602,51.0,601,8901,3451.0,3991.740740740741,54,6.398594934535208,9.093918908958932,8.146419323098003
2011,480,7001,245.0,51.04,51.041666666666664,8.853808274977197,51.0,601,8901,3451.0,3991.740740740741,54,6.398594934535208,9.093918908958932,8.146419323098003
2011,480,7101,244.3,50.91,50.89583333333334,8.867990898182093,50.0,701,9801,3851.0,4534.333333333333,60,6.55250788703459,9.19023970026918,8.25608813381491
2011,480,7201,243.7,50.78,50.77083333333333,8.881975184248867,50.0,701,9801,3851.0,4534.333333333333,60,6.55250788703459,9.19023970026918,8.25608813381491
2011,480,7301,243.2,50.66,50.66666666666666,8.895766604056085,50.0,701,9801,3851.0,4534.333333333333,60,6.55250788703459,9.19023970026918,8.25608813381491
2011,480,7401,242.6,50.54,50.541666666666664,8.909370405197466,50.0,701,9801,3851.0,4534.333333333333,60,6.55250788703459,9.19023970026918,8.25608813381491
2011,480,7501,242.0,50.42,50.416666666666664,8.922791623969637,50.0,701,9801,3851.0,4534.333333333333,60,6.55250788703459,9.19023970026918,8.25608813381491
2011,480,7601,241.4,50.29,50.29166666666667,8.936035096566041,50.0,701,9801,3851.0,4534.333333333333,60,6.55250788703459,9.19023970026918,8.25608813381491
2011,480,7701,240.8,50.17,50.16666666666667,8.94910546953925,50.0,701,9801,3851.0,4534.333333333333,60,6.55250788703459,9.19023970026918,8.25608813381491
2011,480,7801,240.2,50.04,50.041666666666664,8.962007209588313,50.0,701,9801,3851.0,4534.333333333333,60,6.55250788703459,9.19023970026918,8.25608813381491
2011,480,7901,239.6,49.92,49.916666666666664,8.974744612722734,49.0,801,10501,4001.0,4608.317073170731,41,6.68586094706836,9.259225769705994,8.294299608857235
2011,480,8001,239.0,49.79,49.791666666666664,8.987321812850125,49.0,801,10501,4001.0,4608.317073170731,41,6.68586094706836,9.259225769705994,8.294299608857235
2012,408,1,385.0,94.36,94.36274509803921,0.0,94.0,1,1,1.0,1.0,2,0.0,0.0,0.0
2012,408,11,365.0,89.46,89.4607843137255,2.3978952727983707,89.0,11,11,11.0,11.0,5,2.3978952727983707,2.3978952727983707,2.3978952727983707
2012,408,51,339.4,83.18,83.18627450980391,3.9318256327243257,83.0,51,101,51.0,71.0,5,3.9318256327243257,4.61512051684126,3.9318256327243257
2012,408,101,324.0,79.41,79.41176470588235,4.61512051684126,79.0,11,101,101.0,78.5,4,2.3978952727983707,4.61512051684126,4.61512051684126
2012,408,201,307.0,75.25,75.24509803921569,5.303304908059076,75.0,51,601,101.0,193.85714285714286,7,3.9318256327243257,6.398594934535208,4.61512051684126
2012,408,301,297.0,72.79,72.79411764705883,5.707110264748875,72.0,101,1001,301.0,443.85714285714283,7,4.61512051684126,6.90875477931522,5.707110264748875
2012,408,401,286.0,70.1,70.09803921568627,5.993961427306569,70.0,51,1301,301.0,431.7692307692308,13,3.9318256327243257,7.170888478512505,5.707110264748875
2012,408,501,280.0,68.63,68.62745098039215,6.2166061010848646,68.0,201,1701,401.0,616.3846153846154,13,5.303304908059076,7.438971592395862,5.993961427306569
2012,408,601,275.0,67.4,67.40196078431373,6.398594934535208,67.0,201,1901,901.0,988.5,8,5.303304908059076,7.550135342488429,6.803505257608338
2012,408,701,270.0,66.18,66.17647058823529,6.55250788703459,66.0,101,2101,551.0,801.0,10,4.61512051684126,7.650168700845001,6.311734809152915
2012,408,801,266.0,65.2,65.19607843137256,6.68586094706836,65.0,101,2401,801.0,1014.3333333333334,15,4.61512051684126,7.783640596221253,6.68586094706836
2012,408,901,262.0,64.22,64.2156862745098,6.803505257608338,64.0,301,2601,701.0,1047.1538461538462,13,5.707110264748875,7.8636512654486515,6.55250788703459
2012,408,1001,259.0,63.48,63.48039215686274,6.90875477931522,63.0,301,3001,1001.0,1371.5882352941176,17,5.707110264748875,8.006700845440367,6.90875477931522
2012,408,1101,257.0,62.99,62.99019607843137,7.00397413672268,62.0,401,3301,1201.0,1521.0,15,5.993961427306569,8.101980731853192,7.0909098220799835
2012,408,1201,253.0,62.01,62.00980392156863,7.0909098220799835,62.0,401,3301,1201.0,1521.0,15,5.993961427306569,8.101980731853192,7.0909098220799835
2012,408,1301,251.0,61.52,61.51960784313726,7.170888478512505,61.0,201,3601,901.0,1305.7619047619048,21,5.303304908059076,8.188966863648876,6.803505257608338
2012,408,1401,248.0,60.78,60.78431372549019,7.244941546337007,60.0,501,3901,1401.0,1687.9565217391305,23,6.2166061010848646,8.268988209506656,7.244941546337007
2012,408,1501,246.0,60.29,60.29411764705882,7.313886831633462,60.0,501,3901,1401.0,1687.9565217391305,23,6.2166061010848646,8.268988209506656,7.244941546337007
2012,408,1601,244.0,59.8,59.80392156862745,7.3783837129967145,59.0,501,4401,1701.0,2232.5789473684213,19,6.2166061010848646,8.38958706681109,7.438971592395862
2012,408,1701,242.0,59.31,59.31372549019608,7.438971592395862,59.0,501,4401,1701.0,2232.5789473684213,19,6.2166061010848646,8.38958706681109,7.438971592395862
2012,408,1801,239.0,58.58,58.57843137254902,7.496097345175956,58.0,301,4801,1501.0,1926.9259259259259,27,5.707110264748875,8.476579508530941,7.313886831633462
2012,408,1901,237.0,58.09,58.08823529411765,7.550135342488429,58.0,301,4801,1501.0,1926.9259259259259,27,5.707110264748875,8.476579508530941,7.313886831633462
2012,408,2001,235.0,57.6,57.59803921568627,7.601402334583733,57.0,601,5201,1901.0,2273.0,25,6.398594934535208,8.556606193773073,7.550135342488429
2012,408,2101,234.0,57.35,57.35294117647059,7.650168700845001,57.0,601,5201,1901.0,2273.0,25,6.398594934535208,8.556606193773073,7.550135342488429
2012,408,2201,232.0,56.86,56.86274509803921,7.696667081526462,56.0,401,5901,2101.0,2678.1428571428573,35,5.993961427306569,8.682877107057168,7.650168700845001
2012,408,2301,229.0,56.13,56.127450980392155,7.741099090035366,56.0,401,5901,2101.0,2678.1428571428573,35,5.993961427306569,8.682877107057168,7.650168700845001
2012,408,2401,228.0,55.88,55.88235294117647,7.783640596221253,55.0,401,6301,2201.0,2607.25,32,5.993961427306569,8.748463629942055,7.696667081526462
2012,408,2501,227.0,55.64,55.63725490196079,7.824445930877619,55.0,401,6301,2201.0,2607.25,32,5.993961427306569,8.748463629942055,7.696667081526462
2012,408,2601,226.0,55.39,55.392156862745104,7.8636512654486515,55.0,401,6301,2201.0,2607.25,32,5.993961427306569,8.748463629942055,7.696667081526462
2012,408,2701,224.0,54.9,54.90196078431373,7.901377353792616,54.0,501,6901,2651.0,3181.5555555555557,36,6.2166061010848646,8.839421607620602,7.8826922062890254
2012,408,2801,222.0,54.41,54.41176470588235,7.937731775260109,54.0,501,6901,2651.0,3181.5555555555557,36,6.2166061010848646,8.839421607620602,7.8826922062890254
2012,408,2901,221.0,54.17,54.166666666666664,7.972810784121404,54.0,501,6901,2651.0,3181.5555555555557,36,6.2166061010848646,8.839421607620602,7.8826922062890254
2012,408,3001,220.0,53.92,53.92156862745098,8.006700845440367,53.0,501,7601,2901.0,3366.1162790697676,43,6.2166061010848646,8.936035096566041,7.972810784121404
2012,408,3101,218.0,53.43,53.431372549019606,8.03947991910045,53.0,501,7601,2901.0,3366.1162790697676,43,6.2166061010848646,8.936035096566041,7.972810784121404
2012,408,3201,217.0,53.19,53.18627450980392,8.071218539969863,53.0,501,7601,2901.0,3366.1162790697676,43,6.2166061010848646,8.936035096566041,7.972810784121404
2012,408,3301,216.0,52.94,52.94117647058824,8.101980731853192,52.0,701,8101,2901.0,3608.317073170732,41,6.55250788703459,8.999742789830492,7.972810784121404
2012,408,3401,215.0,52.7,52.69607843137255,8.131824785007195,52.0,701,8101,2901.0,3608.317073170732,41,6.55250788703459,8.999742789830492,7.972810784121404
2012,408,3501,213.0,52.21,52.20588235294118,8.160803920954665,52.0,701,8101,2901.0,3608.317073170732,41,6.55250788703459,8.999742789830492,7.972810784121404
2012,408,3601,212.0,51.96,51.9607843137255,8.188966863648876,51.0,601,8901,3451.0,3991.740740740741,54,6.398594934535208,9.093918908958932,8.146419323098003
2012,408,3701,211.0,51.72,51.71568627450981,8.216358332386156,51.0,601,8901,3451.0,3991.740740740741,54,6.398594934535208,9.093918908958932,8.146419323098003
2012,408,3801,210.0,51.47,51.470588235294116,8.24301946898925,51.0,601,8901,3451.0,3991.740740740741,54,6.398594934535208,9.093918908958932,8.146419323098003
2012,408,3901,210.0,51.47,51.470588235294116,8.268988209506656,51.0,601,8901,3451.0,3991.740740740741,54,6.398594934535208,9.093918908958932,8.146419323098003
2012,408,4001,209.0,51.23,51.225490196078425,8.294299608857235,51.0,601,8901,3451.0,3991.740740740741,54,6.398594934535208,9.093918908958932,8.146419323098003
2012,408,4101,207.0,50.74,50.73529411764706,8.31898612539206,50.0,701,9801,3851.0,4534.333333333333,60,6.55250788703459,9.19023970026918,8.25608813381491
2012,408,4201,206.0,50.49,50.49019607843137,8.343077871169383,50.0,701,9801,3851.0,4534.333333333333,60,6.55250788703459,9.19023970026918,8.25608813381491
2012,408,4301,205.0,50.25,50.245098039215684,8.366602832783736,50.0,701,9801,3851.0,4534.333333333333,60,6.55250788703459,9.19023970026918,8.25608813381491
2012,408,4401,204.0,50.0,50.0,8.38958706681109,50.0,701,9801,3851.0,4534.333333333333,60,6.55250788703459,9.19023970026918,8.25608813381491
2012,408,4501,204.0,50.0,50.0,8.412054873292933,50.0,701,9801,3851.0,4534.333333333333,60,6.55250788703459,9.19023970026918,8.25608813381491
2012,408,4601,202.0,49.51,49.50980392156863,8.434028950155469,49.0,801,10501,4001.0,4608.317073170731,41,6.68586094706836,9.259225769705994,8.294299608857235
2012,408,4701,201.0,49.26,49.26470588235294,8.45553053102413,49.0,801,10501,4001.0,4608.317073170731,41,6.68586094706836,9.259225769705994,8.294299608857235
2012,408,4801,201.0,49.26,49.26470588235294,8.476579508530941,49.0,801,10501,4001.0,4608.317073170731,41,6.68586094706836,9.259225769705994,8.294299608857235
2012,408,4901,199.0,48.77,48.77450980392157,8.497194544909547,48.0,901,11401,4251.0,4716.0,60,6.803505257608338,9.34145634983372,8.35490952835879
2012,408,5001,199.0,48.77,48.77450980392157,8.517393171418904,48.0,901,11401,4251.0,4716.0,60,6.803505257608338,9.34145634983372,8.35490952835879
2012,408,5101,198.0,48.53,48.529411764705884,8.537191877922927,48.0,901,11401,4251.0,4716.0,60,6.803505257608338,9.34145634983372,8.35490952835879
2012,408,5201,197.0,48.28,48.28431372549019,8.556606193773073,48.0,901,11401,4251.0,4716.0,60,6.803505257608338,9.34145634983372,8.35490952835879
2012,408,5301,197.0,48.28,48.28431372549019,8.575650760987806,48.0,901,11401,4251.0,4716.0,60,6.803505257608338,9.34145634983372,8.35490952835879
2012,408,5401,196.0,48.04,48.03921568627451,8.594339400592892,48.0,901,11401,4251.0,4716.0,60,6.803505257608338,9.34145634983372,8.35490952835879
2012,408,5501,195.0,47.79,47.794117647058826,8.612685172875459,47.0,1001,12201,4001.0,4997.363636363636,55,6.90875477931522,9.409273194575334,8.294299608857235
2012,408,5601,194.0,47.55,47.549019607843135,8.630700432209832,47.0,1001,12201,4001.0,4997.363636363636,55,6.90875477931522,9.409273194575334,8.294299608857235
2012,408,5701,193.0,47.3,47.30392156862745,8.648396877031582,47.0,1001,12201,4001.0,4997.363636363636,55,6.90875477931522,9.409273194575334,8.294299608857235
2012,408,5801,193.0,47.3,47.30392156862745,8.665785595466064,47.0,1001,12201,4001.0,4997.363636363636,55,6.90875477931522,9.409273194575334,8.294299608857235
2012,408,5901,192.0,47.06,47.05882352941176,8.682877107057168,47.0,1001,12201,4001.0,4997.363636363636,55,6.90875477931522,9.409273194575334,8.294299608857235
2012,408,6001,191.0,46.81,46.81372549019608,8.699681400989514,46.0,1101,13401,5351.0,5896.588235294118,68,7.00397413672268,9.503084610020228,8.585038738311304
2012,408,6101,190.0,46.57,46.568627450980394,8.716207971151853,46.0,1101,13401,5351.0,5896.588235294118,68,7.00397413672268,9.503084610020228,8.585038738311304
2012,408,6201,190.0,46.57,46.568627450980394,8.732465848349879,46.0,1101,13401,5351.0,5896.588235294118,68,7.00397413672268,9.503084610020228,8.585038738311304
2012,408,6301,189.0,46.32,46.32352941176471,8.748463629942055,46.0,1101,13401,5351.0,5896.588235294118,68,7.00397413672268,9.503084610020228,8.585038738311304
2012,408,6401,189.0,46.32,46.32352941176471,8.764209507142004,46.0,1101,13401,5351.0,5896.588235294118,68,7.00397413672268,9.503084610020228,8.585038738311304
2012,408,6501,188.0,46.08,46.07843137254902,8.77971129020447,46.0,1101,13401,5351.0,5896.588235294118,68,7.00397413672268,9.503084610020228,8.585038738311304
2012,408,6601,187.0,45.83,45.83333333333333,8.79497643168877,45.0,1201,14501,5701.0,6161.273972602739,73,7.0909098220799835,9.581972891547895,8.648396877031582
2012,408,6701,186.0,45.59,45.588235294117645,8.81001204797317,45.0,1201,14501,5701.0,6161.273972602739,73,7.0909098220799835,9.581972891547895,8.648396877031582
2012,408,6801,186.0,45.59,45.588235294117645,8.824824939175638,45.0,1201,14501,5701.0,6161.273972602739,73,7.0909098220799835,9.581972891547895,8.648396877031582
2012,408,6901,185.0,45.34,45.34313725490196,8.839421607620602,45.0,1201,14501,5701.0,6161.273972602739,73,7.0909098220799835,9.581972891547895,8.648396877031582
2012,408,7001,184.0,45.1,45.09803921568628,8.853808274977197,45.0,1201,14501,5701.0,6161.273972602739,73,7.0909098220799835,9.581972891547895,8.648396877031582
2012,408,7101,183.0,44.85,44.85294117647059,8.867990898182093,44.0,1301,15501,5401.0,6494.1506849315065,73,7.170888478512505,9.648659816955295,8.594339400592892
2012,408,7201,183.0,44.85,44.85294117647059,8.881975184248867,44.0,1301,15501,5401.0,6494.1506849315065,73,7.170888478512505,9.648659816955295,8.594339400592892
2012,408,7301,182.0,44.61,44.6078431372549,8.895766604056085,44.0,1301,15501,5401.0,6494.1506849315065,73,7.170888478512505,9.648659816955295,8.594339400592892
2012,408,7401,182.0,44.61,44.6078431372549,8.909370405197466,44.0,1301,15501,5401.0,6494.1506849315065,73,7.170888478512505,9.648659816955295,8.594339400592892
2012,408,7501,181.0,44.36,44.36274509803921,8.922791623969637,44.0,1301,15501,5401.0,6494.1506849315065,73,7.170888478512505,9.648659816955295,8.594339400592892
2012,408,7601,180.0,44.12,44.11764705882353,8.936035096566041,44.0,1301,15501,5401.0,6494.1506849315065,73,7.170888478512505,9.648659816955295,8.594339400592892
2012,408,7701,180.0,44.12,44.11764705882353,8.94910546953925,44.0,1301,15501,5401.0,6494.1506849315065,73,7.170888478512505,9.648659816955295,8.594339400592892
2012,408,7801,179.0,43.87,43.872549019607845,8.962007209588313,43.0,1501,16801,6951.0,7356.555555555556,90,7.313886831633462,9.729193687429403,8.846640813100485
2012,408,7901,179.0,43.87,43.872549019607845,8.974744612722734,43.0,1501,16801,6951.0,7356.555555555556,90,7.313886831633462,9.729193687429403,8.846640813100485
2012,408,8001,178.0,43.63,43.627450980392155,8.987321812850125,43.0,1501,16801,6951.0,7356.555555555556,90,7.313886831633462,9.729193687429403,8.846640813100485
2012,408,8101,178.0,43.63,43.627450980392155,8.999742789830492,43.0,1501,16801,6951.0,7356.555555555556,90,7.313886831633462,9.729193687429403,8.846640813100485
2012,408,8201,178.0,43.63,43.627450980392155,9.012011377036412,43.0,1501,16801,6951.0,7356.555555555556,90,7.313886831633462,9.729193687429403,8.846640813100485
2012,408,8301,177.0,43.38,43.38235294117647,9.024131268455035,43.0,1501,16801,6951.0,7356.555555555556,90,7.313886831633462,9.729193687429403,8.846640813100485
2012,408,8401,177.0,43.38,43.38235294117647,9.036106025364846,43.0,1501,16801,6951.0,7356.555555555556,90,7.313886831633462,9.729193687429403,8.846640813100485
2012,408,8501,176.0,43.14,43.13725490196079,9.04793908261736,43.0,1501,16801,6951.0,7356.555555555556,90,7.313886831633462,9.729193687429403,8.846640813100485
2012,408,8601,176.0,43.14,43.13725490196079,9.059633754551479,43.0,1501,16801,6951.0,7356.555555555556,90,7.313886831633462,9.729193687429403,8.846640813100485
2012,408,8701,175.0,42.89,42.8921568627451,9.071193240566025,42.0,1601,18401,7901.0,8481.459770114943,87,7.3783837129967145,9.820160289946374,8.974744612722734
2012,408,8801,175.0,42.89,42.8921568627451,9.082620630373812,42.0,1601,18401,7901.0,8481.459770114943,87,7.3783837129967145,9.820160289946374,8.974744612722734
2012,408,8901,174.0,42.65,42.64705882352941,9.093918908958932,42.0,1601,18401,7901.0,8481.459770114943,87,7.3783837129967145,9.820160289946374,8.974744612722734
2012,408,9001,173.0,42.4,42.40196078431372,9.105090961257085,42.0,1601,18401,7901.0,8481.459770114943,87,7.3783837129967145,9.820160289946374,8.974744612722734
2012,408,9101,173.0,42.4,42.40196078431372,9.116139576577355,42.0,1601,18401,7901.0,8481.459770114943,87,7.3783837129967145,9.820160289946374,8.974744612722734
2012,408,9201,172.0,42.16,42.15686274509804,9.127067452782361,42.0,1601,18401,7901.0,8481.459770114943,87,7.3783837129967145,9.820160289946374,8.974744612722734
2012,408,9301,172.0,42.16,42.15686274509804,9.137877200242468,42.0,1601,18401,7901.0,8481.459770114943,87,7.3783837129967145,9.820160289946374,8.974744612722734
2012,408,9401,171.0,41.91,41.911764705882355,9.148571345578551,41.0,1701,19401,7351.0,8254.125,96,7.438971592395862,9.873079890114703,8.902591637374087
2012,408,9501,170.0,41.67,41.66666666666667,9.15915233520675,41.0,1701,19401,7351.0,8254.125,96,7.438971592395862,9.873079890114703,8.902591637374087
2012,408,9601,170.0,41.67,41.66666666666667,9.169622538697624,41.0,1701,19401,7351.0,8254.125,96,7.438971592395862,9.873079890114703,8.902591637374087
2012,408,9701,170.0,41.67,41.66666666666667,9.179984251961283,41.0,1701,19401,7351.0,8254.125,96,7.438971592395862,9.873079890114703,8.902591637374087
2012,408,9801,169.0,41.42,41.42156862745098,9.19023970026918,41.0,1701,19401,7351.0,8254.125,96,7.438971592395862,9.873079890114703,8.902591637374087
2012,408,9901,169.0,41.42,41.42156862745098,9.200391041122515,41.0,1701,19401,7351.0,8254.125,96,7.438971592395862,9.873079890114703,8.902591637374087
2012,408,10001,168.0,41.18,41.17647058823529,9.210440366976517,41.0,1701,19401,7351.0,8254.125,96,7.438971592395862,9.873079890114703,8.902591637374087
2012,408,10101,168.0,41.18,41.17647058823529,9.220389707829185,41.0,1701,19401,7351.0,8254.125,96,7.438971592395862,9.873079890114703,8.902591637374087
2012,408,10201,168.0,41.18,41.17647058823529,9.23024103368252,41.0,1701,19401,7351.0,8254.125,96,7.438971592395862,9.873079890114703,8.902591637374087
2012,408,10301,167.0,40.93,40.931372549019606,9.239996256883693,40.0,1901,21101,8351.0,9465.406779661016,118,7.550135342488429,9.957075711706057,9.03013657115323
2012,408,10401,167.0,40.93,40.931372549019606,9.249657234353133,40.0,1901,21101,8351.0,9465.406779661016,118,7.550135342488429,9.957075711706057,9.03013657115323
2012,408,10501,166.0,40.69,40.68627450980392,9.259225769705994,40.0,1901,21101,8351.0,9465.406779661016,118,7.550135342488429,9.957075711706057,9.03013657115323
2012,408,10601,165.0,40.44,40.44117647058824,9.268703615273097,40.0,1901,21101,8351.0,9465.406779661016,118,7.550135342488429,9.957075711706057,9.03013657115323
2012,408,10701,165.0,40.44,40.44117647058824,9.278092474027002,40.0,1901,21101,8351.0,9465.406779661016,118,7.550135342488429,9.957075711706057,9.03013657115323
2012,408,10801,164.0,40.2,40.19607843137255,9.287394001418473,40.0,1901,21101,8351.0,9465.406779661016,118,7.550135342488429,9.957075711706057,9.03013657115323
2012,408,10901,164.0,40.2,40.19607843137255,9.296609807128359,40.0,1901,21101,8351.0,9465.406779661016,118,7.550135342488429,9.957075711706057,9.03013657115323
2012,408,11001,164.0,40.2,40.19607843137255,9.305741456739435,40.0,1901,21101,8351.0,9465.406779661016,118,7.550135342488429,9.957075711706057,9.03013657115323
2012,408,11101,163.0,39.95,39.950980392156865,9.314790473332646,39.0,2201,22801,9351.0,10543.452830188678,106,7.696667081526462,10.034559673629849,9.143238568435446
2012,408,11201,163.0,39.95,39.950980392156865,9.32375833901174,39.0,2201,22801,9351.0,10543.452830188678,106,7.696667081526462,10.034559673629849,9.143238568435446
2012,408,11301,162.0,39.71,39.705882352941174,9.332646496360152,39.0,2201,22801,9351.0,10543.452830188678,106,7.696667081526462,10.034559673629849,9.143238568435446
2012,408,11401,162.0,39.71,39.705882352941174,9.34145634983372,39.0,2201,22801,9351.0,10543.452830188678,106,7.696667081526462,10.034559673629849,9.143238568435446
2012,408,11501,162.0,39.71,39.705882352941174,9.350189267092581,39.0,2201,22801,9351.0,10543.452830188678,106,7.696667081526462,10.034559673629849,9.143238568435446
2012,408,11601,161.0,39.46,39.46078431372549,9.358846580275406,39.0,2201,22801,9351.0,10543.452830188678,106,7.696667081526462,10.034559673629849,9.143238568435446
2012,408,11701,160.0,39.22,39.21568627450981,9.367429587218957,39.0,2201,22801,9351.0,10543.452830188678,106,7.696667081526462,10.034559673629849,9.143238568435446
2012,408,11801,160.0,39.22,39.21568627450981,9.375939552625749,39.0,2201,22801,9351.0,10543.452830188678,106,7.696667081526462,10.034559673629849,9.143238568435446
2012,408,11901,160.0,39.22,39.21568627450981,9.38437770918244,39.0,2201,22801,9351.0,10543.452830188678,106,7.696667081526462,10.034559673629849,9.143238568435446
2012,408,12001,159.0,38.97,38.970588235294116,9.392745258631441,38.0,2401,24201,11201.0,10851.40650406504,123,7.783640596221253,10.094149233605084,9.32375833901174
2012,408,12101,159.0,38.97,38.970588235294116,9.401043372798053,38.0,2401,24201,11201.0,10851.40650406504,123,7.783640596221253,10.094149233605084,9.32375833901174
2012,408,12201,159.0,38.97,38.970588235294116,9.409273194575334,38.0,2401,24201,11201.0,10851.40650406504,123,7.783640596221253,10.094149233605084,9.32375833901174
2012,408,12301,158.0,38.73,38.72549019607843,9.417435838868785,38.0,2401,24201,11201.0,10851.40650406504,123,7.783640596221253,10.094149233605084,9.32375833901174
2012,408,12401,158.0,38.73,38.72549019607843,9.425532393502772,38.0,2401,24201,11201.0,10851.40650406504,123,7.783640596221253,10.094149233605084,9.32375833901174
2012,408,12501,158.0,38.73,38.72549019607843,9.433563920090563,38.0,2401,24201,11201.0,10851.40650406504,123,7.783640596221253,10.094149233605084,9.32375833901174
2012,408,12601,157.0,38.48,38.48039215686275,9.441531454869693,38.0,2401,24201,11201.0,10851.40650406504,123,7.783640596221253,10.094149233605084,9.32375833901174
2012,408,12701,157.0,38.48,38.48039215686275,9.44943600950432,38.0,2401,24201,11201.0,10851.40650406504,123,7.783640596221253,10.094149233605084,9.32375833901174
2012,408,12801,157.0,38.48,38.48039215686275,9.45727857185611,38.0,2401,24201,11201.0,10851.40650406504,123,7.783640596221253,10.094149233605084,9.32375833901174
2012,408,12901,156.0,38.24,38.23529411764706,9.465060106725137,38.0,2401,24201,11201.0,10851.40650406504,123,7.783640596221253,10.094149233605084,9.32375833901174
2012,408,13001,156.0,38.24,38.23529411764706,9.472781556562168,38.0,2401,24201,11201.0,10851.40650406504,123,7.783640596221253,10.094149233605084,9.32375833901174
2012,408,13101,155.0,37.99,37.99019607843137,9.48044384215367,37.0,2701,26201,12601.0,12353.713178294574,129,7.901377353792616,10.173552856959743,9.441531454869693
2012,408,13201,155.0,37.99,37.99019607843137,9.488047863280759,37.0,2701,26201,12601.0,12353.713178294574,129,7.901377353792616,10.173552856959743,9.441531454869693
2012,408,13301,154.0,37.75,37.745098039215684,9.495594499353297,37.0,2701,26201,12601.0,12353.713178294574,129,7.901377353792616,10.173552856959743,9.441531454869693
2012,408,13401,154.0,37.75,37.745098039215684,9.503084610020228,37.0,2701,26201,12601.0,12353.713178294574,129,7.901377353792616,10.173552856959743,9.441531454869693
2012,408,13501,154.0,37.75,37.745098039215684,9.510519035757246,37.0,2701,26201,12601.0,12353.713178294574,129,7.901377353792616,10.173552856959743,9.441531454869693
2012,408,13601,154.0,37.75,37.745098039215684,9.517898598432753,37.0,2701,26201,12601.0,12353.713178294574,129,7.901377353792616,10.173552856959743,9.441531454869693
2012,408,13701,153.0,37.5,37.5,9.525224101853109,37.0,2701,26201,12601.0,12353.713178294574,129,7.901377353792616,10.173552856959743,9.441531454869693
2012,408,13801,153.0,37.5,37.5,9.53249633228804,37.0,2701,26201,12601.0,12353.713178294574,129,7.901377353792616,10.173552856959743,9.441531454869693
2012,408,13901,152.0,37.25,37.254901960784316,9.539716058977092,37.0,2701,26201,12601.0,12353.713178294574,129,7.901377353792616,10.173552856959743,9.441531454869693
2012,408,14001,152.0,37.25,37.254901960784316,9.546884034617925,37.0,2701,26201,12601.0,12353.713178294574,129,7.901377353792616,10.173552856959743,9.441531454869693
2012,408,14101,152.0,37.25,37.254901960784316,9.55400099583723,37.0,2701,26201,12601.0,12353.713178294574,129,7.901377353792616,10.173552856959743,9.441531454869693
2012,408,14201,152.0,37.25,37.254901960784316,9.561067663645012,37.0,2701,26201,12601.0,12353.713178294574,129,7.901377353792616,10.173552856959743,9.441531454869693
2012,408,14301,151.0,37.01,37.00980392156863,9.568084743872936,37.0,2701,26201,12601.0,12353.713178294574,129,7.901377353792616,10.173552856959743,9.441531454869693
2012,408,14401,151.0,37.01,37.00980392156863,9.575052927597383,37.0,2701,26201,12601.0,12353.713178294574,129,7.901377353792616,10.173552856959743,9.441531454869693
2012,408,14501,151.0,37.01,37.00980392156863,9.581972891547895,37.0,2701,26201,12601.0,12353.713178294574,129,7.901377353792616,10.173552856959743,9.441531454869693
2012,408,14601,150.0,36.76,36.76470588235294,9.588845298501564,36.0,2901,28401,13701.0,13498.278911564626,147,7.972810784121404,10.254179634797001,9.525224101853109
2012,408,14701,150.0,36.76,36.76470588235294,9.595670797663967,36.0,2901,28401,13701.0,13498.278911564626,147,7.972810784121404,10.254179634797001,9.525224101853109
2012,408,14801,150.0,36.76,36.76470588235294,9.60245002503719,36.0,2901,28401,13701.0,13498.278911564626,147,7.972810784121404,10.254179634797001,9.525224101853109
2012,408,14901,149.0,36.52,36.51960784313725,9.60918360377546,36.0,2901,28401,13701.0,13498.278911564626,147,7.972810784121404,10.254179634797001,9.525224101853109
2012,408,15001,149.0,36.52,36.51960784313725,9.61587214452889,36.0,2901,28401,13701.0,13498.278911564626,147,7.972810784121404,10.254179634797001,9.525224101853109
2012,408,15101,149.0,36.52,36.51960784313725,9.62251624577579,36.0,2901,28401,13701.0,13498.278911564626,147,7.972810784121404,10.254179634797001,9.525224101853109
2012,408,15201,148.0,36.27,36.27450980392157,9.62911649414402,36.0,2901,28401,13701.0,13498.278911564626,147,7.972810784121404,10.254179634797001,9.525224101853109
2012,408,15301,148.0,36.27,36.27450980392157,9.635673464721814,36.0,2901,28401,13701.0,13498.278911564626,147,7.972810784121404,10.254179634797001,9.525224101853109
2012,408,15401,148.0,36.27,36.27450980392157,9.642187721358466,36.0,2901,28401,13701.0,13498.278911564626,147,7.972810784121404,10.254179634797001,9.525224101853109
2012,408,15501,147.0,36.03,36.029411764705884,9.648659816955295,36.0,2901,28401,13701.0,13498.278911564626,147,7.972810784121404,10.254179634797001,9.525224101853109
2012,408,15601,147.0,36.03,36.029411764705884,9.65509029374725,36.0,2901,28401,13701.0,13498.278911564626,147,7.972810784121404,10.254179634797001,9.525224101853109
2012,408,15701,147.0,36.03,36.029411764705884,9.661479683575521,36.0,2901,28401,13701.0,13498.278911564626,147,7.972810784121404,10.254179634797001,9.525224101853109
2012,408,15801,146.0,35.78,35.78431372549019,9.6678285081515,35.0,3201,30101,15251.0,14490.583333333334,144,8.071218539969863,10.31231367277647,9.632400353656184
2012,408,15901,146.0,35.78,35.78431372549019,9.674137279312397,35.0,3201,30101,15251.0,14490.583333333334,144,8.071218539969863,10.31231367277647,9.632400353656184
2012,408,16001,146.0,35.78,35.78431372549019,9.680406499268875,35.0,3201,30101,15251.0,14490.583333333334,144,8.071218539969863,10.31231367277647,9.632400353656184
2012,408,16101,145.0,35.54,35.53921568627451,9.686636660844938,35.0,3201,30101,15251.0,14490.583333333334,144,8.071218539969863,10.31231367277647,9.632400353656184
2012,408,16201,145.0,35.54,35.53921568627451,9.692828247710418,35.0,3201,30101,15251.0,14490.583333333334,144,8.071218539969863,10.31231367277647,9.632400353656184
2012,408,16301,145.0,35.54,35.53921568627451,9.69898173460629,35.0,3201,30101,15251.0,14490.583333333334,144,8.071218539969863,10.31231367277647,9.632400353656184
2012,408,16401,145.0,35.54,35.53921568627451,9.70509758756311,35.0,3201,30101,15251.0,14490.583333333334,144,8.071218539969863,10.31231367277647,9.632400353656184
2012,408,16501,144.0,35.29,35.294117647058826,9.711176264112805,35.0,3201,30101,15251.0,14490.583333333334,144,8.071218539969863,10.31231367277647,9.632400353656184
2012,408,16601,144.0,35.29,35.294117647058826,9.717218213494077,35.0,3201,30101,15251.0,14490.583333333334,144,8.071218539969863,10.31231367277647,9.632400353656184
2012,408,16701,144.0,35.29,35.294117647058826,9.723223876851618,35.0,3201,30101,15251.0,14490.583333333334,144,8.071218539969863,10.31231367277647,9.632400353656184
2012,408,16801,143.0,35.05,35.049019607843135,9.729193687429403,35.0,3201,30101,15251.0,14490.583333333334,144,8.071218539969863,10.31231367277647,9.632400353656184
2012,408,16901,143.0,35.05,35.049019607843135,9.735128070758227,35.0,3201,30101,15251.0,14490.583333333334,144,8.071218539969863,10.31231367277647,9.632400353656184
2012,408,17001,143.0,35.05,35.049019607843135,9.741027444837728,35.0,3201,30101,15251.0,14490.583333333334,144,8.071218539969863,10.31231367277647,9.632400353656184
2012,408,17101,143.0,35.05,35.049019607843135,9.746892220313054,35.0,3201,30101,15251.0,14490.583333333334,144,8.071218539969863,10.31231367277647,9.632400353656184
2012,408,17201,142.0,34.8,34.80392156862745,9.75272280064639,34.0,3601,30801,11051.0,13145.68085106383,94,8.188966863648876,10.335302435967074,9.310276200588783
2012,408,17301,142.0,34.8,34.80392156862745,9.758519582283522,34.0,3601,30801,11051.0,13145.68085106383,94,8.188966863648876,10.335302435967074,9.310276200588783
2012,408,17401,142.0,34.8,34.80392156862745,9.76428295481558,34.0,3601,30801,11051.0,13145.68085106383,94,8.188966863648876,10.335302435967074,9.310276200588783
2012,408,17501,141.0,34.56,34.55882352941176,9.770013301136158,34.0,3601,30801,11051.0,13145.68085106383,94,8.188966863648876,10.335302435967074,9.310276200588783
2012,408,17601,141.0,34.56,34.55882352941176,9.77571099759397,34.0,3601,30801,11051.0,13145.68085106383,94,8.188966863648876,10.335302435967074,9.310276200588783
2012,408,17701,141.0,34.56,34.55882352941176,9.781376414141157,34.0,3601,30801,11051.0,13145.68085106383,94,8.188966863648876,10.335302435967074,9.310276200588783
2012,408,17801,141.0,34.56,34.55882352941176,9.787009914477434,34.0,3601,30801,11051.0,13145.68085106383,94,8.188966863648876,10.335302435967074,9.310276200588783
2012,408,17901,140.0,34.31,34.31372549019608,9.792611856190192,34.0,3601,30801,11051.0,13145.68085106383,94,8.188966863648876,10.335302435967074,9.310276200588783
2012,408,18001,140.0,34.31,34.31372549019608,9.798182590890704,34.0,3601,30801,11051.0,13145.68085106383,94,8.188966863648876,10.335302435967074,9.310276200588783
2012,408,18101,140.0,34.31,34.31372549019608,9.803722464346553,34.0,3601,30801,11051.0,13145.68085106383,94,8.188966863648876,10.335302435967074,9.310276200588783
2012,408,18201,139.0,34.07,34.068627450980394,9.809231816610408,34.0,3601,30801,11051.0,13145.68085106383,94,8.188966863648876,10.335302435967074,9.310276200588783
2012,408,18301,139.0,34.07,34.068627450980394,9.814710982145282,34.0,3601,30801,11051.0,13145.68085106383,94,8.188966863648876,10.335302435967074,9.310276200588783
2012,408,18401,139.0,34.07,34.068627450980394,9.820160289946374,34.0,3601,30801,11051.0,13145.68085106383,94,8.188966863648876,10.335302435967074,9.310276200588783
2012,408,18501,138.0,33.82,33.82352941176471,9.825580063659602,33.0,3901,20101,11451.0,11791.217391304348,92,8.268988209506656,9.908524844053396,9.34583234141334
2013,360,1,332.0,92.22,92.22222222222223,0.0,92.0,1,1,1.0,1.0,3,0.0,0.0,0.0
2013,360,11,322.0,89.44,89.44444444444444,2.3978952727983707,89.0,11,11,11.0,11.0,5,2.3978952727983707,2.3978952727983707,2.3978952727983707
2013,360,51,288.0,80.0,80.0,3.9318256327243257,80.0,11,201,31.0,56.0,6,2.3978952727983707,5.303304908059076,3.4339872044851463
2013,360,101,276.0,76.67,76.66666666666667,4.61512051684126,76.0,101,501,201.0,267.6666666666667,3,4.61512051684126,6.2166061010848646,5.303304908059076
2013,360,201,261.0,72.5,72.5,5.303304908059076,72.0,101,1001,301.0,443.85714285714283,7,4.61512051684126,6.90875477931522,5.707110264748875
2013,360,301,253.0,70.28,70.27777777777777,5.707110264748875,70.0,51,1301,301.0,431.7692307692308,13,3.9318256327243257,7.170888478512505,5.707110264748875
2013,360,401,245.0,68.06,68.05555555555556,5.993961427306569,68.0,201,1701,401.0,616.3846153846154,13,5.303304908059076,7.438971592395862,5.993961427306569
2013,360,501,239.0,66.39,66.38888888888889,6.2166061010848646,66.0,101,2101,551.0,801.0,10,4.61512051684126,7.650168700845001,6.311734809152915
2013,360,601,235.0,65.28,65.27777777777779,6.398594934535208,65.0,101,2401,801.0,1014.3333333333334,15,4.61512051684126,7.783640596221253,6.68586094706836
2013,360,701,231.0,64.17,64.16666666666667,6.55250788703459,64.0,301,2601,701.0,1047.1538461538462,13,5.707110264748875,7.8636512654486515,6.55250788703459
2013,360,801,227.0,63.06,63.05555555555556,6.68586094706836,63.0,301,3001,1001.0,1371.5882352941176,17,5.707110264748875,8.006700845440367,6.90875477931522
2013,360,901,223.0,61.94,61.94444444444444,6.803505257608338,61.0,201,3601,901.0,1305.7619047619048,21,5.303304908059076,8.188966863648876,6.803505257608338
2013,360,1001,221.0,61.39,61.38888888888889,6.90875477931522,61.0,201,3601,901.0,1305.7619047619048,21,5.303304908059076,8.188966863648876,6.803505257608338
2013,360,1101,219.0,60.83,60.83333333333333,7.00397413672268,60.0,501,3901,1401.0,1687.9565217391305,23,6.2166061010848646,8.268988209506656,7.244941546337007
2013,360,1201,216.0,60.0,60.0,7.0909098220799835,60.0,501,3901,1401.0,1687.9565217391305,23,6.2166061010848646,8.268988209506656,7.244941546337007
2013,360,1301,213.0,59.17,59.166666666666664,7.170888478512505,59.0,501,4401,1701.0,2232.5789473684213,19,6.2166061010848646,8.38958706681109,7.438971592395862
2013,360,1401,211.0,58.61,58.611111111111114,7.244941546337007,58.0,301,4801,1501.0,1926.9259259259259,27,5.707110264748875,8.476579508530941,7.313886831633462
2013,360,1501,209.0,58.06,58.05555555555556,7.313886831633462,58.0,301,4801,1501.0,1926.9259259259259,27,5.707110264748875,8.476579508530941,7.313886831633462
2013,360,1601,207.0,57.5,57.49999999999999,7.3783837129967145,57.0,601,5201,1901.0,2273.0,25,6.398594934535208,8.556606193773073,7.550135342488429
2013,360,1701,205.0,56.94,56.94444444444444,7.438971592395862,56.0,401,5901,2101.0,2678.1428571428573,35,5.993961427306569,8.682877107057168,7.650168700845001
2013,360,1801,204.0,56.67,56.666666666666664,7.496097345175956,56.0,401,5901,2101.0,2678.1428571428573,35,5.993961427306569,8.682877107057168,7.650168700845001
2013,360,1901,202.0,56.11,56.111111111111114,7.550135342488429,56.0,401,5901,2101.0,2678.1428571428573,35,5.993961427306569,8.682877107057168,7.650168700845001
2013,360,2001,200.0,55.56,55.55555555555556,7.601402334583733,55.0,401,6301,2201.0,2607.25,32,5.993961427306569,8.748463629942055,7.696667081526462
2013,360,2101,198.0,55.0,55.00000000000001,7.650168700845001,55.0,401,6301,2201.0,2607.25,32,5.993961427306569,8.748463629942055,7.696667081526462
2013,360,2201,197.0,54.72,54.72222222222223,7.696667081526462,54.0,501,6901,2651.0,3181.5555555555557,36,6.2166061010848646,8.839421607620602,7.8826922062890254
2013,360,2301,195.0,54.17,54.166666666666664,7.741099090035366,54.0,501,6901,2651.0,3181.5555555555557,36,6.2166061010848646,8.839421607620602,7.8826922062890254
2013,360,2401,194.0,53.89,53.888888888888886,7.783640596221253,53.0,501,7601,2901.0,3366.1162790697676,43,6.2166061010848646,8.936035096566041,7.972810784121404
2013,360,2501,192.0,53.33,53.333333333333336,7.824445930877619,53.0,501,7601,2901.0,3366.1162790697676,43,6.2166061010848646,8.936035096566041,7.972810784121404
2013,360,2601,192.0,53.33,53.333333333333336,7.8636512654486515,53.0,501,7601,2901.0,3366.1162790697676,43,6.2166061010848646,8.936035096566041,7.972810784121404
2013,360,2701,190.0,52.78,52.77777777777778,7.901377353792616,52.0,701,8101,2901.0,3608.317073170732,41,6.55250788703459,8.999742789830492,7.972810784121404
2013,360,2801,189.0,52.5,52.5,7.937731775260109,52.0,701,8101,2901.0,3608.317073170732,41,6.55250788703459,8.999742789830492,7.972810784121404
2013,360,2901,188.0,52.22,52.22222222222223,7.972810784121404,52.0,701,8101,2901.0,3608.317073170732,41,6.55250788703459,8.999742789830492,7.972810784121404
2013,360,3001,187.0,51.94,51.94444444444445,8.006700845440367,51.0,601,8901,3451.0,3991.740740740741,54,6.398594934535208,9.093918908958932,8.146419323098003
2013,360,3101,186.0,51.67,51.66666666666667,8.03947991910045,51.0,601,8901,3451.0,3991.740740740741,54,6.398594934535208,9.093918908958932,8.146419323098003
2013,360,3201,185.0,51.39,51.388888888888886,8.071218539969863,51.0,601,8901,3451.0,3991.740740740741,54,6.398594934535208,9.093918908958932,8.146419323098003
2013,360,3301,184.0,51.11,51.11111111111111,8.101980731853192,51.0,601,8901,3451.0,3991.740740740741,54,6.398594934535208,9.093918908958932,8.146419323098003
2013,360,3401,183.0,50.83,50.83333333333333,8.131824785007195,50.0,701,9801,3851.0,4534.333333333333,60,6.55250788703459,9.19023970026918,8.25608813381491
2013,360,3501,182.0,50.56,50.55555555555556,8.160803920954665,50.0,701,9801,3851.0,4534.333333333333,60,6.55250788703459,9.19023970026918,8.25608813381491
2013,360,3601,181.0,50.28,50.27777777777778,8.188966863648876,50.0,701,9801,3851.0,4534.333333333333,60,6.55250788703459,9.19023970026918,8.25608813381491
2013,360,3701,180.0,50.0,50.0,8.216358332386156,50.0,701,9801,3851.0,4534.333333333333,60,6.55250788703459,9.19023970026918,8.25608813381491
2013,360,3801,180.0,50.0,50.0,8.24301946898925,50.0,701,9801,3851.0,4534.333333333333,60,6.55250788703459,9.19023970026918,8.25608813381491
2013,360,3901,178.0,49.44,49.44444444444444,8.268988209506656,49.0,801,10501,4001.0,4608.317073170731,41,6.68586094706836,9.259225769705994,8.294299608857235
2013,360,4001,177.0,49.17,49.166666666666664,8.294299608857235,49.0,801,10501,4001.0,4608.317073170731,41,6.68586094706836,9.259225769705994,8.294299608857235
2013,360,4101,177.0,49.17,49.166666666666664,8.31898612539206,49.0,801,10501,4001.0,4608.317073170731,41,6.68586094706836,9.259225769705994,8.294299608857235
2013,360,4201,176.0,48.89,48.888888888888886,8.343077871169383,48.0,901,11401,4251.0,4716.0,60,6.803505257608338,9.34145634983372,8.35490952835879
2013,360,4301,175.0,48.61,48.61111111111111,8.366602832783736,48.0,901,11401,4251.0,4716.0,60,6.803505257608338,9.34145634983372,8.35490952835879
2013,360,4401,174.0,48.33,48.333333333333336,8.38958706681109,48.0,901,11401,4251.0,4716.0,60,6.803505257608338,9.34145634983372,8.35490952835879
2013,360,4501,173.0,48.06,48.05555555555556,8.412054873292933,48.0,901,11401,4251.0,4716.0,60,6.803505257608338,9.34145634983372,8.35490952835879
2013,360,4601,173.0,48.06,48.05555555555556,8.434028950155469,48.0,901,11401,4251.0,4716.0,60,6.803505257608338,9.34145634983372,8.35490952835879
2013,360,4701,172.0,47.78,47.77777777777778,8.45553053102413,47.0,1001,12201,4001.0,4997.363636363636,55,6.90875477931522,9.409273194575334,8.294299608857235
2013,360,4801,171.0,47.5,47.5,8.476579508530941,47.0,1001,12201,4001.0,4997.363636363636,55,6.90875477931522,9.409273194575334,8.294299608857235
2013,360,4901,170.0,47.22,47.22222222222222,8.497194544909547,47.0,1001,12201,4001.0,4997.363636363636,55,6.90875477931522,9.409273194575334,8.294299608857235
2013,360,5001,170.0,47.22,47.22222222222222,8.517393171418904,47.0,1001,12201,4001.0,4997.363636363636,55,6.90875477931522,9.409273194575334,8.294299608857235
2013,360,5101,169.0,46.94,46.94444444444444,8.537191877922927,46.0,1101,13401,5351.0,5896.588235294118,68,7.00397413672268,9.503084610020228,8.585038738311304
2013,360,5201,169.0,46.94,46.94444444444444,8.556606193773073,46.0,1101,13401,5351.0,5896.588235294118,68,7.00397413672268,9.503084610020228,8.585038738311304
2013,360,5301,169.0,46.94,46.94444444444444,8.575650760987806,46.0,1101,13401,5351.0,5896.588235294118,68,7.00397413672268,9.503084610020228,8.585038738311304
2013,360,5401,167.0,46.39,46.38888888888889,8.594339400592892,46.0,1101,13401,5351.0,5896.588235294118,68,7.00397413672268,9.503084610020228,8.585038738311304
2013,360,5501,167.0,46.39,46.38888888888889,8.612685172875459,46.0,1101,13401,5351.0,5896.588235294118,68,7.00397413672268,9.503084610020228,8.585038738311304
2013,360,5601,166.0,46.11,46.111111111111114,8.630700432209832,46.0,1101,13401,5351.0,5896.588235294118,68,7.00397413672268,9.503084610020228,8.585038738311304
2013,360,5701,165.0,45.83,45.83333333333333,8.648396877031582,45.0,1201,14501,5701.0,6161.273972602739,73,7.0909098220799835,9.581972891547895,8.648396877031582
2013,360,5801,165.0,45.83,45.83333333333333,8.665785595466064,45.0,1201,14501,5701.0,6161.273972602739,73,7.0909098220799835,9.581972891547895,8.648396877031582
2013,360,5901,164.0,45.56,45.55555555555556,8.682877107057168,45.0,1201,14501,5701.0,6161.273972602739,73,7.0909098220799835,9.581972891547895,8.648396877031582
2013,360,6001,164.0,45.56,45.55555555555556,8.699681400989514,45.0,1201,14501,5701.0,6161.273972602739,73,7.0909098220799835,9.581972891547895,8.648396877031582
2013,360,6101,163.0,45.28,45.27777777777778,8.716207971151853,45.0,1201,14501,5701.0,6161.273972602739,73,7.0909098220799835,9.581972891547895,8.648396877031582
2013,360,6201,162.0,45.0,45.0,8.732465848349879,45.0,1201,14501,5701.0,6161.273972602739,73,7.0909098220799835,9.581972891547895,8.648396877031582
2013,360,6301,162.0,45.0,45.0,8.748463629942055,45.0,1201,14501,5701.0,6161.273972602739,73,7.0909098220799835,9.581972891547895,8.648396877031582
2013,360,6401,161.0,44.72,44.72222222222222,8.764209507142004,44.0,1301,15501,5401.0,6494.1506849315065,73,7.170888478512505,9.648659816955295,8.594339400592892
2013,360,6501,161.0,44.72,44.72222222222222,8.77971129020447,44.0,1301,15501,5401.0,6494.1506849315065,73,7.170888478512505,9.648659816955295,8.594339400592892
2013,360,6601,160.0,44.44,44.44444444444444,8.79497643168877,44.0,1301,15501,5401.0,6494.1506849315065,73,7.170888478512505,9.648659816955295,8.594339400592892
2013,360,6701,160.0,44.44,44.44444444444444,8.81001204797317,44.0,1301,15501,5401.0,6494.1506849315065,73,7.170888478512505,9.648659816955295,8.594339400592892
2013,360,6801,159.0,44.17,44.166666666666664,8.824824939175638,44.0,1301,15501,5401.0,6494.1506849315065,73,7.170888478512505,9.648659816955295,8.594339400592892
2013,360,6901,158.0,43.89,43.888888888888886,8.839421607620602,43.0,1501,16801,6951.0,7356.555555555556,90,7.313886831633462,9.729193687429403,8.846640813100485
2013,360,7001,158.0,43.89,43.888888888888886,8.853808274977197,43.0,1501,16801,6951.0,7356.555555555556,90,7.313886831633462,9.729193687429403,8.846640813100485
2013,360,7101,157.0,43.61,43.611111111111114,8.867990898182093,43.0,1501,16801,6951.0,7356.555555555556,90,7.313886831633462,9.729193687429403,8.846640813100485
2013,360,7201,157.0,43.61,43.611111111111114,8.881975184248867,43.0,1501,16801,6951.0,7356.555555555556,90,7.313886831633462,9.729193687429403,8.846640813100485
2013,360,7301,156.0,43.33,43.333333333333336,8.895766604056085,43.0,1501,16801,6951.0,7356.555555555556,90,7.313886831633462,9.729193687429403,8.846640813100485
2013,360,7401,156.0,43.33,43.333333333333336,8.909370405197466,43.0,1501,16801,6951.0,7356.555555555556,90,7.313886831633462,9.729193687429403,8.846640813100485
2013,360,7501,155.0,43.06,43.05555555555556,8.922791623969637,43.0,1501,16801,6951.0,7356.555555555556,90,7.313886831633462,9.729193687429403,8.846640813100485
2013,360,7601,155.0,43.06,43.05555555555556,8.936035096566041,43.0,1501,16801,6951.0,7356.555555555556,90,7.313886831633462,9.729193687429403,8.846640813100485
2013,360,7701,154.0,42.78,42.77777777777778,8.94910546953925,42.0,1601,18401,7901.0,8481.459770114943,87,7.3783837129967145,9.820160289946374,8.974744612722734
2013,360,7801,154.0,42.78,42.77777777777778,8.962007209588313,42.0,1601,18401,7901.0,8481.459770114943,87,7.3783837129967145,9.820160289946374,8.974744612722734
2013,360,7901,153.0,42.5,42.5,8.974744612722734,42.0,1601,18401,7901.0,8481.459770114943,87,7.3783837129967145,9.820160289946374,8.974744612722734
2013,360,8001,153.0,42.5,42.5,8.987321812850125,42.0,1601,18401,7901.0,8481.459770114943,87,7.3783837129967145,9.820160289946374,8.974744612722734
2013,360,8101,152.0,42.22,42.22222222222222,8.999742789830492,42.0,1601,18401,7901.0,8481.459770114943,87,7.3783837129967145,9.820160289946374,8.974744612722734
2013,360,8201,152.0,42.22,42.22222222222222,9.012011377036412,42.0,1601,18401,7901.0,8481.459770114943,87,7.3783837129967145,9.820160289946374,8.974744612722734
2013,360,8301,152.0,42.22,42.22222222222222,9.024131268455035,42.0,1601,18401,7901.0,8481.459770114943,87,7.3783837129967145,9.820160289946374,8.974744612722734
2013,360,8401,152.0,42.22,42.22222222222222,9.036106025364846,42.0,1601,18401,7901.0,8481.459770114943,87,7.3783837129967145,9.820160289946374,8.974744612722734
2013,360,8501,151.0,41.94,41.94444444444444,9.04793908261736,41.0,1701,19401,7351.0,8254.125,96,7.438971592395862,9.873079890114703,8.902591637374087
2013,360,8601,150.0,41.67,41.66666666666667,9.059633754551479,41.0,1701,19401,7351.0,8254.125,96,7.438971592395862,9.873079890114703,8.902591637374087
2013,360,8701,150.0,41.67,41.66666666666667,9.071193240566025,41.0,1701,19401,7351.0,8254.125,96,7.438971592395862,9.873079890114703,8.902591637374087
2013,360,8801,149.0,41.39,41.388888888888886,9.082620630373812,41.0,1701,19401,7351.0,8254.125,96,7.438971592395862,9.873079890114703,8.902591637374087
2013,360,8901,149.0,41.39,41.388888888888886,9.093918908958932,41.0,1701,19401,7351.0,8254.125,96,7.438971592395862,9.873079890114703,8.902591637374087
2013,360,9001,148.0,41.11,41.11111111111111,9.105090961257085,41.0,1701,19401,7351.0,8254.125,96,7.438971592395862,9.873079890114703,8.902591637374087
2013,360,9101,148.0,41.11,41.11111111111111,9.116139576577355,41.0,1701,19401,7351.0,8254.125,96,7.438971592395862,9.873079890114703,8.902591637374087
2013,360,9201,147.0,40.83,40.833333333333336,9.127067452782361,40.0,1901,21101,8351.0,9465.406779661016,118,7.550135342488429,9.957075711706057,9.03013657115323
2013,360,9301,147.0,40.83,40.833333333333336,9.137877200242468,40.0,1901,21101,8351.0,9465.406779661016,118,7.550135342488429,9.957075711706057,9.03013657115323
2013,360,9401,146.0,40.56,40.55555555555556,9.148571345578551,40.0,1901,21101,8351.0,9465.406779661016,118,7.550135342488429,9.957075711706057,9.03013657115323
2013,360,9501,146.0,40.56,40.55555555555556,9.15915233520675,40.0,1901,21101,8351.0,9465.406779661016,118,7.550135342488429,9.957075711706057,9.03013657115323
2013,360,9601,146.0,40.56,40.55555555555556,9.169622538697624,40.0,1901,21101,8351.0,9465.406779661016,118,7.550135342488429,9.957075711706057,9.03013657115323
2013,360,9701,145.0,40.28,40.27777777777778,9.179984251961283,40.0,1901,21101,8351.0,9465.406779661016,118,7.550135342488429,9.957075711706057,9.03013657115323
2013,360,9801,145.0,40.28,40.27777777777778,9.19023970026918,40.0,1901,21101,8351.0,9465.406779661016,118,7.550135342488429,9.957075711706057,9.03013657115323
2013,360,9901,144.0,40.0,40.0,9.200391041122515,40.0,1901,21101,8351.0,9465.406779661016,118,7.550135342488429,9.957075711706057,9.03013657115323
2013,360,10001,144.0,40.0,40.0,9.210440366976517,40.0,1901,21101,8351.0,9465.406779661016,118,7.550135342488429,9.957075711706057,9.03013657115323
2013,360,10101,144.0,40.0,40.0,9.220389707829185,40.0,1901,21101,8351.0,9465.406779661016,118,7.550135342488429,9.957075711706057,9.03013657115323
2013,360,10201,143.0,39.72,39.72222222222222,9.23024103368252,39.0,2201,22801,9351.0,10543.452830188678,106,7.696667081526462,10.034559673629849,9.143238568435446
2013,360,10301,143.0,39.72,39.72222222222222,9.239996256883693,39.0,2201,22801,9351.0,10543.452830188678,106,7.696667081526462,10.034559673629849,9.143238568435446
2013,360,10401,143.0,39.72,39.72222222222222,9.249657234353133,39.0,2201,22801,9351.0,10543.452830188678,106,7.696667081526462,10.034559673629849,9.143238568435446
2013,360,10501,142.0,39.44,39.44444444444444,9.259225769705994,39.0,2201,22801,9351.0,10543.452830188678,106,7.696667081526462,10.034559673629849,9.143238568435446
2013,360,10601,142.0,39.44,39.44444444444444,9.268703615273097,39.0,2201,22801,9351.0,10543.452830188678,106,7.696667081526462,10.034559673629849,9.143238568435446
2013,360,10701,142.0,39.44,39.44444444444444,9.278092474027002,39.0,2201,22801,9351.0,10543.452830188678,106,7.696667081526462,10.034559673629849,9.143238568435446
2013,360,10801,142.0,39.44,39.44444444444444,9.287394001418473,39.0,2201,22801,9351.0,10543.452830188678,106,7.696667081526462,10.034559673629849,9.143238568435446
2013,360,10901,141.0,39.17,39.166666666666664,9.296609807128359,39.0,2201,22801,9351.0,10543.452830188678,106,7.696667081526462,10.034559673629849,9.143238568435446
2013,360,11001,140.0,38.89,38.88888888888889,9.305741456739435,38.0,2401,24201,11201.0,10851.40650406504,123,7.783640596221253,10.094149233605084,9.32375833901174
2013,360,11101,140.0,38.89,38.88888888888889,9.314790473332646,38.0,2401,24201,11201.0,10851.40650406504,123,7.783640596221253,10.094149233605084,9.32375833901174
2013,360,11201,140.0,38.89,38.88888888888889,9.32375833901174,38.0,2401,24201,11201.0,10851.40650406504,123,7.783640596221253,10.094149233605084,9.32375833901174
2013,360,11301,139.0,38.61,38.611111111111114,9.332646496360152,38.0,2401,24201,11201.0,10851.40650406504,123,7.783640596221253,10.094149233605084,9.32375833901174
2013,360,11401,139.0,38.61,38.611111111111114,9.34145634983372,38.0,2401,24201,11201.0,10851.40650406504,123,7.783640596221253,10.094149233605084,9.32375833901174
2013,360,11501,139.0,38.61,38.611111111111114,9.350189267092581,38.0,2401,24201,11201.0,10851.40650406504,123,7.783640596221253,10.094149233605084,9.32375833901174
2013,360,11601,138.0,38.33,38.333333333333336,9.358846580275406,38.0,2401,24201,11201.0,10851.40650406504,123,7.783640596221253,10.094149233605084,9.32375833901174
2013,360,11701,138.0,38.33,38.333333333333336,9.367429587218957,38.0,2401,24201,11201.0,10851.40650406504,123,7.783640596221253,10.094149233605084,9.32375833901174
2013,360,11801,138.0,38.33,38.333333333333336,9.375939552625749,38.0,2401,24201,11201.0,10851.40650406504,123,7.783640596221253,10.094149233605084,9.32375833901174
2013,360,11901,138.0,38.33,38.333333333333336,9.38437770918244,38.0,2401,24201,11201.0,10851.40650406504,123,7.783640596221253,10.094149233605084,9.32375833901174
2013,360,12001,137.0,38.06,38.05555555555556,9.392745258631441,38.0,2401,24201,11201.0,10851.40650406504,123,7.783640596221253,10.094149233605084,9.32375833901174
2013,360,12101,137.0,38.06,38.05555555555556,9.401043372798053,38.0,2401,24201,11201.0,10851.40650406504,123,7.783640596221253,10.094149233605084,9.32375833901174
2013,360,12201,136.0,37.78,37.77777777777778,9.409273194575334,37.0,2701,26201,12601.0,12353.713178294574,129,7.901377353792616,10.173552856959743,9.441531454869693
2013,360,12301,136.0,37.78,37.77777777777778,9.417435838868785,37.0,2701,26201,12601.0,12353.713178294574,129,7.901377353792616,10.173552856959743,9.441531454869693
2013,360,12401,136.0,37.78,37.77777777777778,9.425532393502772,37.0,2701,26201,12601.0,12353.713178294574,129,7.901377353792616,10.173552856959743,9.441531454869693
2013,360,12501,135.0,37.5,37.5,9.433563920090563,37.0,2701,26201,12601.0,12353.713178294574,129,7.901377353792616,10.173552856959743,9.441531454869693
2013,360,12601,135.0,37.5,37.5,9.441531454869693,37.0,2701,26201,12601.0,12353.713178294574,129,7.901377353792616,10.173552856959743,9.441531454869693
2013,360,12701,135.0,37.5,37.5,9.44943600950432,37.0,2701,26201,12601.0,12353.713178294574,129,7.901377353792616,10.173552856959743,9.441531454869693
2013,360,12801,134.0,37.22,37.22222222222222,9.45727857185611,37.0,2701,26201,12601.0,12353.713178294574,129,7.901377353792616,10.173552856959743,9.441531454869693
2013,360,12901,134.0,37.22,37.22222222222222,9.465060106725137,37.0,2701,26201,12601.0,12353.713178294574,129,7.901377353792616,10.173552856959743,9.441531454869693
2013,360,13001,134.0,37.22,37.22222222222222,9.472781556562168,37.0,2701,26201,12601.0,12353.713178294574,129,7.901377353792616,10.173552856959743,9.441531454869693
2013,360,13101,134.0,37.22,37.22222222222222,9.48044384215367,37.0,2701,26201,12601.0,12353.713178294574,129,7.901377353792616,10.173552856959743,9.441531454869693
2013,360,13201,134.0,37.22,37.22222222222222,9.488047863280759,37.0,2701,26201,12601.0,12353.713178294574,129,7.901377353792616,10.173552856959743,9.441531454869693
2013,360,13301,133.0,36.94,36.94444444444444,9.495594499353297,36.0,2901,28401,13701.0,13498.278911564626,147,7.972810784121404,10.254179634797001,9.525224101853109
2013,360,13401,133.0,36.94,36.94444444444444,9.503084610020228,36.0,2901,28401,13701.0,13498.278911564626,147,7.972810784121404,10.254179634797001,9.525224101853109
2013,360,13501,132.0,36.67,36.666666666666664,9.510519035757246,36.0,2901,28401,13701.0,13498.278911564626,147,7.972810784121404,10.254179634797001,9.525224101853109
2013,360,13601,132.0,36.67,36.666666666666664,9.517898598432753,36.0,2901,28401,13701.0,13498.278911564626,147,7.972810784121404,10.254179634797001,9.525224101853109
2013,360,13701,132.0,36.67,36.666666666666664,9.525224101853109,36.0,2901,28401,13701.0,13498.278911564626,147,7.972810784121404,10.254179634797001,9.525224101853109
2013,360,13801,132.0,36.67,36.666666666666664,9.53249633228804,36.0,2901,28401,13701.0,13498.278911564626,147,7.972810784121404,10.254179634797001,9.525224101853109
2013,360,13901,131.0,36.39,36.388888888888886,9.539716058977092,36.0,2901,28401,13701.0,13498.278911564626,147,7.972810784121404,10.254179634797001,9.525224101853109
2013,360,14001,131.0,36.39,36.388888888888886,9.546884034617925,36.0,2901,28401,13701.0,13498.278911564626,147,7.972810784121404,10.254179634797001,9.525224101853109
2013,360,14101,131.0,36.39,36.388888888888886,9.55400099583723,36.0,2901,28401,13701.0,13498.278911564626,147,7.972810784121404,10.254179634797001,9.525224101853109
2013,360,14201,130.0,36.11,36.11111111111111,9.561067663645012,36.0,2901,28401,13701.0,13498.278911564626,147,7.972810784121404,10.254179634797001,9.525224101853109
2013,360,14301,130.0,36.11,36.11111111111111,9.568084743872936,36.0,2901,28401,13701.0,13498.278911564626,147,7.972810784121404,10.254179634797001,9.525224101853109
2013,360,14401,130.0,36.11,36.11111111111111,9.575052927597383,36.0,2901,28401,13701.0,13498.278911564626,147,7.972810784121404,10.254179634797001,9.525224101853109
2013,360,14501,130.0,36.11,36.11111111111111,9.581972891547895,36.0,2901,28401,13701.0,13498.278911564626,147,7.972810784121404,10.254179634797001,9.525224101853109
2013,360,14601,129.0,35.83,35.833333333333336,9.588845298501564,35.0,3201,30101,15251.0,14490.583333333334,144,8.071218539969863,10.31231367277647,9.632400353656184
2013,360,14701,129.0,35.83,35.833333333333336,9.595670797663967,35.0,3201,30101,15251.0,14490.583333333334,144,8.071218539969863,10.31231367277647,9.632400353656184
2013,360,14801,129.0,35.83,35.833333333333336,9.60245002503719,35.0,3201,30101,15251.0,14490.583333333334,144,8.071218539969863,10.31231367277647,9.632400353656184
2013,360,14901,128.0,35.56,35.55555555555556,9.60918360377546,35.0,3201,30101,15251.0,14490.583333333334,144,8.071218539969863,10.31231367277647,9.632400353656184
2013,360,15001,128.0,35.56,35.55555555555556,9.61587214452889,35.0,3201,30101,15251.0,14490.583333333334,144,8.071218539969863,10.31231367277647,9.632400353656184
2013,360,15101,128.0,35.56,35.55555555555556,9.62251624577579,35.0,3201,30101,15251.0,14490.583333333334,144,8.071218539969863,10.31231367277647,9.632400353656184
2013,360,15201,128.0,35.56,35.55555555555556,9.62911649414402,35.0,3201,30101,15251.0,14490.583333333334,144,8.071218539969863,10.31231367277647,9.632400353656184
2013,360,15301,127.0,35.28,35.27777777777778,9.635673464721814,35.0,3201,30101,15251.0,14490.583333333334,144,8.071218539969863,10.31231367277647,9.632400353656184
2013,360,15401,127.0,35.28,35.27777777777778,9.642187721358466,35.0,3201,30101,15251.0,14490.583333333334,144,8.071218539969863,10.31231367277647,9.632400353656184
2013,360,15501,127.0,35.28,35.27777777777778,9.648659816955295,35.0,3201,30101,15251.0,14490.583333333334,144,8.071218539969863,10.31231367277647,9.632400353656184
2013,360,15601,126.0,35.0,35.0,9.65509029374725,35.0,3201,30101,15251.0,14490.583333333334,144,8.071218539969863,10.31231367277647,9.632400353656184
2013,360,15701,126.0,35.0,35.0,9.661479683575521,35.0,3201,30101,15251.0,14490.583333333334,144,8.071218539969863,10.31231367277647,9.632400353656184
2013,360,15801,126.0,35.0,35.0,9.6678285081515,35.0,3201,30101,15251.0,14490.583333333334,144,8.071218539969863,10.31231367277647,9.632400353656184
2013,360,15901,126.0,35.0,35.0,9.674137279312397,35.0,3201,30101,15251.0,14490.583333333334,144,8.071218539969863,10.31231367277647,9.632400353656184
2013,360,16001,125.0,34.72,34.72222222222222,9.680406499268875,34.0,3601,30801,11051.0,13145.68085106383,94,8.188966863648876,10.335302435967074,9.310276200588783
2014,360,1,334.0,92.78,92.77777777777779,0.0,92.0,1,1,1.0,1.0,3,0.0,0.0,0.0
2014,360,11,320.0,88.89,88.88888888888889,2.3978952727983707,88.0,1,11,6.0,6.0,4,0.0,2.3978952727983707,1.791759469228055
2014,360,51,292.0,81.11,81.11111111111111,3.9318256327243257,81.0,51,51,51.0,51.0,1,3.9318256327243257,3.9318256327243257,3.9318256327243257
2014,360,101,278.0,77.22,77.22222222222223,4.61512051684126,77.0,101,401,251.0,251.0,2,4.61512051684126,5.993961427306569,5.5254529391317835
2014,360,201,267.0,74.17,74.16666666666667,5.303304908059076,74.0,51,701,201.0,251.0,6,3.9318256327243257,6.55250788703459,5.303304908059076
2014,360,301,259.0,71.94,71.94444444444444,5.707110264748875,71.0,201,1101,301.0,481.0,5,5.303304908059076,7.00397413672268,5.707110264748875
2014,360,401,252.0,70.0,70.0,5.993961427306569,70.0,51,1301,301.0,431.7692307692308,13,3.9318256327243257,7.170888478512505,5.707110264748875
2014,360,501,246.0,68.33,68.33333333333333,6.2166061010848646,68.0,201,1701,401.0,616.3846153846154,13,5.303304908059076,7.438971592395862,5.993961427306569
2014,360,601,241.0,66.94,66.94444444444444,6.398594934535208,66.0,101,2101,551.0,801.0,10,4.61512051684126,7.650168700845001,6.311734809152915
2014,360,701,237.0,65.83,65.83333333333333,6.55250788703459,65.0,101,2401,801.0,1014.3333333333334,15,4.61512051684126,7.783640596221253,6.68586094706836
2014,360,801,234.0,65.0,65.0,6.68586094706836,65.0,101,2401,801.0,1014.3333333333334,15,4.61512051684126,7.783640596221253,6.68586094706836
2014,360,901,230.0,63.89,63.888888888888886,6.803505257608338,63.0,301,3001,1001.0,1371.5882352941176,17,5.707110264748875,8.006700845440367,6.90875477931522
2014,360,1001,227.0,63.06,63.05555555555556,6.90875477931522,63.0,301,3001,1001.0,1371.5882352941176,17,5.707110264748875,8.006700845440367,6.90875477931522
2014,360,1101,225.0,62.5,62.5,7.00397413672268,62.0,401,3301,1201.0,1521.0,15,5.993961427306569,8.101980731853192,7.0909098220799835
2014,360,1201,222.0,61.67,61.66666666666667,7.0909098220799835,61.0,201,3601,901.0,1305.7619047619048,21,5.303304908059076,8.188966863648876,6.803505257608338
2014,360,1301,220.0,61.11,61.111111111111114,7.170888478512505,61.0,201,3601,901.0,1305.7619047619048,21,5.303304908059076,8.188966863648876,6.803505257608338
2014,360,1401,218.0,60.56,60.55555555555555,7.244941546337007,60.0,501,3901,1401.0,1687.9565217391305,23,6.2166061010848646,8.268988209506656,7.244941546337007
2014,360,1501,216.0,60.0,60.0,7.313886831633462,60.0,501,3901,1401.0,1687.9565217391305,23,6.2166061010848646,8.268988209506656,7.244941546337007
2014,360,1601,213.0,59.17,59.166666666666664,7.3783837129967145,59.0,501,4401,1701.0,2232.5789473684213,19,6.2166061010848646,8.38958706681109,7.438971592395862
2014,360,1701,211.0,58.61,58.611111111111114,7.438971592395862,58.0,301,4801,1501.0,1926.9259259259259,27,5.707110264748875,8.476579508530941,7.313886831633462
2014,360,1801,209.0,58.06,58.05555555555556,7.496097345175956,58.0,301,4801,1501.0,1926.9259259259259,27,5.707110264748875,8.476579508530941,7.313886831633462
2014,360,1901,207.0,57.5,57.49999999999999,7.550135342488429,57.0,601,5201,1901.0,2273.0,25,6.398594934535208,8.556606193773073,7.550135342488429
2014,360,2001,206.0,57.22,57.22222222222222,7.601402334583733,57.0,601,5201,1901.0,2273.0,25,6.398594934535208,8.556606193773073,7.550135342488429
2014,360,2101,204.0,56.67,56.666666666666664,7.650168700845001,56.0,401,5901,2101.0,2678.1428571428573,35,5.993961427306569,8.682877107057168,7.650168700845001
2014,360,2201,203.0,56.39,56.388888888888886,7.696667081526462,56.0,401,5901,2101.0,2678.1428571428573,35,5.993961427306569,8.682877107057168,7.650168700845001
2014,360,2301,201.0,55.83,55.833333333333336,7.741099090035366,55.0,401,6301,2201.0,2607.25,32,5.993961427306569,8.748463629942055,7.696667081526462
2014,360,2401,200.0,55.56,55.55555555555556,7.783640596221253,55.0,401,6301,2201.0,2607.25,32,5.993961427306569,8.748463629942055,7.696667081526462
2014,360,2501,199.0,55.28,55.27777777777778,7.824445930877619,55.0,401,6301,2201.0,2607.25,32,5.993961427306569,8.748463629942055,7.696667081526462
2014,360,2601,197.0,54.72,54.72222222222223,7.8636512654486515,54.0,501,6901,2651.0,3181.5555555555557,36,6.2166061010848646,8.839421607620602,7.8826922062890254
2014,360,2701,196.0,54.44,54.44444444444444,7.901377353792616,54.0,501,6901,2651.0,3181.5555555555557,36,6.2166061010848646,8.839421607620602,7.8826922062890254
2014,360,2801,195.0,54.17,54.166666666666664,7.937731775260109,54.0,501,6901,2651.0,3181.5555555555557,36,6.2166061010848646,8.839421607620602,7.8826922062890254
2014,360,2901,194.0,53.89,53.888888888888886,7.972810784121404,53.0,501,7601,2901.0,3366.1162790697676,43,6.2166061010848646,8.936035096566041,7.972810784121404
2014,360,3001,193.0,53.61,53.61111111111111,8.006700845440367,53.0,501,7601,2901.0,3366.1162790697676,43,6.2166061010848646,8.936035096566041,7.972810784121404
2014,360,3101,192.0,53.33,53.333333333333336,8.03947991910045,53.0,501,7601,2901.0,3366.1162790697676,43,6.2166061010848646,8.936035096566041,7.972810784121404
2014,360,3201,191.0,53.06,53.05555555555556,8.071218539969863,53.0,501,7601,2901.0,3366.1162790697676,43,6.2166061010848646,8.936035096566041,7.972810784121404
2014,360,3301,190.0,52.78,52.77777777777778,8.101980731853192,52.0,701,8101,2901.0,3608.317073170732,41,6.55250788703459,8.999742789830492,7.972810784121404
2014,360,3401,189.0,52.5,52.5,8.131824785007195,52.0,701,8101,2901.0,3608.317073170732,41,6.55250788703459,8.999742789830492,7.972810784121404
2014,360,3501,188.0,52.22,52.22222222222223,8.160803920954665,52.0,701,8101,2901.0,3608.317073170732,41,6.55250788703459,8.999742789830492,7.972810784121404
2014,360,3601,187.0,51.94,51.94444444444445,8.188966863648876,51.0,601,8901,3451.0,3991.740740740741,54,6.398594934535208,9.093918908958932,8.146419323098003
2014,360,3701,187.0,51.94,51.94444444444445,8.216358332386156,51.0,601,8901,3451.0,3991.740740740741,54,6.398594934535208,9.093918908958932,8.146419323098003
2014,360,3801,186.0,51.67,51.66666666666667,8.24301946898925,51.0,601,8901,3451.0,3991.740740740741,54,6.398594934535208,9.093918908958932,8.146419323098003
2014,360,3901,185.0,51.39,51.388888888888886,8.268988209506656,51.0,601,8901,3451.0,3991.740740740741,54,6.398594934535208,9.093918908958932,8.146419323098003
2014,360,4001,184.0,51.11,51.11111111111111,8.294299608857235,51.0,601,8901,3451.0,3991.740740740741,54,6.398594934535208,9.093918908958932,8.146419323098003
2014,360,4101,183.0,50.83,50.83333333333333,8.31898612539206,50.0,701,9801,3851.0,4534.333333333333,60,6.55250788703459,9.19023970026918,8.25608813381491
2014,360,4201,182.0,50.56,50.55555555555556,8.343077871169383,50.0,701,9801,3851.0,4534.333333333333,60,6.55250788703459,9.19023970026918,8.25608813381491
2014,360,4301,181.0,50.28,50.27777777777778,8.366602832783736,50.0,701,9801,3851.0,4534.333333333333,60,6.55250788703459,9.19023970026918,8.25608813381491
2014,360,4401,181.0,50.28,50.27777777777778,8.38958706681109,50.0,701,9801,3851.0,4534.333333333333,60,6.55250788703459,9.19023970026918,8.25608813381491
2014,360,4501,180.0,50.0,50.0,8.412054873292933,50.0,701,9801,3851.0,4534.333333333333,60,6.55250788703459,9.19023970026918,8.25608813381491
2014,360,4601,179.0,49.72,49.72222222222222,8.434028950155469,49.0,801,10501,4001.0,4608.317073170731,41,6.68586094706836,9.259225769705994,8.294299608857235
2014,360,4701,178.0,49.44,49.44444444444444,8.45553053102413,49.0,801,10501,4001.0,4608.317073170731,41,6.68586094706836,9.259225769705994,8.294299608857235
2014,360,4801,178.0,49.44,49.44444444444444,8.476579508530941,49.0,801,10501,4001.0,4608.317073170731,41,6.68586094706836,9.259225769705994,8.294299608857235
2014,360,4901,177.0,49.17,49.166666666666664,8.497194544909547,49.0,801,10501,4001.0,4608.317073170731,41,6.68586094706836,9.259225769705994,8.294299608857235
2014,360,5001,176.0,48.89,48.888888888888886,8.517393171418904,48.0,901,11401,4251.0,4716.0,60,6.803505257608338,9.34145634983372,8.35490952835879
2014,360,5101,176.0,48.89,48.888888888888886,8.537191877922927,48.0,901,11401,4251.0,4716.0,60,6.803505257608338,9.34145634983372,8.35490952835879
2014,360,5201,175.0,48.61,48.61111111111111,8.556606193773073,48.0,901,11401,4251.0,4716.0,60,6.803505257608338,9.34145634983372,8.35490952835879
2014,360,5301,174.0,48.33,48.333333333333336,8.575650760987806,48.0,901,11401,4251.0,4716.0,60,6.803505257608338,9.34145634983372,8.35490952835879
2014,360,5401,174.0,48.33,48.333333333333336,8.594339400592892,48.0,901,11401,4251.0,4716.0,60,6.803505257608338,9.34145634983372,8.35490952835879
2014,360,5501,173.0,48.06,48.05555555555556,8.612685172875459,48.0,901,11401,4251.0,4716.0,60,6.803505257608338,9.34145634983372,8.35490952835879
2014,360,5601,172.0,47.78,47.77777777777778,8.630700432209832,47.0,1001,12201,4001.0,4997.363636363636,55,6.90875477931522,9.409273194575334,8.294299608857235
2014,360,5701,172.0,47.78,47.77777777777778,8.648396877031582,47.0,1001,12201,4001.0,4997.363636363636,55,6.90875477931522,9.409273194575334,8.294299608857235
2014,360,5801,171.0,47.5,47.5,8.665785595466064,47.0,1001,12201,4001.0,4997.363636363636,55,6.90875477931522,9.409273194575334,8.294299608857235
2014,360,5901,170.0,47.22,47.22222222222222,8.682877107057168,47.0,1001,12201,4001.0,4997.363636363636,55,6.90875477931522,9.409273194575334,8.294299608857235
2014,360,6001,170.0,47.22,47.22222222222222,8.699681400989514,47.0,1001,12201,4001.0,4997.363636363636,55,6.90875477931522,9.409273194575334,8.294299608857235
2014,360,6101,169.0,46.94,46.94444444444444,8.716207971151853,46.0,1101,13401,5351.0,5896.588235294118,68,7.00397413672268,9.503084610020228,8.585038738311304
2014,360,6201,169.0,46.94,46.94444444444444,8.732465848349879,46.0,1101,13401,5351.0,5896.588235294118,68,7.00397413672268,9.503084610020228,8.585038738311304
2014,360,6301,168.0,46.67,46.666666666666664,8.748463629942055,46.0,1101,13401,5351.0,5896.588235294118,68,7.00397413672268,9.503084610020228,8.585038738311304
2014,360,6401,168.0,46.67,46.666666666666664,8.764209507142004,46.0,1101,13401,5351.0,5896.588235294118,68,7.00397413672268,9.503084610020228,8.585038738311304
2014,360,6501,167.0,46.39,46.38888888888889,8.77971129020447,46.0,1101,13401,5351.0,5896.588235294118,68,7.00397413672268,9.503084610020228,8.585038738311304
2014,360,6601,167.0,46.39,46.38888888888889,8.79497643168877,46.0,1101,13401,5351.0,5896.588235294118,68,7.00397413672268,9.503084610020228,8.585038738311304
2014,360,6701,166.0,46.11,46.111111111111114,8.81001204797317,46.0,1101,13401,5351.0,5896.588235294118,68,7.00397413672268,9.503084610020228,8.585038738311304
2014,360,6801,165.0,45.83,45.83333333333333,8.824824939175638,45.0,1201,14501,5701.0,6161.273972602739,73,7.0909098220799835,9.581972891547895,8.648396877031582
2014,360,6901,165.0,45.83,45.83333333333333,8.839421607620602,45.0,1201,14501,5701.0,6161.273972602739,73,7.0909098220799835,9.581972891547895,8.648396877031582
2014,360,7001,164.0,45.56,45.55555555555556,8.853808274977197,45.0,1201,14501,5701.0,6161.273972602739,73,7.0909098220799835,9.581972891547895,8.648396877031582
2014,360,7101,164.0,45.56,45.55555555555556,8.867990898182093,45.0,1201,14501,5701.0,6161.273972602739,73,7.0909098220799835,9.581972891547895,8.648396877031582
2014,360,7201,163.0,45.28,45.27777777777778,8.881975184248867,45.0,1201,14501,5701.0,6161.273972602739,73,7.0909098220799835,9.581972891547895,8.648396877031582
2014,360,7301,163.0,45.28,45.27777777777778,8.895766604056085,45.0,1201,14501,5701.0,6161.273972602739,73,7.0909098220799835,9.581972891547895,8.648396877031582
2014,360,7401,162.0,45.0,45.0,8.909370405197466,45.0,1201,14501,5701.0,6161.273972602739,73,7.0909098220799835,9.581972891547895,8.648396877031582
2014,360,7501,162.0,45.0,45.0,8.922791623969637,45.0,1201,14501,5701.0,6161.273972602739,73,7.0909098220799835,9.581972891547895,8.648396877031582
2014,360,7601,161.0,44.72,44.72222222222222,8.936035096566041,44.0,1301,15501,5401.0,6494.1506849315065,73,7.170888478512505,9.648659816955295,8.594339400592892
2014,360,7701,161.0,44.72,44.72222222222222,8.94910546953925,44.0,1301,15501,5401.0,6494.1506849315065,73,7.170888478512505,9.648659816955295,8.594339400592892
2014,360,7801,161.0,44.72,44.72222222222222,8.962007209588313,44.0,1301,15501,5401.0,6494.1506849315065,73,7.170888478512505,9.648659816955295,8.594339400592892
2014,360,7901,160.0,44.44,44.44444444444444,8.974744612722734,44.0,1301,15501,5401.0,6494.1506849315065,73,7.170888478512505,9.648659816955295,8.594339400592892
2014,360,8001,160.0,44.44,44.44444444444444,8.987321812850125,44.0,1301,15501,5401.0,6494.1506849315065,73,7.170888478512505,9.648659816955295,8.594339400592892
2014,360,8101,159.0,44.17,44.166666666666664,8.999742789830492,44.0,1301,15501,5401.0,6494.1506849315065,73,7.170888478512505,9.648659816955295,8.594339400592892
2014,360,8201,159.0,44.17,44.166666666666664,9.012011377036412,44.0,1301,15501,5401.0,6494.1506849315065,73,7.170888478512505,9.648659816955295,8.594339400592892
2014,360,8301,158.0,43.89,43.888888888888886,9.024131268455035,43.0,1501,16801,6951.0,7356.555555555556,90,7.313886831633462,9.729193687429403,8.846640813100485
2014,360,8401,158.0,43.89,43.888888888888886,9.036106025364846,43.0,1501,16801,6951.0,7356.555555555556,90,7.313886831633462,9.729193687429403,8.846640813100485
2014,360,8501,157.0,43.61,43.611111111111114,9.04793908261736,43.0,1501,16801,6951.0,7356.555555555556,90,7.313886831633462,9.729193687429403,8.846640813100485
2014,360,8601,157.0,43.61,43.611111111111114,9.059633754551479,43.0,1501,16801,6951.0,7356.555555555556,90,7.313886831633462,9.729193687429403,8.846640813100485
2014,360,8701,156.0,43.33,43.333333333333336,9.071193240566025,43.0,1501,16801,6951.0,7356.555555555556,90,7.313886831633462,9.729193687429403,8.846640813100485
2014,360,8801,156.0,43.33,43.333333333333336,9.082620630373812,43.0,1501,16801,6951.0,7356.555555555556,90,7.313886831633462,9.729193687429403,8.846640813100485
2014,360,8901,156.0,43.33,43.333333333333336,9.093918908958932,43.0,1501,16801,6951.0,7356.555555555556,90,7.313886831633462,9.729193687429403,8.846640813100485
2014,360,9001,155.0,43.06,43.05555555555556,9.105090961257085,43.0,1501,16801,6951.0,7356.555555555556,90,7.313886831633462,9.729193687429403,8.846640813100485
2014,360,9101,155.0,43.06,43.05555555555556,9.116139576577355,43.0,1501,16801,6951.0,7356.555555555556,90,7.313886831633462,9.729193687429403,8.846640813100485
2014,360,9201,154.0,42.78,42.77777777777778,9.127067452782361,42.0,1601,18401,7901.0,8481.459770114943,87,7.3783837129967145,9.820160289946374,8.974744612722734
2014,360,9301,154.0,42.78,42.77777777777778,9.137877200242468,42.0,1601,18401,7901.0,8481.459770114943,87,7.3783837129967145,9.820160289946374,8.974744612722734
2014,360,9401,154.0,42.78,42.77777777777778,9.148571345578551,42.0,1601,18401,7901.0,8481.459770114943,87,7.3783837129967145,9.820160289946374,8.974744612722734
2014,360,9501,153.0,42.5,42.5,9.15915233520675,42.0,1601,18401,7901.0,8481.459770114943,87,7.3783837129967145,9.820160289946374,8.974744612722734
2014,360,9601,153.0,42.5,42.5,9.169622538697624,42.0,1601,18401,7901.0,8481.459770114943,87,7.3783837129967145,9.820160289946374,8.974744612722734
2014,360,9701,152.0,42.22,42.22222222222222,9.179984251961283,42.0,1601,18401,7901.0,8481.459770114943,87,7.3783837129967145,9.820160289946374,8.974744612722734
2014,360,9801,152.0,42.22,42.22222222222222,9.19023970026918,42.0,1601,18401,7901.0,8481.459770114943,87,7.3783837129967145,9.820160289946374,8.974744612722734
2014,360,9901,152.0,42.22,42.22222222222222,9.200391041122515,42.0,1601,18401,7901.0,8481.459770114943,87,7.3783837129967145,9.820160289946374,8.974744612722734
2014,360,10001,151.0,41.94,41.94444444444444,9.210440366976517,41.0,1701,19401,7351.0,8254.125,96,7.438971592395862,9.873079890114703,8.902591637374087
2014,360,10101,151.0,41.94,41.94444444444444,9.220389707829185,41.0,1701,19401,7351.0,8254.125,96,7.438971592395862,9.873079890114703,8.902591637374087
2014,360,10201,151.0,41.94,41.94444444444444,9.23024103368252,41.0,1701,19401,7351.0,8254.125,96,7.438971592395862,9.873079890114703,8.902591637374087
2014,360,10301,150.0,41.67,41.66666666666667,9.239996256883693,41.0,1701,19401,7351.0,8254.125,96,7.438971592395862,9.873079890114703,8.902591637374087
2014,360,10401,150.0,41.67,41.66666666666667,9.249657234353133,41.0,1701,19401,7351.0,8254.125,96,7.438971592395862,9.873079890114703,8.902591637374087
2014,360,10501,150.0,41.67,41.66666666666667,9.259225769705994,41.0,1701,19401,7351.0,8254.125,96,7.438971592395862,9.873079890114703,8.902591637374087
2014,360,10601,149.0,41.39,41.388888888888886,9.268703615273097,41.0,1701,19401,7351.0,8254.125,96,7.438971592395862,9.873079890114703,8.902591637374087
2014,360,10701,149.0,41.39,41.388888888888886,9.278092474027002,41.0,1701,19401,7351.0,8254.125,96,7.438971592395862,9.873079890114703,8.902591637374087
2014,360,10801,148.0,41.11,41.11111111111111,9.287394001418473,41.0,1701,19401,7351.0,8254.125,96,7.438971592395862,9.873079890114703,8.902591637374087
2014,360,10901,148.0,41.11,41.11111111111111,9.296609807128359,41.0,1701,19401,7351.0,8254.125,96,7.438971592395862,9.873079890114703,8.902591637374087
2014,360,11001,148.0,41.11,41.11111111111111,9.305741456739435,41.0,1701,19401,7351.0,8254.125,96,7.438971592395862,9.873079890114703,8.902591637374087
2014,360,11101,147.0,40.83,40.833333333333336,9.314790473332646,40.0,1901,21101,8351.0,9465.406779661016,118,7.550135342488429,9.957075711706057,9.03013657115323
2014,360,11201,147.0,40.83,40.833333333333336,9.32375833901174,40.0,1901,21101,8351.0,9465.406779661016,118,7.550135342488429,9.957075711706057,9.03013657115323
2014,360,11301,147.0,40.83,40.833333333333336,9.332646496360152,40.0,1901,21101,8351.0,9465.406779661016,118,7.550135342488429,9.957075711706057,9.03013657115323
2014,360,11401,146.0,40.56,40.55555555555556,9.34145634983372,40.0,1901,21101,8351.0,9465.406779661016,118,7.550135342488429,9.957075711706057,9.03013657115323
2014,360,11501,146.0,40.56,40.55555555555556,9.350189267092581,40.0,1901,21101,8351.0,9465.406779661016,118,7.550135342488429,9.957075711706057,9.03013657115323
2014,360,11601,146.0,40.56,40.55555555555556,9.358846580275406,40.0,1901,21101,8351.0,9465.406779661016,118,7.550135342488429,9.957075711706057,9.03013657115323
2014,360,11701,145.0,40.28,40.27777777777778,9.367429587218957,40.0,1901,21101,8351.0,9465.406779661016,118,7.550135342488429,9.957075711706057,9.03013657115323
2014,360,11801,145.0,40.28,40.27777777777778,9.375939552625749,40.0,1901,21101,8351.0,9465.406779661016,118,7.550135342488429,9.957075711706057,9.03013657115323
2014,360,11901,145.0,40.28,40.27777777777778,9.38437770918244,40.0,1901,21101,8351.0,9465.406779661016,118,7.550135342488429,9.957075711706057,9.03013657115323
2014,360,12001,144.0,40.0,40.0,9.392745258631441,40.0,1901,21101,8351.0,9465.406779661016,118,7.550135342488429,9.957075711706057,9.03013657115323
2014,360,12101,144.0,40.0,40.0,9.401043372798053,40.0,1901,21101,8351.0,9465.406779661016,118,7.550135342488429,9.957075711706057,9.03013657115323
2014,360,12201,144.0,40.0,40.0,9.409273194575334,40.0,1901,21101,8351.0,9465.406779661016,118,7.550135342488429,9.957075711706057,9.03013657115323
2014,360,12301,143.0,39.72,39.72222222222222,9.417435838868785,39.0,2201,22801,9351.0,10543.452830188678,106,7.696667081526462,10.034559673629849,9.143238568435446
2014,360,12401,143.0,39.72,39.72222222222222,9.425532393502772,39.0,2201,22801,9351.0,10543.452830188678,106,7.696667081526462,10.034559673629849,9.143238568435446
2014,360,12501,143.0,39.72,39.72222222222222,9.433563920090563,39.0,2201,22801,9351.0,10543.452830188678,106,7.696667081526462,10.034559673629849,9.143238568435446
2014,360,12601,142.0,39.44,39.44444444444444,9.441531454869693,39.0,2201,22801,9351.0,10543.452830188678,106,7.696667081526462,10.034559673629849,9.143238568435446
2014,360,12701,142.0,39.44,39.44444444444444,9.44943600950432,39.0,2201,22801,9351.0,10543.452830188678,106,7.696667081526462,10.034559673629849,9.143238568435446
2014,360,12801,142.0,39.44,39.44444444444444,9.45727857185611,39.0,2201,22801,9351.0,10543.452830188678,106,7.696667081526462,10.034559673629849,9.143238568435446
2014,360,12901,142.0,39.44,39.44444444444444,9.465060106725137,39.0,2201,22801,9351.0,10543.452830188678,106,7.696667081526462,10.034559673629849,9.143238568435446
2014,360,13001,141.0,39.17,39.166666666666664,9.472781556562168,39.0,2201,22801,9351.0,10543.452830188678,106,7.696667081526462,10.034559673629849,9.143238568435446
2014,360,13101,141.0,39.17,39.166666666666664,9.48044384215367,39.0,2201,22801,9351.0,10543.452830188678,106,7.696667081526462,10.034559673629849,9.143238568435446
2014,360,13201,141.0,39.17,39.166666666666664,9.488047863280759,39.0,2201,22801,9351.0,10543.452830188678,106,7.696667081526462,10.034559673629849,9.143238568435446
2014,360,13301,140.0,38.89,38.88888888888889,9.495594499353297,38.0,2401,24201,11201.0,10851.40650406504,123,7.783640596221253,10.094149233605084,9.32375833901174
2014,360,13401,140.0,38.89,38.88888888888889,9.503084610020228,38.0,2401,24201,11201.0,10851.40650406504,123,7.783640596221253,10.094149233605084,9.32375833901174
2014,360,13501,140.0,38.89,38.88888888888889,9.510519035757246,38.0,2401,24201,11201.0,10851.40650406504,123,7.783640596221253,10.094149233605084,9.32375833901174
2014,360,13601,140.0,38.89,38.88888888888889,9.517898598432753,38.0,2401,24201,11201.0,10851.40650406504,123,7.783640596221253,10.094149233605084,9.32375833901174
2014,360,13701,139.0,38.61,38.611111111111114,9.525224101853109,38.0,2401,24201,11201.0,10851.40650406504,123,7.783640596221253,10.094149233605084,9.32375833901174
2014,360,13801,139.0,38.61,38.611111111111114,9.53249633228804,38.0,2401,24201,11201.0,10851.40650406504,123,7.783640596221253,10.094149233605084,9.32375833901174
2014,360,13901,139.0,38.61,38.611111111111114,9.539716058977092,38.0,2401,24201,11201.0,10851.40650406504,123,7.783640596221253,10.094149233605084,9.32375833901174
2014,360,14001,138.0,38.33,38.333333333333336,9.546884034617925,38.0,2401,24201,11201.0,10851.40650406504,123,7.783640596221253,10.094149233605084,9.32375833901174
2014,360,14101,138.0,38.33,38.333333333333336,9.55400099583723,38.0,2401,24201,11201.0,10851.40650406504,123,7.783640596221253,10.094149233605084,9.32375833901174
2014,360,14201,138.0,38.33,38.333333333333336,9.561067663645012,38.0,2401,24201,11201.0,10851.40650406504,123,7.783640596221253,10.094149233605084,9.32375833901174
2014,360,14301,138.0,38.33,38.333333333333336,9.568084743872936,38.0,2401,24201,11201.0,10851.40650406504,123,7.783640596221253,10.094149233605084,9.32375833901174
2014,360,14401,137.0,38.06,38.05555555555556,9.575052927597383,38.0,2401,24201,11201.0,10851.40650406504,123,7.783640596221253,10.094149233605084,9.32375833901174
2014,360,14501,137.0,38.06,38.05555555555556,9.581972891547895,38.0,2401,24201,11201.0,10851.40650406504,123,7.783640596221253,10.094149233605084,9.32375833901174
2014,360,14601,137.0,38.06,38.05555555555556,9.588845298501564,38.0,2401,24201,11201.0,10851.40650406504,123,7.783640596221253,10.094149233605084,9.32375833901174
2014,360,14701,137.0,38.06,38.05555555555556,9.595670797663967,38.0,2401,24201,11201.0,10851.40650406504,123,7.783640596221253,10.094149233605084,9.32375833901174
2014,360,14801,136.0,37.78,37.77777777777778,9.60245002503719,37.0,2701,26201,12601.0,12353.713178294574,129,7.901377353792616,10.173552856959743,9.441531454869693
2014,360,14901,136.0,37.78,37.77777777777778,9.60918360377546,37.0,2701,26201,12601.0,12353.713178294574,129,7.901377353792616,10.173552856959743,9.441531454869693
2014,360,15001,136.0,37.78,37.77777777777778,9.61587214452889,37.0,2701,26201,12601.0,12353.713178294574,129,7.901377353792616,10.173552856959743,9.441531454869693
2014,360,15101,136.0,37.78,37.77777777777778,9.62251624577579,37.0,2701,26201,12601.0,12353.713178294574,129,7.901377353792616,10.173552856959743,9.441531454869693
2014,360,15201,135.0,37.5,37.5,9.62911649414402,37.0,2701,26201,12601.0,12353.713178294574,129,7.901377353792616,10.173552856959743,9.441531454869693
2014,360,15301,135.0,37.5,37.5,9.635673464721814,37.0,2701,26201,12601.0,12353.713178294574,129,7.901377353792616,10.173552856959743,9.441531454869693
2014,360,15401,135.0,37.5,37.5,9.642187721358466,37.0,2701,26201,12601.0,12353.713178294574,129,7.901377353792616,10.173552856959743,9.441531454869693
2014,360,15501,135.0,37.5,37.5,9.648659816955295,37.0,2701,26201,12601.0,12353.713178294574,129,7.901377353792616,10.173552856959743,9.441531454869693
2014,360,15601,134.0,37.22,37.22222222222222,9.65509029374725,37.0,2701,26201,12601.0,12353.713178294574,129,7.901377353792616,10.173552856959743,9.441531454869693
2014,360,15701,134.0,37.22,37.22222222222222,9.661479683575521,37.0,2701,26201,12601.0,12353.713178294574,129,7.901377353792616,10.173552856959743,9.441531454869693
2014,360,15801,134.0,37.22,37.22222222222222,9.6678285081515,37.0,2701,26201,12601.0,12353.713178294574,129,7.901377353792616,10.173552856959743,9.441531454869693
2014,360,15901,134.0,37.22,37.22222222222222,9.674137279312397,37.0,2701,26201,12601.0,12353.713178294574,129,7.901377353792616,10.173552856959743,9.441531454869693
2014,360,16001,133.0,36.94,36.94444444444444,9.680406499268875,36.0,2901,28401,13701.0,13498.278911564626,147,7.972810784121404,10.254179634797001,9.525224101853109
2014,360,16101,133.0,36.94,36.94444444444444,9.686636660844938,36.0,2901,28401,13701.0,13498.278911564626,147,7.972810784121404,10.254179634797001,9.525224101853109
2014,360,16201,133.0,36.94,36.94444444444444,9.692828247710418,36.0,2901,28401,13701.0,13498.278911564626,147,7.972810784121404,10.254179634797001,9.525224101853109
2014,360,16301,133.0,36.94,36.94444444444444,9.69898173460629,36.0,2901,28401,13701.0,13498.278911564626,147,7.972810784121404,10.254179634797001,9.525224101853109
2014,360,16401,132.0,36.67,36.666666666666664,9.70509758756311,36.0,2901,28401,13701.0,13498.278911564626,147,7.972810784121404,10.254179634797001,9.525224101853109
2014,360,16501,132.0,36.67,36.666666666666664,9.711176264112805,36.0,2901,28401,13701.0,13498.278911564626,147,7.972810784121404,10.254179634797001,9.525224101853109
2014,360,16601,132.0,36.67,36.666666666666664,9.717218213494077,36.0,2901,28401,13701.0,13498.278911564626,147,7.972810784121404,10.254179634797001,9.525224101853109
2014,360,16701,132.0,36.67,36.666666666666664,9.723223876851618,36.0,2901,28401,13701.0,13498.278911564626,147,7.972810784121404,10.254179634797001,9.525224101853109
2014,360,16801,131.0,36.39,36.388888888888886,9.729193687429403,36.0,2901,28401,13701.0,13498.278911564626,147,7.972810784121404,10.254179634797001,9.525224101853109
2014,360,16901,131.0,36.39,36.388888888888886,9.735128070758227,36.0,2901,28401,13701.0,13498.278911564626,147,7.972810784121404,10.254179634797001,9.525224101853109
2014,360,17001,131.0,36.39,36.388888888888886,9.741027444837728,36.0,2901,28401,13701.0,13498.278911564626,147,7.972810784121404,10.254179634797001,9.525224101853109
2014,360,17101,131.0,36.39,36.388888888888886,9.746892220313054,36.0,2901,28401,13701.0,13498.278911564626,147,7.972810784121404,10.254179634797001,9.525224101853109
2014,360,17201,131.0,36.39,36.388888888888886,9.75272280064639,36.0,2901,28401,13701.0,13498.278911564626,147,7.972810784121404,10.254179634797001,9.525224101853109
2014,360,17301,130.0,36.11,36.11111111111111,9.758519582283522,36.0,2901,28401,13701.0,13498.278911564626,147,7.972810784121404,10.254179634797001,9.525224101853109
2014,360,17401,130.0,36.11,36.11111111111111,9.76428295481558,36.0,2901,28401,13701.0,13498.278911564626,147,7.972810784121404,10.254179634797001,9.525224101853109
2014,360,17501,130.0,36.11,36.11111111111111,9.770013301136158,36.0,2901,28401,13701.0,13498.278911564626,147,7.972810784121404,10.254179634797001,9.525224101853109
2014,360,17601,130.0,36.11,36.11111111111111,9.77571099759397,36.0,2901,28401,13701.0,13498.278911564626,147,7.972810784121404,10.254179634797001,9.525224101853109
2014,360,17701,129.0,35.83,35.833333333333336,9.781376414141157,35.0,3201,30101,15251.0,14490.583333333334,144,8.071218539969863,10.31231367277647,9.632400353656184
2014,360,17801,129.0,35.83,35.833333333333336,9.787009914477434,35.0,3201,30101,15251.0,14490.583333333334,144,8.071218539969863,10.31231367277647,9.632400353656184
2014,360,17901,129.0,35.83,35.833333333333336,9.792611856190192,35.0,3201,30101,15251.0,14490.583333333334,144,8.071218539969863,10.31231367277647,9.632400353656184
2014,360,18001,129.0,35.83,35.833333333333336,9.798182590890704,35.0,3201,30101,15251.0,14490.583333333334,144,8.071218539969863,10.31231367277647,9.632400353656184
2014,360,18101,128.0,35.56,35.55555555555556,9.803722464346553,35.0,3201,30101,15251.0,14490.583333333334,144,8.071218539969863,10.31231367277647,9.632400353656184
2014,360,18201,128.0,35.56,35.55555555555556,9.809231816610408,35.0,3201,30101,15251.0,14490.583333333334,144,8.071218539969863,10.31231367277647,9.632400353656184
2014,360,18301,128.0,35.56,35.55555555555556,9.814710982145282,35.0,3201,30101,15251.0,14490.583333333334,144,8.071218539969863,10.31231367277647,9.632400353656184
2014,360,18401,128.0,35.56,35.55555555555556,9.820160289946374,35.0,3201,30101,15251.0,14490.583333333334,144,8.071218539969863,10.31231367277647,9.632400353656184
2014,360,18501,128.0,35.56,35.55555555555556,9.825580063659602,35.0,3201,30101,15251.0,14490.583333333334,144,8.071218539969863,10.31231367277647,9.632400353656184
2014,360,18601,127.0,35.28,35.27777777777778,9.83097062169695,35.0,3201,30101,15251.0,14490.583333333334,144,8.071218539969863,10.31231367277647,9.632400353656184
2014,360,18701,127.0,35.28,35.27777777777778,9.83633227734872,35.0,3201,30101,15251.0,14490.583333333334,144,8.071218539969863,10.31231367277647,9.632400353656184
2014,360,18801,127.0,35.28,35.27777777777778,9.841665338892785,35.0,3201,30101,15251.0,14490.583333333334,144,8.071218539969863,10.31231367277647,9.632400353656184
2014,360,18901,127.0,35.28,35.27777777777778,9.846970109700957,35.0,3201,30101,15251.0,14490.583333333334,144,8.071218539969863,10.31231367277647,9.632400353656184
2014,360,19001,126.0,35.0,35.0,9.852246888342531,35.0,3201,30101,15251.0,14490.583333333334,144,8.071218539969863,10.31231367277647,9.632400353656184
2014,360,19101,126.0,35.0,35.0,9.857495968685136,35.0,3201,30101,15251.0,14490.583333333334,144,8.071218539969863,10.31231367277647,9.632400353656184
2014,360,19201,126.0,35.0,35.0,9.862717639992917,35.0,3201,30101,15251.0,14490.583333333334,144,8.071218539969863,10.31231367277647,9.632400353656184
2014,360,19301,126.0,35.0,35.0,9.867912187022208,35.0,3201,30101,15251.0,14490.583333333334,144,8.071218539969863,10.31231367277647,9.632400353656184
2014,360,19401,126.0,35.0,35.0,9.873079890114703,35.0,3201,30101,15251.0,14490.583333333334,144,8.071218539969863,10.31231367277647,9.632400353656184
2014,360,19501,125.0,34.72,34.72222222222222,9.87822102528824,34.0,3601,30801,11051.0,13145.68085106383,94,8.188966863648876,10.335302435967074,9.310276200588783
2015,504,1,469.0,93.06,93.05555555555556,0.0,93.0,1,1,1.0,1.0,3,0.0,0.0,0.0
2015,504,11,427.0,84.72,84.72222222222221,2.3978952727983707,84.0,11,11,11.0,11.0,1,2.3978952727983707,2.3978952727983707,2.3978952727983707
2015,504,51,379.0,75.2,75.1984126984127,3.9318256327243257,75.0,51,601,101.0,193.85714285714286,7,3.9318256327243257,6.398594934535208,4.61512051684126
2015,504,101,354.0,70.24,70.23809523809523,4.61512051684126,70.0,51,1301,301.0,431.7692307692308,13,3.9318256327243257,7.170888478512505,5.707110264748875
2015,504,201,334.3,66.34,66.32936507936508,5.303304908059076,66.0,101,2101,551.0,801.0,10,4.61512051684126,7.650168700845001,6.311734809152915
2015,504,301,321.1,63.71,63.71031746031747,5.707110264748875,63.0,301,3001,1001.0,1371.5882352941176,17,5.707110264748875,8.006700845440367,6.90875477931522
2015,504,401,311.8,61.86,61.86507936507937,5.993961427306569,61.0,201,3601,901.0,1305.7619047619048,21,5.303304908059076,8.188966863648876,6.803505257608338
2015,504,501,304.0,60.32,60.317460317460316,6.2166061010848646,60.0,501,3901,1401.0,1687.9565217391305,23,6.2166061010848646,8.268988209506656,7.244941546337007
2015,504,601,296.7,58.86,58.86904761904762,6.398594934535208,58.0,301,4801,1501.0,1926.9259259259259,27,5.707110264748875,8.476579508530941,7.313886831633462
2015,504,701,290.3,57.6,57.599206349206355,6.55250788703459,57.0,601,5201,1901.0,2273.0,25,6.398594934535208,8.556606193773073,7.550135342488429
2015,504,801,284.8,56.51,56.507936507936506,6.68586094706836,56.0,401,5901,2101.0,2678.1428571428573,35,5.993961427306569,8.682877107057168,7.650168700845001
2015,504,901,280.1,55.57,55.57539682539683,6.803505257608338,55.0,401,6301,2201.0,2607.25,32,5.993961427306569,8.748463629942055,7.696667081526462
2015,504,1001,276.0,54.76,54.761904761904766,6.90875477931522,54.0,501,6901,2651.0,3181.5555555555557,36,6.2166061010848646,8.839421607620602,7.8826922062890254
2015,504,1101,272.3,54.03,54.02777777777777,7.00397413672268,54.0,501,6901,2651.0,3181.5555555555557,36,6.2166061010848646,8.839421607620602,7.8826922062890254
2015,504,1201,268.8,53.34,53.333333333333336,7.0909098220799835,53.0,501,7601,2901.0,3366.1162790697676,43,6.2166061010848646,8.936035096566041,7.972810784121404
2015,504,1301,265.5,52.68,52.67857142857143,7.170888478512505,52.0,701,8101,2901.0,3608.317073170732,41,6.55250788703459,8.999742789830492,7.972810784121404
2015,504,1401,262.4,52.06,52.063492063492056,7.244941546337007,52.0,701,8101,2901.0,3608.317073170732,41,6.55250788703459,8.999742789830492,7.972810784121404
2015,504,1501,259.4,51.48,51.46825396825396,7.313886831633462,51.0,601,8901,3451.0,3991.740740740741,54,6.398594934535208,9.093918908958932,8.146419323098003
2015,504,1601,256.6,50.92,50.91269841269842,7.3783837129967145,50.0,701,9801,3851.0,4534.333333333333,60,6.55250788703459,9.19023970026918,8.25608813381491
2015,504,1701,254.0,50.4,50.39682539682539,7.438971592395862,50.0,701,9801,3851.0,4534.333333333333,60,6.55250788703459,9.19023970026918,8.25608813381491
2015,504,1801,251.5,49.9,49.90079365079365,7.496097345175956,49.0,801,10501,4001.0,4608.317073170731,41,6.68586094706836,9.259225769705994,8.294299608857235
2015,504,1901,249.1,49.42,49.42460317460317,7.550135342488429,49.0,801,10501,4001.0,4608.317073170731,41,6.68586094706836,9.259225769705994,8.294299608857235
2015,504,2001,246.8,48.97,48.968253968253975,7.601402334583733,48.0,901,11401,4251.0,4716.0,60,6.803505257608338,9.34145634983372,8.35490952835879
2015,504,2101,244.7,48.55,48.551587301587304,7.650168700845001,48.0,901,11401,4251.0,4716.0,60,6.803505257608338,9.34145634983372,8.35490952835879
2015,504,2201,242.6,48.14,48.13492063492063,7.696667081526462,48.0,901,11401,4251.0,4716.0,60,6.803505257608338,9.34145634983372,8.35490952835879
2015,504,2301,240.7,47.75,47.757936507936506,7.741099090035366,47.0,1001,12201,4001.0,4997.363636363636,55,6.90875477931522,9.409273194575334,8.294299608857235
2015,504,2401,238.8,47.38,47.38095238095239,7.783640596221253,47.0,1001,12201,4001.0,4997.363636363636,55,6.90875477931522,9.409273194575334,8.294299608857235
2015,504,2501,237.0,47.02,47.023809523809526,7.824445930877619,47.0,1001,12201,4001.0,4997.363636363636,55,6.90875477931522,9.409273194575334,8.294299608857235
2015,504,2601,235.3,46.68,46.68650793650794,7.8636512654486515,46.0,1101,13401,5351.0,5896.588235294118,68,7.00397413672268,9.503084610020228,8.585038738311304
2015,504,2701,233.6,46.35,46.34920634920635,7.901377353792616,46.0,1101,13401,5351.0,5896.588235294118,68,7.00397413672268,9.503084610020228,8.585038738311304
2015,504,2801,231.9,46.02,46.011904761904766,7.937731775260109,46.0,1101,13401,5351.0,5896.588235294118,68,7.00397413672268,9.503084610020228,8.585038738311304
2015,504,2901,230.4,45.71,45.714285714285715,7.972810784121404,45.0,1201,14501,5701.0,6161.273972602739,73,7.0909098220799835,9.581972891547895,8.648396877031582
2015,504,3001,228.8,45.4,45.3968253968254,8.006700845440367,45.0,1201,14501,5701.0,6161.273972602739,73,7.0909098220799835,9.581972891547895,8.648396877031582
2015,504,3101,227.3,45.11,45.09920634920635,8.03947991910045,45.0,1201,14501,5701.0,6161.273972602739,73,7.0909098220799835,9.581972891547895,8.648396877031582
2015,504,3201,225.9,44.82,44.82142857142858,8.071218539969863,44.0,1301,15501,5401.0,6494.1506849315065,73,7.170888478512505,9.648659816955295,8.594339400592892
2015,504,3301,224.5,44.54,44.5436507936508,8.101980731853192,44.0,1301,15501,5401.0,6494.1506849315065,73,7.170888478512505,9.648659816955295,8.594339400592892
2015,504,3401,223.1,44.27,44.26587301587301,8.131824785007195,44.0,1301,15501,5401.0,6494.1506849315065,73,7.170888478512505,9.648659816955295,8.594339400592892
2015,504,3501,221.8,44.01,44.00793650793651,8.160803920954665,44.0,1301,15501,5401.0,6494.1506849315065,73,7.170888478512505,9.648659816955295,8.594339400592892
2015,504,3601,220.5,43.75,43.75,8.188966863648876,43.0,1501,16801,6951.0,7356.555555555556,90,7.313886831633462,9.729193687429403,8.846640813100485
2015,504,3701,219.3,43.51,43.51190476190476,8.216358332386156,43.0,1501,16801,6951.0,7356.555555555556,90,7.313886831633462,9.729193687429403,8.846640813100485
2015,504,3801,218.0,43.26,43.25396825396825,8.24301946898925,43.0,1501,16801,6951.0,7356.555555555556,90,7.313886831633462,9.729193687429403,8.846640813100485
2015,504,3901,216.8,43.03,43.01587301587302,8.268988209506656,43.0,1501,16801,6951.0,7356.555555555556,90,7.313886831633462,9.729193687429403,8.846640813100485
2015,504,4001,215.7,42.79,42.797619047619044,8.294299608857235,42.0,1601,18401,7901.0,8481.459770114943,87,7.3783837129967145,9.820160289946374,8.974744612722734
2015,504,4101,214.5,42.57,42.55952380952381,8.31898612539206,42.0,1601,18401,7901.0,8481.459770114943,87,7.3783837129967145,9.820160289946374,8.974744612722734
2015,504,4201,213.4,42.34,42.34126984126984,8.343077871169383,42.0,1601,18401,7901.0,8481.459770114943,87,7.3783837129967145,9.820160289946374,8.974744612722734
2015,504,4301,212.3,42.13,42.12301587301587,8.366602832783736,42.0,1601,18401,7901.0,8481.459770114943,87,7.3783837129967145,9.820160289946374,8.974744612722734
2015,504,4401,211.2,41.91,41.9047619047619,8.38958706681109,41.0,1701,19401,7351.0,8254.125,96,7.438971592395862,9.873079890114703,8.902591637374087
2015,504,4501,210.2,41.7,41.7063492063492,8.412054873292933,41.0,1701,19401,7351.0,8254.125,96,7.438971592395862,9.873079890114703,8.902591637374087
2015,504,4601,209.1,41.49,41.488095238095234,8.434028950155469,41.0,1701,19401,7351.0,8254.125,96,7.438971592395862,9.873079890114703,8.902591637374087
2015,504,4701,208.1,41.28,41.28968253968254,8.45553053102413,41.0,1701,19401,7351.0,8254.125,96,7.438971592395862,9.873079890114703,8.902591637374087
2015,504,4801,207.0,41.08,41.07142857142857,8.476579508530941,41.0,1701,19401,7351.0,8254.125,96,7.438971592395862,9.873079890114703,8.902591637374087
2015,504,4901,206.0,40.88,40.87301587301587,8.497194544909547,40.0,1901,21101,8351.0,9465.406779661016,118,7.550135342488429,9.957075711706057,9.03013657115323
2015,504,5001,205.0,40.67,40.67460317460318,8.517393171418904,40.0,1901,21101,8351.0,9465.406779661016,118,7.550135342488429,9.957075711706057,9.03013657115323
2015,504,5101,204.0,40.48,40.476190476190474,8.537191877922927,40.0,1901,21101,8351.0,9465.406779661016,118,7.550135342488429,9.957075711706057,9.03013657115323
2015,504,5201,203.0,40.28,40.27777777777778,8.556606193773073,40.0,1901,21101,8351.0,9465.406779661016,118,7.550135342488429,9.957075711706057,9.03013657115323
2015,504,5301,202.0,40.09,40.07936507936508,8.575650760987806,40.0,1901,21101,8351.0,9465.406779661016,118,7.550135342488429,9.957075711706057,9.03013657115323
2015,504,5401,201.1,39.9,39.900793650793645,8.594339400592892,39.0,2201,22801,9351.0,10543.452830188678,106,7.696667081526462,10.034559673629849,9.143238568435446
2015,504,5501,200.2,39.71,39.72222222222222,8.612685172875459,39.0,2201,22801,9351.0,10543.452830188678,106,7.696667081526462,10.034559673629849,9.143238568435446
2015,504,5601,199.2,39.53,39.523809523809526,8.630700432209832,39.0,2201,22801,9351.0,10543.452830188678,106,7.696667081526462,10.034559673629849,9.143238568435446
2015,504,5701,198.3,39.35,39.3452380952381,8.648396877031582,39.0,2201,22801,9351.0,10543.452830188678,106,7.696667081526462,10.034559673629849,9.143238568435446
2015,504,5801,197.4,39.17,39.166666666666664,8.665785595466064,39.0,2201,22801,9351.0,10543.452830188678,106,7.696667081526462,10.034559673629849,9.143238568435446
2015,504,5901,196.6,39.0,39.007936507936506,8.682877107057168,39.0,2201,22801,9351.0,10543.452830188678,106,7.696667081526462,10.034559673629849,9.143238568435446
2015,504,6001,195.7,38.83,38.829365079365076,8.699681400989514,38.0,2401,24201,11201.0,10851.40650406504,123,7.783640596221253,10.094149233605084,9.32375833901174
2015,504,6101,194.9,38.66,38.670634920634924,8.716207971151853,38.0,2401,24201,11201.0,10851.40650406504,123,7.783640596221253,10.094149233605084,9.32375833901174
2015,504,6201,194.0,38.49,38.492063492063494,8.732465848349879,38.0,2401,24201,11201.0,10851.40650406504,123,7.783640596221253,10.094149233605084,9.32375833901174
2015,504,6301,193.2,38.33,38.33333333333333,8.748463629942055,38.0,2401,24201,11201.0,10851.40650406504,123,7.783640596221253,10.094149233605084,9.32375833901174
2015,504,6401,192.4,38.17,38.17460317460318,8.764209507142004,38.0,2401,24201,11201.0,10851.40650406504,123,7.783640596221253,10.094149233605084,9.32375833901174
2015,504,6501,191.6,38.01,38.01587301587301,8.77971129020447,38.0,2401,24201,11201.0,10851.40650406504,123,7.783640596221253,10.094149233605084,9.32375833901174
2015,504,6601,190.8,37.85,37.85714285714286,8.79497643168877,37.0,2701,26201,12601.0,12353.713178294574,129,7.901377353792616,10.173552856959743,9.441531454869693
2015,504,6701,190.0,37.7,37.698412698412696,8.81001204797317,37.0,2701,26201,12601.0,12353.713178294574,129,7.901377353792616,10.173552856959743,9.441531454869693
2015,504,6801,189.2,37.54,37.53968253968254,8.824824939175638,37.0,2701,26201,12601.0,12353.713178294574,129,7.901377353792616,10.173552856959743,9.441531454869693
2015,504,6901,188.5,37.39,37.40079365079365,8.839421607620602,37.0,2701,26201,12601.0,12353.713178294574,129,7.901377353792616,10.173552856959743,9.441531454869693
2015,504,7001,187.7,37.24,37.24206349206349,8.853808274977197,37.0,2701,26201,12601.0,12353.713178294574,129,7.901377353792616,10.173552856959743,9.441531454869693
2015,504,7101,186.9,37.09,37.083333333333336,8.867990898182093,37.0,2701,26201,12601.0,12353.713178294574,129,7.901377353792616,10.173552856959743,9.441531454869693
2015,504,7201,186.2,36.94,36.94444444444444,8.881975184248867,36.0,2901,28401,13701.0,13498.278911564626,147,7.972810784121404,10.254179634797001,9.525224101853109
2015,504,7301,185.5,36.8,36.80555555555556,8.895766604056085,36.0,2901,28401,13701.0,13498.278911564626,147,7.972810784121404,10.254179634797001,9.525224101853109
2015,504,7401,184.7,36.65,36.64682539682539,8.909370405197466,36.0,2901,28401,13701.0,13498.278911564626,147,7.972810784121404,10.254179634797001,9.525224101853109
2015,504,7501,184.0,36.51,36.507936507936506,8.922791623969637,36.0,2901,28401,13701.0,13498.278911564626,147,7.972810784121404,10.254179634797001,9.525224101853109
2015,504,7601,183.3,36.36,36.36904761904762,8.936035096566041,36.0,2901,28401,13701.0,13498.278911564626,147,7.972810784121404,10.254179634797001,9.525224101853109
2015,504,7701,182.6,36.22,36.23015873015873,8.94910546953925,36.0,2901,28401,13701.0,13498.278911564626,147,7.972810784121404,10.254179634797001,9.525224101853109
2015,504,7801,181.8,36.08,36.07142857142857,8.962007209588313,36.0,2901,28401,13701.0,13498.278911564626,147,7.972810784121404,10.254179634797001,9.525224101853109
2015,504,7901,181.1,35.94,35.932539682539684,8.974744612722734,35.0,3201,30101,15251.0,14490.583333333334,144,8.071218539969863,10.31231367277647,9.632400353656184
2015,504,8001,180.4,35.8,35.79365079365079,8.987321812850125,35.0,3201,30101,15251.0,14490.583333333334,144,8.071218539969863,10.31231367277647,9.632400353656184
2015,504,8101,179.7,35.66,35.6547619047619,8.999742789830492,35.0,3201,30101,15251.0,14490.583333333334,144,8.071218539969863,10.31231367277647,9.632400353656184
2015,504,8201,179.0,35.52,35.51587301587302,9.012011377036412,35.0,3201,30101,15251.0,14490.583333333334,144,8.071218539969863,10.31231367277647,9.632400353656184
2015,504,8301,178.4,35.39,35.3968253968254,9.024131268455035,35.0,3201,30101,15251.0,14490.583333333334,144,8.071218539969863,10.31231367277647,9.632400353656184
2015,504,8401,177.7,35.25,35.257936507936506,9.036106025364846,35.0,3201,30101,15251.0,14490.583333333334,144,8.071218539969863,10.31231367277647,9.632400353656184
2015,504,8501,177.0,35.12,35.11904761904761,9.04793908261736,35.0,3201,30101,15251.0,14490.583333333334,144,8.071218539969863,10.31231367277647,9.632400353656184
2015,504,8601,176.3,34.99,34.980158730158735,9.059633754551479,34.0,3601,30801,11051.0,13145.68085106383,94,8.188966863648876,10.335302435967074,9.310276200588783
2015,504,8701,175.7,34.86,34.86111111111111,9.071193240566025,34.0,3601,30801,11051.0,13145.68085106383,94,8.188966863648876,10.335302435967074,9.310276200588783
2015,504,8801,175.0,34.73,34.72222222222222,9.082620630373812,34.0,3601,30801,11051.0,13145.68085106383,94,8.188966863648876,10.335302435967074,9.310276200588783
2015,504,8901,174.4,34.6,34.6031746031746,9.093918908958932,34.0,3601,30801,11051.0,13145.68085106383,94,8.188966863648876,10.335302435967074,9.310276200588783
2015,504,9001,173.8,34.48,34.48412698412698,9.105090961257085,34.0,3601,30801,11051.0,13145.68085106383,94,8.188966863648876,10.335302435967074,9.310276200588783
2015,504,9101,173.1,34.35,34.345238095238095,9.116139576577355,34.0,3601,30801,11051.0,13145.68085106383,94,8.188966863648876,10.335302435967074,9.310276200588783
2015,504,9201,172.5,34.23,34.226190476190474,9.127067452782361,34.0,3601,30801,11051.0,13145.68085106383,94,8.188966863648876,10.335302435967074,9.310276200588783
2015,504,9301,171.9,34.11,34.10714285714286,9.137877200242468,34.0,3601,30801,11051.0,13145.68085106383,94,8.188966863648876,10.335302435967074,9.310276200588783
2015,504,9401,171.3,33.99,33.98809523809524,9.148571345578551,33.0,3901,20101,11451.0,11791.217391304348,92,8.268988209506656,9.908524844053396,9.34583234141334
2015,504,9501,170.8,33.88,33.88888888888889,9.15915233520675,33.0,3901,20101,11451.0,11791.217391304348,92,8.268988209506656,9.908524844053396,9.34583234141334
2015,504,9601,170.2,33.77,33.769841269841265,9.169622538697624,33.0,3901,20101,11451.0,11791.217391304348,92,8.268988209506656,9.908524844053396,9.34583234141334
2015,504,9701,169.6,33.65,33.650793650793645,9.179984251961283,33.0,3901,20101,11451.0,11791.217391304348,92,8.268988209506656,9.908524844053396,9.34583234141334
2015,504,9801,169.1,33.54,33.5515873015873,9.19023970026918,33.0,3901,20101,11451.0,11791.217391304348,92,8.268988209506656,9.908524844053396,9.34583234141334
2015,504,9901,168.5,33.44,33.432539682539684,9.200391041122515,33.0,3901,20101,11451.0,11791.217391304348,92,8.268988209506656,9.908524844053396,9.34583234141334
2015,504,10001,168.0,33.33,33.33333333333333,9.210440366976517,33.0,3901,20101,11451.0,11791.217391304348,92,8.268988209506656,9.908524844053396,9.34583234141334
2015,504,10101,167.5,33.23,33.23412698412698,9.220389707829185,33.0,3901,20101,11451.0,11791.217391304348,92,8.268988209506656,9.908524844053396,9.34583234141334
2015,504,10201,167.0,33.13,33.13492063492063,9.23024103368252,33.0,3901,20101,11451.0,11791.217391304348,92,8.268988209506656,9.908524844053396,9.34583234141334
2015,504,10301,166.5,33.03,33.035714285714285,9.239996256883693,33.0,3901,20101,11451.0,11791.217391304348,92,8.268988209506656,9.908524844053396,9.34583234141334
2015,504,10401,166.0,32.93,32.93650793650794,9.249657234353133,32.0,4401,21701,12151.0,12598.5,80,8.38958706681109,9.985113621416073,9.405166749908611
2015,504,10501,165.5,32.84,32.83730158730159,9.259225769705994,32.0,4401,21701,12151.0,12598.5,80,8.38958706681109,9.985113621416073,9.405166749908611
2015,504,10601,165.0,32.74,32.73809523809524,9.268703615273097,32.0,4401,21701,12151.0,12598.5,80,8.38958706681109,9.985113621416073,9.405166749908611
2015,504,10701,164.6,32.65,32.65873015873016,9.278092474027002,32.0,4401,21701,12151.0,12598.5,80,8.38958706681109,9.985113621416073,9.405166749908611
2015,504,10801,164.1,32.56,32.55952380952381,9.287394001418473,32.0,4401,21701,12151.0,12598.5,80,8.38958706681109,9.985113621416073,9.405166749908611
2015,504,10901,163.6,32.47,32.46031746031746,9.296609807128359,32.0,4401,21701,12151.0,12598.5,80,8.38958706681109,9.985113621416073,9.405166749908611
2015,504,11001,163.2,32.38,32.38095238095238,9.305741456739435,32.0,4401,21701,12151.0,12598.5,80,8.38958706681109,9.985113621416073,9.405166749908611
2015,504,11101,162.8,32.3,32.301587301587304,9.314790473332646,32.0,4401,21701,12151.0,12598.5,80,8.38958706681109,9.985113621416073,9.405166749908611
2015,504,11201,162.3,32.21,32.202380952380956,9.32375833901174,32.0,4401,21701,12151.0,12598.5,80,8.38958706681109,9.985113621416073,9.405166749908611
2015,504,11301,161.9,32.13,32.12301587301587,9.332646496360152,32.0,4401,21701,12151.0,12598.5,80,8.38958706681109,9.985113621416073,9.405166749908611
2015,504,11401,161.5,32.04,32.0436507936508,9.34145634983372,32.0,4401,21701,12151.0,12598.5,80,8.38958706681109,9.985113621416073,9.405166749908611
2015,504,11501,161.1,31.96,31.96428571428571,9.350189267092581,31.0,4801,24001,13601.0,13990.908256880733,109,8.476579508530941,10.085850775128717,9.517898598432753
2015,504,11601,160.7,31.88,31.884920634920633,9.358846580275406,31.0,4801,24001,13601.0,13990.908256880733,109,8.476579508530941,10.085850775128717,9.517898598432753
2015,504,11701,160.3,31.8,31.80555555555556,9.367429587218957,31.0,4801,24001,13601.0,13990.908256880733,109,8.476579508530941,10.085850775128717,9.517898598432753
2015,504,11801,159.9,31.72,31.72619047619048,9.375939552625749,31.0,4801,24001,13601.0,13990.908256880733,109,8.476579508530941,10.085850775128717,9.517898598432753
2015,504,11901,159.5,31.65,31.646825396825395,9.38437770918244,31.0,4801,24001,13601.0,13990.908256880733,109,8.476579508530941,10.085850775128717,9.517898598432753
2015,504,12001,159.1,31.57,31.567460317460316,9.392745258631441,31.0,4801,24001,13601.0,13990.908256880733,109,8.476579508530941,10.085850775128717,9.517898598432753
2015,504,12101,158.7,31.5,31.488095238095237,9.401043372798053,31.0,4801,24001,13601.0,13990.908256880733,109,8.476579508530941,10.085850775128717,9.517898598432753
2015,504,12201,158.4,31.42,31.428571428571427,9.409273194575334,31.0,4801,24001,13601.0,13990.908256880733,109,8.476579508530941,10.085850775128717,9.517898598432753
2015,504,12301,158.0,31.35,31.349206349206348,9.417435838868785,31.0,4801,24001,13601.0,13990.908256880733,109,8.476579508530941,10.085850775128717,9.517898598432753
2015,504,12401,157.6,31.28,31.26984126984127,9.425532393502772,31.0,4801,24001,13601.0,13990.908256880733,109,8.476579508530941,10.085850775128717,9.517898598432753
2015,504,12501,157.3,31.21,31.210317460317462,9.433563920090563,31.0,4801,24001,13601.0,13990.908256880733,109,8.476579508530941,10.085850775128717,9.517898598432753
2015,504,12601,156.9,31.14,31.13095238095238,9.441531454869693,31.0,4801,24001,13601.0,13990.908256880733,109,8.476579508530941,10.085850775128717,9.517898598432753
2015,504,12701,156.6,31.07,31.071428571428573,9.44943600950432,31.0,4801,24001,13601.0,13990.908256880733,109,8.476579508530941,10.085850775128717,9.517898598432753
2015,504,12801,156.2,31.0,30.992063492063487,9.45727857185611,30.0,5501,26001,14501.0,14815.529914529914,117,8.612685172875459,10.165890277802454,9.581972891547895
2015,504,12901,155.9,30.93,30.932539682539684,9.465060106725137,30.0,5501,26001,14501.0,14815.529914529914,117,8.612685172875459,10.165890277802454,9.581972891547895
2015,504,13001,155.6,30.86,30.873015873015873,9.472781556562168,30.0,5501,26001,14501.0,14815.529914529914,117,8.612685172875459,10.165890277802454,9.581972891547895
2015,504,13101,155.2,30.8,30.79365079365079,9.48044384215367,30.0,5501,26001,14501.0,14815.529914529914,117,8.612685172875459,10.165890277802454,9.581972891547895
2015,504,13201,154.9,30.73,30.734126984126988,9.488047863280759,30.0,5501,26001,14501.0,14815.529914529914,117,8.612685172875459,10.165890277802454,9.581972891547895
2015,504,13301,154.6,30.67,30.67460317460317,9.495594499353297,30.0,5501,26001,14501.0,14815.529914529914,117,8.612685172875459,10.165890277802454,9.581972891547895
2015,504,13401,154.2,30.6,30.59523809523809,9.503084610020228,30.0,5501,26001,14501.0,14815.529914529914,117,8.612685172875459,10.165890277802454,9.581972891547895
2015,504,13501,153.9,30.54,30.53571428571429,9.510519035757246,30.0,5501,26001,14501.0,14815.529914529914,117,8.612685172875459,10.165890277802454,9.581972891547895
2015,504,13601,153.6,30.47,30.476190476190474,9.517898598432753,30.0,5501,26001,14501.0,14815.529914529914,117,8.612685172875459,10.165890277802454,9.581972891547895
2015,504,13701,153.3,30.41,30.41666666666667,9.525224101853109,30.0,5501,26001,14501.0,14815.529914529914,117,8.612685172875459,10.165890277802454,9.581972891547895
2015,504,13801,153.0,30.35,30.357142857142854,9.53249633228804,30.0,5501,26001,14501.0,14815.529914529914,117,8.612685172875459,10.165890277802454,9.581972891547895
2015,504,13901,152.6,30.29,30.277777777777775,9.539716058977092,30.0,5501,26001,14501.0,14815.529914529914,117,8.612685172875459,10.165890277802454,9.581972891547895
2015,504,14001,152.3,30.22,30.218253968253972,9.546884034617925,30.0,5501,26001,14501.0,14815.529914529914,117,8.612685172875459,10.165890277802454,9.581972891547895
2015,504,14101,152.0,30.16,30.158730158730158,9.55400099583723,30.0,5501,26001,14501.0,14815.529914529914,117,8.612685172875459,10.165890277802454,9.581972891547895
2015,504,14201,151.7,30.1,30.099206349206348,9.561067663645012,30.0,5501,26001,14501.0,14815.529914529914,117,8.612685172875459,10.165890277802454,9.581972891547895
2015,504,14301,151.4,30.04,30.039682539682538,9.568084743872936,30.0,5501,26001,14501.0,14815.529914529914,117,8.612685172875459,10.165890277802454,9.581972891547895
2015,504,14401,151.1,29.98,29.980158730158728,9.575052927597383,29.0,6301,18001,15351.0,13993.222222222223,90,8.748463629942055,9.798182590890704,9.638935897473202
2015,504,14501,150.8,29.92,29.920634920634924,9.581972891547895,29.0,6301,18001,15351.0,13993.222222222223,90,8.748463629942055,9.798182590890704,9.638935897473202
2015,504,14601,150.5,29.86,29.86111111111111,9.588845298501564,29.0,6301,18001,15351.0,13993.222222222223,90,8.748463629942055,9.798182590890704,9.638935897473202
2015,504,14701,150.2,29.8,29.8015873015873,9.595670797663967,29.0,6301,18001,15351.0,13993.222222222223,90,8.748463629942055,9.798182590890704,9.638935897473202
2015,504,14801,149.9,29.74,29.74206349206349,9.60245002503719,29.0,6301,18001,15351.0,13993.222222222223,90,8.748463629942055,9.798182590890704,9.638935897473202
2015,504,14901,149.6,29.67,29.682539682539684,9.60918360377546,29.0,6301,18001,15351.0,13993.222222222223,90,8.748463629942055,9.798182590890704,9.638935897473202
2015,504,15001,149.3,29.61,29.623015873015873,9.61587214452889,29.0,6301,18001,15351.0,13993.222222222223,90,8.748463629942055,9.798182590890704,9.638935897473202
2015,504,15101,148.9,29.55,29.543650793650794,9.62251624577579,29.0,6301,18001,15351.0,13993.222222222223,90,8.748463629942055,9.798182590890704,9.638935897473202
2015,504,15201,148.6,29.49,29.484126984126984,9.62911649414402,29.0,6301,18001,15351.0,13993.222222222223,90,8.748463629942055,9.798182590890704,9.638935897473202
2015,504,15301,148.3,29.43,29.424603174603174,9.635673464721814,29.0,6301,18001,15351.0,13993.222222222223,90,8.748463629942055,9.798182590890704,9.638935897473202
2015,504,15401,148.0,29.37,29.365079365079367,9.642187721358466,29.0,6301,18001,15351.0,13993.222222222223,90,8.748463629942055,9.798182590890704,9.638935897473202
2015,504,15501,147.7,29.31,29.30555555555555,9.648659816955295,29.0,6301,18001,15351.0,13993.222222222223,90,8.748463629942055,9.798182590890704,9.638935897473202
2015,504,15601,147.4,29.25,29.246031746031747,9.65509029374725,29.0,6301,18001,15351.0,13993.222222222223,90,8.748463629942055,9.798182590890704,9.638935897473202
2015,504,15701,147.1,29.19,29.186507936507933,9.661479683575521,29.0,6301,18001,15351.0,13993.222222222223,90,8.748463629942055,9.798182590890704,9.638935897473202
2015,504,15801,146.8,29.12,29.12698412698413,9.6678285081515,29.0,6301,18001,15351.0,13993.222222222223,90,8.748463629942055,9.798182590890704,9.638935897473202
2015,504,15901,146.5,29.06,29.06746031746032,9.674137279312397,29.0,6301,18001,15351.0,13993.222222222223,90,8.748463629942055,9.798182590890704,9.638935897473202
2015,504,16001,146.1,29.0,28.988095238095234,9.680406499268875,28.0,6801,19601,16801.0,15007.796116504855,103,8.824824939175638,9.883335864325275,9.729193687429403
2015,504,16101,145.8,28.93,28.92857142857143,9.686636660844938,28.0,6801,19601,16801.0,15007.796116504855,103,8.824824939175638,9.883335864325275,9.729193687429403
2015,504,16201,145.5,28.87,28.869047619047617,9.692828247710418,28.0,6801,19601,16801.0,15007.796116504855,103,8.824824939175638,9.883335864325275,9.729193687429403
2015,504,16301,145.2,28.81,28.809523809523807,9.69898173460629,28.0,6801,19601,16801.0,15007.796116504855,103,8.824824939175638,9.883335864325275,9.729193687429403
2015,504,16401,144.9,28.74,28.750000000000004,9.70509758756311,28.0,6801,19601,16801.0,15007.796116504855,103,8.824824939175638,9.883335864325275,9.729193687429403
2015,504,16501,144.5,28.68,28.670634920634917,9.711176264112805,28.0,6801,19601,16801.0,15007.796116504855,103,8.824824939175638,9.883335864325275,9.729193687429403
2015,504,16601,144.2,28.61,28.61111111111111,9.717218213494077,28.0,6801,19601,16801.0,15007.796116504855,103,8.824824939175638,9.883335864325275,9.729193687429403
2015,504,16701,143.9,28.54,28.5515873015873,9.723223876851618,28.0,6801,19601,16801.0,15007.796116504855,103,8.824824939175638,9.883335864325275,9.729193687429403
2015,504,16801,143.5,28.48,28.47222222222222,9.729193687429403,28.0,6801,19601,16801.0,15007.796116504855,103,8.824824939175638,9.883335864325275,9.729193687429403
2015,504,16901,143.2,28.41,28.41269841269841,9.735128070758227,28.0,6801,19601,16801.0,15007.796116504855,103,8.824824939175638,9.883335864325275,9.729193687429403
2015,504,17001,142.8,28.34,28.33333333333334,9.741027444837728,28.0,6801,19601,16801.0,15007.796116504855,103,8.824824939175638,9.883335864325275,9.729193687429403
2015,504,17101,142.5,28.27,28.273809523809522,9.746892220313054,28.0,6801,19601,16801.0,15007.796116504855,103,8.824824939175638,9.883335864325275,9.729193687429403
2015,504,17201,142.1,28.2,28.194444444444443,9.75272280064639,28.0,6801,19601,16801.0,15007.796116504855,103,8.824824939175638,9.883335864325275,9.729193687429403
2015,504,17301,141.8,28.13,28.134920634920636,9.758519582283522,28.0,6801,19601,16801.0,15007.796116504855,103,8.824824939175638,9.883335864325275,9.729193687429403
2015,504,17401,141.4,28.05,28.055555555555557,9.76428295481558,28.0,6801,19601,16801.0,15007.796116504855,103,8.824824939175638,9.883335864325275,9.729193687429403
2015,504,17501,141.0,27.98,27.976190476190478,9.770013301136158,27.0,7801,21101,18151.0,16328.0,100,8.962007209588313,9.957075711706057,9.806480934593978
2015,504,17601,140.7,27.91,27.91666666666666,9.77571099759397,27.0,7801,21101,18151.0,16328.0,100,8.962007209588313,9.957075711706057,9.806480934593978
2015,504,17701,140.3,27.83,27.83730158730159,9.781376414141157,27.0,7801,21101,18151.0,16328.0,100,8.962007209588313,9.957075711706057,9.806480934593978
2015,504,17801,139.9,27.76,27.75793650793651,9.787009914477434,27.0,7801,21101,18151.0,16328.0,100,8.962007209588313,9.957075711706057,9.806480934593978
2015,504,17901,139.5,27.68,27.67857142857143,9.792611856190192,27.0,7801,21101,18151.0,16328.0,100,8.962007209588313,9.957075711706057,9.806480934593978
2015,504,18001,139.1,27.6,27.599206349206344,9.798182590890704,27.0,7801,21101,18151.0,16328.0,100,8.962007209588313,9.957075711706057,9.806480934593978
2015,504,18101,138.7,27.52,27.519841269841265,9.803722464346553,27.0,7801,21101,18151.0,16328.0,100,8.962007209588313,9.957075711706057,9.806480934593978
2015,504,18201,138.3,27.44,27.440476190476193,9.809231816610408,27.0,7801,21101,18151.0,16328.0,100,8.962007209588313,9.957075711706057,9.806480934593978
2015,504,18301,137.9,27.36,27.361111111111114,9.814710982145282,27.0,7801,21101,18151.0,16328.0,100,8.962007209588313,9.957075711706057,9.806480934593978
2015,504,18401,137.5,27.27,27.281746031746028,9.820160289946374,27.0,7801,21101,18151.0,16328.0,100,8.962007209588313,9.957075711706057,9.806480934593978
2015,504,18501,137.0,27.19,27.18253968253968,9.825580063659602,27.0,7801,21101,18151.0,16328.0,100,8.962007209588313,9.957075711706057,9.806480934593978
2015,504,18601,136.6,27.1,27.1031746031746,9.83097062169695,27.0,7801,21101,18151.0,16328.0,100,8.962007209588313,9.957075711706057,9.806480934593978
2015,504,18701,136.2,27.02,27.023809523809522,9.83633227734872,27.0,7801,21101,18151.0,16328.0,100,8.962007209588313,9.957075711706057,9.806480934593978
2015,504,18801,135.7,26.93,26.924603174603174,9.841665338892785,26.0,8501,23001,19401.0,17608.69230769231,117,9.04793908261736,10.043292972227004,9.873079890114703
2015,504,18901,135.3,26.84,26.8452380952381,9.846970109700957,26.0,8501,23001,19401.0,17608.69230769231,117,9.04793908261736,10.043292972227004,9.873079890114703
2015,504,19001,134.8,26.74,26.74603174603175,9.852246888342531,26.0,8501,23001,19401.0,17608.69230769231,117,9.04793908261736,10.043292972227004,9.873079890114703
2015,504,19101,134.3,26.65,26.646825396825395,9.857495968685136,26.0,8501,23001,19401.0,17608.69230769231,117,9.04793908261736,10.043292972227004,9.873079890114703
2015,504,19201,133.8,26.56,26.547619047619047,9.862717639992917,26.0,8501,23001,19401.0,17608.69230769231,117,9.04793908261736,10.043292972227004,9.873079890114703
2015,504,19301,133.4,26.46,26.46825396825397,9.867912187022208,26.0,8501,23001,19401.0,17608.69230769231,117,9.04793908261736,10.043292972227004,9.873079890114703
2015,504,19401,132.9,26.36,26.36904761904762,9.873079890114703,26.0,8501,23001,19401.0,17608.69230769231,117,9.04793908261736,10.043292972227004,9.873079890114703
2015,504,19501,132.4,26.26,26.269841269841272,9.87822102528824,26.0,8501,23001,19401.0,17608.69230769231,117,9.04793908261736,10.043292972227004,9.873079890114703
2015,504,19601,131.8,26.16,26.150793650793652,9.883335864325275,26.0,8501,23001,19401.0,17608.69230769231,117,9.04793908261736,10.043292972227004,9.873079890114703
2015,504,19701,131.3,26.06,26.051587301587304,9.888424674859083,26.0,8501,23001,19401.0,17608.69230769231,117,9.04793908261736,10.043292972227004,9.873079890114703
2015,504,19801,130.8,25.95,25.952380952380956,9.893487720457795,25.0,9601,24901,20351.0,19123.131147540982,122,9.169622538697624,10.122663242288953,9.920885329712549
2015,504,19901,130.3,25.84,25.853174603174605,9.898525260706313,25.0,9601,24901,20351.0,19123.131147540982,122,9.169622538697624,10.122663242288953,9.920885329712549
2015,504,20001,129.7,25.74,25.73412698412698,9.90353755128617,25.0,9601,24901,20351.0,19123.131147540982,122,9.169622538697624,10.122663242288953,9.920885329712549
2015,504,20101,129.1,25.62,25.615079365079364,9.908524844053396,25.0,9601,24901,20351.0,19123.131147540982,122,9.169622538697624,10.122663242288953,9.920885329712549
2015,504,20201,128.6,25.51,25.515873015873012,9.913487387114461,25.0,9601,24901,20351.0,19123.131147540982,122,9.169622538697624,10.122663242288953,9.920885329712549
2015,504,20301,128.0,25.4,25.396825396825395,9.918425424900335,25.0,9601,24901,20351.0,19123.131147540982,122,9.169622538697624,10.122663242288953,9.920885329712549
2015,504,20401,127.4,25.28,25.27777777777778,9.923339198238729,25.0,9601,24901,20351.0,19123.131147540982,122,9.169622538697624,10.122663242288953,9.920885329712549
2015,504,20501,126.8,25.16,25.158730158730158,9.928228944424575,25.0,9601,24901,20351.0,19123.131147540982,122,9.169622538697624,10.122663242288953,9.920885329712549
2015,504,20601,126.2,25.04,25.039682539682538,9.933094897288786,25.0,9601,24901,20351.0,19123.131147540982,122,9.169622538697624,10.122663242288953,9.920885329712549
2015,504,20701,125.6,24.92,24.920634920634917,9.937937287265354,24.0,10801,25601,17451.0,18621.833333333332,72,9.287394001418473,10.150386692204734,9.767152232578871
2015,504,20801,125.0,24.79,24.801587301587304,9.942756341456828,24.0,10801,25601,17451.0,18621.833333333332,72,9.287394001418473,10.150386692204734,9.767152232578871
2015,504,20901,124.3,24.67,24.66269841269841,9.94755228369823,24.0,10801,25601,17451.0,18621.833333333332,72,9.287394001418473,10.150386692204734,9.767152232578871
2015,504,21001,123.7,24.54,24.543650793650794,9.952325334619427,24.0,10801,25601,17451.0,18621.833333333332,72,9.287394001418473,10.150386692204734,9.767152232578871
2015,504,21101,123.0,24.4,24.404761904761905,9.957075711706057,24.0,10801,25601,17451.0,18621.833333333332,72,9.287394001418473,10.150386692204734,9.767152232578871
2015,504,21201,122.0,24.21,24.206349206349206,9.961803629358965,24.0,10801,25601,17451.0,18621.833333333332,72,9.287394001418473,10.150386692204734,9.767152232578871
2016,372,1,320.0,86.02,86.02150537634408,0.0,86.0,1,51,11.0,21.0,3,0.0,3.9318256327243257,2.3978952727983707
2016,372,11,291.0,78.23,78.2258064516129,2.3978952727983707,78.0,11,301,101.0,133.0,5,2.3978952727983707,5.707110264748875,4.61512051684126
2016,372,51,261.0,70.16,70.16129032258065,3.9318256327243257,70.0,51,1301,301.0,431.7692307692308,13,3.9318256327243257,7.170888478512505,5.707110264748875
2016,372,101,246.0,66.13,66.12903225806451,4.61512051684126,66.0,101,2101,551.0,801.0,10,4.61512051684126,7.650168700845001,6.311734809152915
2016,372,201,230.0,61.83,61.82795698924731,5.303304908059076,61.0,201,3601,901.0,1305.7619047619048,21,5.303304908059076,8.188966863648876,6.803505257608338
2016,372,301,219.0,58.87,58.87096774193549,5.707110264748875,58.0,301,4801,1501.0,1926.9259259259259,27,5.707110264748875,8.476579508530941,7.313886831633462
2016,372,401,211.0,56.72,56.72043010752689,5.993961427306569,56.0,401,5901,2101.0,2678.1428571428573,35,5.993961427306569,8.682877107057168,7.650168700845001
2016,372,501,204.0,54.84,54.83870967741935,6.2166061010848646,54.0,501,6901,2651.0,3181.5555555555557,36,6.2166061010848646,8.839421607620602,7.8826922062890254
2016,372,601,199.0,53.49,53.494623655913976,6.398594934535208,53.0,501,7601,2901.0,3366.1162790697676,43,6.2166061010848646,8.936035096566041,7.972810784121404
2016,372,701,194.0,52.15,52.1505376344086,6.55250788703459,52.0,701,8101,2901.0,3608.317073170732,41,6.55250788703459,8.999742789830492,7.972810784121404
2016,372,801,190.0,51.08,51.075268817204304,6.68586094706836,51.0,601,8901,3451.0,3991.740740740741,54,6.398594934535208,9.093918908958932,8.146419323098003
2016,372,901,187.0,50.27,50.26881720430107,6.803505257608338,50.0,701,9801,3851.0,4534.333333333333,60,6.55250788703459,9.19023970026918,8.25608813381491
2016,372,1001,184.0,49.46,49.46236559139785,6.90875477931522,49.0,801,10501,4001.0,4608.317073170731,41,6.68586094706836,9.259225769705994,8.294299608857235
2016,372,1101,180.0,48.39,48.38709677419355,7.00397413672268,48.0,901,11401,4251.0,4716.0,60,6.803505257608338,9.34145634983372,8.35490952835879
2016,372,1201,178.0,47.85,47.8494623655914,7.0909098220799835,47.0,1001,12201,4001.0,4997.363636363636,55,6.90875477931522,9.409273194575334,8.294299608857235
2016,372,1301,175.0,47.04,47.043010752688176,7.170888478512505,47.0,1001,12201,4001.0,4997.363636363636,55,6.90875477931522,9.409273194575334,8.294299608857235
2016,372,1401,173.0,46.51,46.50537634408602,7.244941546337007,46.0,1101,13401,5351.0,5896.588235294118,68,7.00397413672268,9.503084610020228,8.585038738311304
2016,372,1501,171.0,45.97,45.96774193548387,7.313886831633462,45.0,1201,14501,5701.0,6161.273972602739,73,7.0909098220799835,9.581972891547895,8.648396877031582
2016,372,1601,169.0,45.43,45.43010752688172,7.3783837129967145,45.0,1201,14501,5701.0,6161.273972602739,73,7.0909098220799835,9.581972891547895,8.648396877031582
2016,372,1701,167.0,44.89,44.89247311827957,7.438971592395862,44.0,1301,15501,5401.0,6494.1506849315065,73,7.170888478512505,9.648659816955295,8.594339400592892
2016,372,1801,166.0,44.62,44.623655913978496,7.496097345175956,44.0,1301,15501,5401.0,6494.1506849315065,73,7.170888478512505,9.648659816955295,8.594339400592892
2016,372,1901,164.0,44.09,44.086021505376344,7.550135342488429,44.0,1301,15501,5401.0,6494.1506849315065,73,7.170888478512505,9.648659816955295,8.594339400592892
2016,372,2001,162.0,43.55,43.54838709677419,7.601402334583733,43.0,1501,16801,6951.0,7356.555555555556,90,7.313886831633462,9.729193687429403,8.846640813100485
2016,372,2101,161.0,43.28,43.27956989247312,7.650168700845001,43.0,1501,16801,6951.0,7356.555555555556,90,7.313886831633462,9.729193687429403,8.846640813100485
2016,372,2201,160.0,43.01,43.01075268817204,7.696667081526462,43.0,1501,16801,6951.0,7356.555555555556,90,7.313886831633462,9.729193687429403,8.846640813100485
2016,372,2301,158.0,42.47,42.473118279569896,7.741099090035366,42.0,1601,18401,7901.0,8481.459770114943,87,7.3783837129967145,9.820160289946374,8.974744612722734
2016,372,2401,157.0,42.2,42.204301075268816,7.783640596221253,42.0,1601,18401,7901.0,8481.459770114943,87,7.3783837129967145,9.820160289946374,8.974744612722734
2016,372,2501,155.0,41.67,41.66666666666667,7.824445930877619,41.0,1701,19401,7351.0,8254.125,96,7.438971592395862,9.873079890114703,8.902591637374087
2016,372,2601,154.0,41.4,41.39784946236559,7.8636512654486515,41.0,1701,19401,7351.0,8254.125,96,7.438971592395862,9.873079890114703,8.902591637374087
2016,372,2701,153.0,41.13,41.12903225806452,7.901377353792616,41.0,1701,19401,7351.0,8254.125,96,7.438971592395862,9.873079890114703,8.902591637374087
2016,372,2801,152.0,40.86,40.86021505376344,7.937731775260109,40.0,1901,21101,8351.0,9465.406779661016,118,7.550135342488429,9.957075711706057,9.03013657115323
2016,372,2901,151.0,40.59,40.59139784946236,7.972810784121404,40.0,1901,21101,8351.0,9465.406779661016,118,7.550135342488429,9.957075711706057,9.03013657115323
2016,372,3001,150.0,40.32,40.32258064516129,8.006700845440367,40.0,1901,21101,8351.0,9465.406779661016,118,7.550135342488429,9.957075711706057,9.03013657115323
2016,372,3101,149.0,40.05,40.053763440860216,8.03947991910045,40.0,1901,21101,8351.0,9465.406779661016,118,7.550135342488429,9.957075711706057,9.03013657115323
2016,372,3201,148.0,39.78,39.784946236559136,8.071218539969863,39.0,2201,22801,9351.0,10543.452830188678,106,7.696667081526462,10.034559673629849,9.143238568435446
2016,372,3301,147.0,39.52,39.516129032258064,8.101980731853192,39.0,2201,22801,9351.0,10543.452830188678,106,7.696667081526462,10.034559673629849,9.143238568435446
2016,372,3401,146.0,39.25,39.247311827956985,8.131824785007195,39.0,2201,22801,9351.0,10543.452830188678,106,7.696667081526462,10.034559673629849,9.143238568435446
2016,372,3501,145.0,38.98,38.97849462365591,8.160803920954665,38.0,2401,24201,11201.0,10851.40650406504,123,7.783640596221253,10.094149233605084,9.32375833901174
2016,372,3601,144.0,38.71,38.70967741935484,8.188966863648876,38.0,2401,24201,11201.0,10851.40650406504,123,7.783640596221253,10.094149233605084,9.32375833901174
2016,372,3701,144.0,38.71,38.70967741935484,8.216358332386156,38.0,2401,24201,11201.0,10851.40650406504,123,7.783640596221253,10.094149233605084,9.32375833901174
2016,372,3801,143.0,38.44,38.44086021505376,8.24301946898925,38.0,2401,24201,11201.0,10851.40650406504,123,7.783640596221253,10.094149233605084,9.32375833901174
2016,372,3901,142.0,38.17,38.17204301075269,8.268988209506656,38.0,2401,24201,11201.0,10851.40650406504,123,7.783640596221253,10.094149233605084,9.32375833901174
2016,372,4001,141.0,37.9,37.903225806451616,8.294299608857235,37.0,2701,26201,12601.0,12353.713178294574,129,7.901377353792616,10.173552856959743,9.441531454869693
2016,372,4101,141.0,37.9,37.903225806451616,8.31898612539206,37.0,2701,26201,12601.0,12353.713178294574,129,7.901377353792616,10.173552856959743,9.441531454869693
2016,372,4201,140.0,37.63,37.634408602150536,8.343077871169383,37.0,2701,26201,12601.0,12353.713178294574,129,7.901377353792616,10.173552856959743,9.441531454869693
2016,372,4301,139.0,37.37,37.365591397849464,8.366602832783736,37.0,2701,26201,12601.0,12353.713178294574,129,7.901377353792616,10.173552856959743,9.441531454869693
2016,372,4401,139.0,37.37,37.365591397849464,8.38958706681109,37.0,2701,26201,12601.0,12353.713178294574,129,7.901377353792616,10.173552856959743,9.441531454869693
2016,372,4501,138.0,37.1,37.096774193548384,8.412054873292933,37.0,2701,26201,12601.0,12353.713178294574,129,7.901377353792616,10.173552856959743,9.441531454869693
2016,372,4601,137.0,36.83,36.82795698924731,8.434028950155469,36.0,2901,28401,13701.0,13498.278911564626,147,7.972810784121404,10.254179634797001,9.525224101853109
2016,372,4701,136.0,36.56,36.55913978494624,8.45553053102413,36.0,2901,28401,13701.0,13498.278911564626,147,7.972810784121404,10.254179634797001,9.525224101853109
2016,372,4801,136.0,36.56,36.55913978494624,8.476579508530941,36.0,2901,28401,13701.0,13498.278911564626,147,7.972810784121404,10.254179634797001,9.525224101853109
2016,372,4901,135.0,36.29,36.29032258064516,8.497194544909547,36.0,2901,28401,13701.0,13498.278911564626,147,7.972810784121404,10.254179634797001,9.525224101853109
2016,372,5001,134.0,36.02,36.02150537634409,8.517393171418904,36.0,2901,28401,13701.0,13498.278911564626,147,7.972810784121404,10.254179634797001,9.525224101853109
2016,372,5101,134.0,36.02,36.02150537634409,8.537191877922927,36.0,2901,28401,13701.0,13498.278911564626,147,7.972810784121404,10.254179634797001,9.525224101853109
2016,372,5201,133.0,35.75,35.752688172043015,8.556606193773073,35.0,3201,30101,15251.0,14490.583333333334,144,8.071218539969863,10.31231367277647,9.632400353656184
2016,372,5301,133.0,35.75,35.752688172043015,8.575650760987806,35.0,3201,30101,15251.0,14490.583333333334,144,8.071218539969863,10.31231367277647,9.632400353656184
2016,372,5401,132.0,35.48,35.483870967741936,8.594339400592892,35.0,3201,30101,15251.0,14490.583333333334,144,8.071218539969863,10.31231367277647,9.632400353656184
2016,372,5501,131.0,35.22,35.215053763440864,8.612685172875459,35.0,3201,30101,15251.0,14490.583333333334,144,8.071218539969863,10.31231367277647,9.632400353656184
2016,372,5601,131.0,35.22,35.215053763440864,8.630700432209832,35.0,3201,30101,15251.0,14490.583333333334,144,8.071218539969863,10.31231367277647,9.632400353656184
2016,372,5701,130.0,34.95,34.946236559139784,8.648396877031582,34.0,3601,30801,11051.0,13145.68085106383,94,8.188966863648876,10.335302435967074,9.310276200588783
2016,372,5801,130.0,34.95,34.946236559139784,8.665785595466064,34.0,3601,30801,11051.0,13145.68085106383,94,8.188966863648876,10.335302435967074,9.310276200588783
2016,372,5901,129.0,34.68,34.67741935483871,8.682877107057168,34.0,3601,30801,11051.0,13145.68085106383,94,8.188966863648876,10.335302435967074,9.310276200588783
2016,372,6001,129.0,34.68,34.67741935483871,8.699681400989514,34.0,3601,30801,11051.0,13145.68085106383,94,8.188966863648876,10.335302435967074,9.310276200588783
2016,372,6101,128.0,34.41,34.40860215053764,8.716207971151853,34.0,3601,30801,11051.0,13145.68085106383,94,8.188966863648876,10.335302435967074,9.310276200588783
2016,372,6201,128.0,34.41,34.40860215053764,8.732465848349879,34.0,3601,30801,11051.0,13145.68085106383,94,8.188966863648876,10.335302435967074,9.310276200588783
2016,372,6301,127.0,34.14,34.13978494623656,8.748463629942055,34.0,3601,30801,11051.0,13145.68085106383,94,8.188966863648876,10.335302435967074,9.310276200588783
2016,372,6401,127.0,34.14,34.13978494623656,8.764209507142004,34.0,3601,30801,11051.0,13145.68085106383,94,8.188966863648876,10.335302435967074,9.310276200588783
2016,372,6501,126.0,33.87,33.87096774193548,8.77971129020447,33.0,3901,20101,11451.0,11791.217391304348,92,8.268988209506656,9.908524844053396,9.34583234141334
2016,372,6601,126.0,33.87,33.87096774193548,8.79497643168877,33.0,3901,20101,11451.0,11791.217391304348,92,8.268988209506656,9.908524844053396,9.34583234141334
2016,372,6701,126.0,33.87,33.87096774193548,8.81001204797317,33.0,3901,20101,11451.0,11791.217391304348,92,8.268988209506656,9.908524844053396,9.34583234141334
2016,372,6801,125.0,33.6,33.60215053763441,8.824824939175638,33.0,3901,20101,11451.0,11791.217391304348,92,8.268988209506656,9.908524844053396,9.34583234141334
2016,372,6901,124.0,33.33,33.33333333333333,8.839421607620602,33.0,3901,20101,11451.0,11791.217391304348,92,8.268988209506656,9.908524844053396,9.34583234141334
2016,372,7001,124.0,33.33,33.33333333333333,8.853808274977197,33.0,3901,20101,11451.0,11791.217391304348,92,8.268988209506656,9.908524844053396,9.34583234141334
2016,372,7101,123.0,33.06,33.064516129032256,8.867990898182093,33.0,3901,20101,11451.0,11791.217391304348,92,8.268988209506656,9.908524844053396,9.34583234141334
2016,372,7201,123.0,33.06,33.064516129032256,8.881975184248867,33.0,3901,20101,11451.0,11791.217391304348,92,8.268988209506656,9.908524844053396,9.34583234141334
2016,372,7301,122.0,32.8,32.795698924731184,8.895766604056085,32.0,4401,21701,12151.0,12598.5,80,8.38958706681109,9.985113621416073,9.405166749908611
2016,372,7401,122.0,32.8,32.795698924731184,8.909370405197466,32.0,4401,21701,12151.0,12598.5,80,8.38958706681109,9.985113621416073,9.405166749908611
2016,372,7501,121.0,32.53,32.526881720430104,8.922791623969637,32.0,4401,21701,12151.0,12598.5,80,8.38958706681109,9.985113621416073,9.405166749908611
2016,372,7601,121.0,32.53,32.526881720430104,8.936035096566041,32.0,4401,21701,12151.0,12598.5,80,8.38958706681109,9.985113621416073,9.405166749908611
2016,372,7701,120.0,32.26,32.25806451612903,8.94910546953925,32.0,4401,21701,12151.0,12598.5,80,8.38958706681109,9.985113621416073,9.405166749908611
2016,372,7801,120.0,32.26,32.25806451612903,8.962007209588313,32.0,4401,21701,12151.0,12598.5,80,8.38958706681109,9.985113621416073,9.405166749908611
2016,372,7901,120.0,32.26,32.25806451612903,8.974744612722734,32.0,4401,21701,12151.0,12598.5,80,8.38958706681109,9.985113621416073,9.405166749908611
2016,372,8001,119.0,31.99,31.989247311827956,8.987321812850125,31.0,4801,24001,13601.0,13990.908256880733,109,8.476579508530941,10.085850775128717,9.517898598432753
2016,372,8101,119.0,31.99,31.989247311827956,8.999742789830492,31.0,4801,24001,13601.0,13990.908256880733,109,8.476579508530941,10.085850775128717,9.517898598432753
2016,372,8201,118.0,31.72,31.72043010752688,9.012011377036412,31.0,4801,24001,13601.0,13990.908256880733,109,8.476579508530941,10.085850775128717,9.517898598432753
2016,372,8301,118.0,31.72,31.72043010752688,9.024131268455035,31.0,4801,24001,13601.0,13990.908256880733,109,8.476579508530941,10.085850775128717,9.517898598432753
2016,372,8401,117.0,31.45,31.451612903225808,9.036106025364846,31.0,4801,24001,13601.0,13990.908256880733,109,8.476579508530941,10.085850775128717,9.517898598432753
2016,372,8501,117.0,31.45,31.451612903225808,9.04793908261736,31.0,4801,24001,13601.0,13990.908256880733,109,8.476579508530941,10.085850775128717,9.517898598432753
2016,372,8601,117.0,31.45,31.451612903225808,9.059633754551479,31.0,4801,24001,13601.0,13990.908256880733,109,8.476579508530941,10.085850775128717,9.517898598432753
2016,372,8701,116.0,31.18,31.182795698924732,9.071193240566025,31.0,4801,24001,13601.0,13990.908256880733,109,8.476579508530941,10.085850775128717,9.517898598432753
2016,372,8801,116.0,31.18,31.182795698924732,9.082620630373812,31.0,4801,24001,13601.0,13990.908256880733,109,8.476579508530941,10.085850775128717,9.517898598432753
2016,372,8901,115.0,30.91,30.913978494623656,9.093918908958932,30.0,5501,26001,14501.0,14815.529914529914,117,8.612685172875459,10.165890277802454,9.581972891547895
2016,372,9001,115.0,30.91,30.913978494623656,9.105090961257085,30.0,5501,26001,14501.0,14815.529914529914,117,8.612685172875459,10.165890277802454,9.581972891547895
2016,372,9101,115.0,30.91,30.913978494623656,9.116139576577355,30.0,5501,26001,14501.0,14815.529914529914,117,8.612685172875459,10.165890277802454,9.581972891547895
2016,372,9201,115.0,30.91,30.913978494623656,9.127067452782361,30.0,5501,26001,14501.0,14815.529914529914,117,8.612685172875459,10.165890277802454,9.581972891547895
2016,372,9301,114.0,30.65,30.64516129032258,9.137877200242468,30.0,5501,26001,14501.0,14815.529914529914,117,8.612685172875459,10.165890277802454,9.581972891547895
2016,372,9401,114.0,30.65,30.64516129032258,9.148571345578551,30.0,5501,26001,14501.0,14815.529914529914,117,8.612685172875459,10.165890277802454,9.581972891547895
2016,372,9501,113.0,30.38,30.376344086021508,9.15915233520675,30.0,5501,26001,14501.0,14815.529914529914,117,8.612685172875459,10.165890277802454,9.581972891547895
2016,372,9601,113.0,30.38,30.376344086021508,9.169622538697624,30.0,5501,26001,14501.0,14815.529914529914,117,8.612685172875459,10.165890277802454,9.581972891547895
2016,372,9701,113.0,30.38,30.376344086021508,9.179984251961283,30.0,5501,26001,14501.0,14815.529914529914,117,8.612685172875459,10.165890277802454,9.581972891547895
2016,372,9801,112.0,30.11,30.107526881720432,9.19023970026918,30.0,5501,26001,14501.0,14815.529914529914,117,8.612685172875459,10.165890277802454,9.581972891547895
2016,372,9901,112.0,30.11,30.107526881720432,9.200391041122515,30.0,5501,26001,14501.0,14815.529914529914,117,8.612685172875459,10.165890277802454,9.581972891547895
2016,372,10001,111.0,29.84,29.838709677419356,9.210440366976517,29.0,6301,18001,15351.0,13993.222222222223,90,8.748463629942055,9.798182590890704,9.638935897473202
2016,372,10101,111.0,29.84,29.838709677419356,9.220389707829185,29.0,6301,18001,15351.0,13993.222222222223,90,8.748463629942055,9.798182590890704,9.638935897473202
2016,372,10201,111.0,29.84,29.838709677419356,9.23024103368252,29.0,6301,18001,15351.0,13993.222222222223,90,8.748463629942055,9.798182590890704,9.638935897473202
2016,372,10301,110.0,29.57,29.56989247311828,9.239996256883693,29.0,6301,18001,15351.0,13993.222222222223,90,8.748463629942055,9.798182590890704,9.638935897473202
2016,372,10401,110.0,29.57,29.56989247311828,9.249657234353133,29.0,6301,18001,15351.0,13993.222222222223,90,8.748463629942055,9.798182590890704,9.638935897473202
2016,372,10501,110.0,29.57,29.56989247311828,9.259225769705994,29.0,6301,18001,15351.0,13993.222222222223,90,8.748463629942055,9.798182590890704,9.638935897473202
2016,372,10601,109.0,29.3,29.301075268817208,9.268703615273097,29.0,6301,18001,15351.0,13993.222222222223,90,8.748463629942055,9.798182590890704,9.638935897473202
2016,372,10701,109.0,29.3,29.301075268817208,9.278092474027002,29.0,6301,18001,15351.0,13993.222222222223,90,8.748463629942055,9.798182590890704,9.638935897473202
2016,372,10801,109.0,29.3,29.301075268817208,9.287394001418473,29.0,6301,18001,15351.0,13993.222222222223,90,8.748463629942055,9.798182590890704,9.638935897473202
2016,372,10901,108.0,29.03,29.03225806451613,9.296609807128359,29.0,6301,18001,15351.0,13993.222222222223,90,8.748463629942055,9.798182590890704,9.638935897473202
2016,372,11001,108.0,29.03,29.03225806451613,9.305741456739435,29.0,6301,18001,15351.0,13993.222222222223,90,8.748463629942055,9.798182590890704,9.638935897473202
2016,372,11101,108.0,29.03,29.03225806451613,9.314790473332646,29.0,6301,18001,15351.0,13993.222222222223,90,8.748463629942055,9.798182590890704,9.638935897473202
2016,372,11201,107.0,28.76,28.763440860215056,9.32375833901174,28.0,6801,19601,16801.0,15007.796116504855,103,8.824824939175638,9.883335864325275,9.729193687429403
2016,372,11301,107.0,28.76,28.763440860215056,9.332646496360152,28.0,6801,19601,16801.0,15007.796116504855,103,8.824824939175638,9.883335864325275,9.729193687429403
2016,372,11401,107.0,28.76,28.763440860215056,9.34145634983372,28.0,6801,19601,16801.0,15007.796116504855,103,8.824824939175638,9.883335864325275,9.729193687429403
2016,372,11501,107.0,28.76,28.763440860215056,9.350189267092581,28.0,6801,19601,16801.0,15007.796116504855,103,8.824824939175638,9.883335864325275,9.729193687429403
2016,372,11601,106.0,28.49,28.49462365591398,9.358846580275406,28.0,6801,19601,16801.0,15007.796116504855,103,8.824824939175638,9.883335864325275,9.729193687429403
2016,372,11701,106.0,28.49,28.49462365591398,9.367429587218957,28.0,6801,19601,16801.0,15007.796116504855,103,8.824824939175638,9.883335864325275,9.729193687429403
2016,372,11801,106.0,28.49,28.49462365591398,9.375939552625749,28.0,6801,19601,16801.0,15007.796116504855,103,8.824824939175638,9.883335864325275,9.729193687429403
2016,372,11901,105.0,28.23,28.225806451612907,9.38437770918244,28.0,6801,19601,16801.0,15007.796116504855,103,8.824824939175638,9.883335864325275,9.729193687429403
2016,372,12001,105.0,28.23,28.225806451612907,9.392745258631441,28.0,6801,19601,16801.0,15007.796116504855,103,8.824824939175638,9.883335864325275,9.729193687429403
2016,372,12101,105.0,28.23,28.225806451612907,9.401043372798053,28.0,6801,19601,16801.0,15007.796116504855,103,8.824824939175638,9.883335864325275,9.729193687429403
2016,372,12201,104.0,27.96,27.956989247311824,9.409273194575334,27.0,7801,21101,18151.0,16328.0,100,8.962007209588313,9.957075711706057,9.806480934593978
2016,372,12301,104.0,27.96,27.956989247311824,9.417435838868785,27.0,7801,21101,18151.0,16328.0,100,8.962007209588313,9.957075711706057,9.806480934593978
2016,372,12401,104.0,27.96,27.956989247311824,9.425532393502772,27.0,7801,21101,18151.0,16328.0,100,8.962007209588313,9.957075711706057,9.806480934593978
2016,372,12501,104.0,27.96,27.956989247311824,9.433563920090563,27.0,7801,21101,18151.0,16328.0,100,8.962007209588313,9.957075711706057,9.806480934593978
2016,372,12601,104.0,27.96,27.956989247311824,9.441531454869693,27.0,7801,21101,18151.0,16328.0,100,8.962007209588313,9.957075711706057,9.806480934593978
2016,372,12701,104.0,27.96,27.956989247311824,9.44943600950432,27.0,7801,21101,18151.0,16328.0,100,8.962007209588313,9.957075711706057,9.806480934593978
2016,372,12801,103.0,27.69,27.688172043010752,9.45727857185611,27.0,7801,21101,18151.0,16328.0,100,8.962007209588313,9.957075711706057,9.806480934593978
2016,372,12901,102.0,27.42,27.419354838709676,9.465060106725137,27.0,7801,21101,18151.0,16328.0,100,8.962007209588313,9.957075711706057,9.806480934593978
2016,372,13001,102.0,27.42,27.419354838709676,9.472781556562168,27.0,7801,21101,18151.0,16328.0,100,8.962007209588313,9.957075711706057,9.806480934593978
2016,372,13101,102.0,27.42,27.419354838709676,9.48044384215367,27.0,7801,21101,18151.0,16328.0,100,8.962007209588313,9.957075711706057,9.806480934593978
2016,372,13201,102.0,27.42,27.419354838709676,9.488047863280759,27.0,7801,21101,18151.0,16328.0,100,8.962007209588313,9.957075711706057,9.806480934593978
2016,372,13301,101.0,27.15,27.1505376344086,9.495594499353297,27.0,7801,21101,18151.0,16328.0,100,8.962007209588313,9.957075711706057,9.806480934593978
2016,372,13401,101.0,27.15,27.1505376344086,9.503084610020228,27.0,7801,21101,18151.0,16328.0,100,8.962007209588313,9.957075711706057,9.806480934593978
2016,372,13501,101.0,27.15,27.1505376344086,9.510519035757246,27.0,7801,21101,18151.0,16328.0,100,8.962007209588313,9.957075711706057,9.806480934593978
2016,372,13601,101.0,27.15,27.1505376344086,9.517898598432753,27.0,7801,21101,18151.0,16328.0,100,8.962007209588313,9.957075711706057,9.806480934593978
2016,372,13701,100.0,26.88,26.881720430107524,9.525224101853109,26.0,8501,23001,19401.0,17608.69230769231,117,9.04793908261736,10.043292972227004,9.873079890114703
2016,372,13801,100.0,26.88,26.881720430107524,9.53249633228804,26.0,8501,23001,19401.0,17608.69230769231,117,9.04793908261736,10.043292972227004,9.873079890114703
2016,372,13901,100.0,26.88,26.881720430107524,9.539716058977092,26.0,8501,23001,19401.0,17608.69230769231,117,9.04793908261736,10.043292972227004,9.873079890114703
2016,372,14001,99.0,26.61,26.61290322580645,9.546884034617925,26.0,8501,23001,19401.0,17608.69230769231,117,9.04793908261736,10.043292972227004,9.873079890114703
2016,372,14101,99.0,26.61,26.61290322580645,9.55400099583723,26.0,8501,23001,19401.0,17608.69230769231,117,9.04793908261736,10.043292972227004,9.873079890114703
2016,372,14201,99.0,26.61,26.61290322580645,9.561067663645012,26.0,8501,23001,19401.0,17608.69230769231,117,9.04793908261736,10.043292972227004,9.873079890114703
2016,372,14301,99.0,26.61,26.61290322580645,9.568084743872936,26.0,8501,23001,19401.0,17608.69230769231,117,9.04793908261736,10.043292972227004,9.873079890114703
2016,372,14401,98.0,26.34,26.344086021505376,9.575052927597383,26.0,8501,23001,19401.0,17608.69230769231,117,9.04793908261736,10.043292972227004,9.873079890114703
2016,372,14501,98.0,26.34,26.344086021505376,9.581972891547895,26.0,8501,23001,19401.0,17608.69230769231,117,9.04793908261736,10.043292972227004,9.873079890114703
2016,372,14601,98.0,26.34,26.344086021505376,9.588845298501564,26.0,8501,23001,19401.0,17608.69230769231,117,9.04793908261736,10.043292972227004,9.873079890114703
2016,372,14701,98.0,26.34,26.344086021505376,9.595670797663967,26.0,8501,23001,19401.0,17608.69230769231,117,9.04793908261736,10.043292972227004,9.873079890114703
2016,372,14801,97.0,26.08,26.0752688172043,9.60245002503719,26.0,8501,23001,19401.0,17608.69230769231,117,9.04793908261736,10.043292972227004,9.873079890114703
2016,372,14901,97.0,26.08,26.0752688172043,9.60918360377546,26.0,8501,23001,19401.0,17608.69230769231,117,9.04793908261736,10.043292972227004,9.873079890114703
2016,372,15001,97.0,26.08,26.0752688172043,9.61587214452889,26.0,8501,23001,19401.0,17608.69230769231,117,9.04793908261736,10.043292972227004,9.873079890114703
2016,372,15101,97.0,26.08,26.0752688172043,9.62251624577579,26.0,8501,23001,19401.0,17608.69230769231,117,9.04793908261736,10.043292972227004,9.873079890114703
2016,372,15201,96.0,25.81,25.806451612903224,9.62911649414402,25.0,9601,24901,20351.0,19123.131147540982,122,9.169622538697624,10.122663242288953,9.920885329712549
2016,372,15301,96.0,25.81,25.806451612903224,9.635673464721814,25.0,9601,24901,20351.0,19123.131147540982,122,9.169622538697624,10.122663242288953,9.920885329712549
2016,372,15401,96.0,25.81,25.806451612903224,9.642187721358466,25.0,9601,24901,20351.0,19123.131147540982,122,9.169622538697624,10.122663242288953,9.920885329712549
2016,372,15501,96.0,25.81,25.806451612903224,9.648659816955295,25.0,9601,24901,20351.0,19123.131147540982,122,9.169622538697624,10.122663242288953,9.920885329712549
2016,372,15601,95.0,25.54,25.537634408602152,9.65509029374725,25.0,9601,24901,20351.0,19123.131147540982,122,9.169622538697624,10.122663242288953,9.920885329712549
2016,372,15701,95.0,25.54,25.537634408602152,9.661479683575521,25.0,9601,24901,20351.0,19123.131147540982,122,9.169622538697624,10.122663242288953,9.920885329712549
2016,372,15801,95.0,25.54,25.537634408602152,9.6678285081515,25.0,9601,24901,20351.0,19123.131147540982,122,9.169622538697624,10.122663242288953,9.920885329712549
2016,372,15901,95.0,25.54,25.537634408602152,9.674137279312397,25.0,9601,24901,20351.0,19123.131147540982,122,9.169622538697624,10.122663242288953,9.920885329712549
2016,372,16001,95.0,25.54,25.537634408602152,9.680406499268875,25.0,9601,24901,20351.0,19123.131147540982,122,9.169622538697624,10.122663242288953,9.920885329712549
2016,372,16101,94.0,25.27,25.268817204301076,9.686636660844938,25.0,9601,24901,20351.0,19123.131147540982,122,9.169622538697624,10.122663242288953,9.920885329712549
2016,372,16201,94.0,25.27,25.268817204301076,9.692828247710418,25.0,9601,24901,20351.0,19123.131147540982,122,9.169622538697624,10.122663242288953,9.920885329712549
2016,372,16301,94.0,25.27,25.268817204301076,9.69898173460629,25.0,9601,24901,20351.0,19123.131147540982,122,9.169622538697624,10.122663242288953,9.920885329712549
2016,372,16401,93.0,25.0,25.0,9.70509758756311,25.0,9601,24901,20351.0,19123.131147540982,122,9.169622538697624,10.122663242288953,9.920885329712549
2016,372,16501,93.0,25.0,25.0,9.711176264112805,25.0,9601,24901,20351.0,19123.131147540982,122,9.169622538697624,10.122663242288953,9.920885329712549
2016,372,16601,93.0,25.0,25.0,9.717218213494077,25.0,9601,24901,20351.0,19123.131147540982,122,9.169622538697624,10.122663242288953,9.920885329712549
2016,372,16701,93.0,25.0,25.0,9.723223876851618,25.0,9601,24901,20351.0,19123.131147540982,122,9.169622538697624,10.122663242288953,9.920885329712549
2016,372,16801,92.0,24.73,24.731182795698924,9.729193687429403,24.0,10801,25601,17451.0,18621.833333333332,72,9.287394001418473,10.150386692204734,9.767152232578871
2016,372,16901,92.0,24.73,24.731182795698924,9.735128070758227,24.0,10801,25601,17451.0,18621.833333333332,72,9.287394001418473,10.150386692204734,9.767152232578871
2016,372,17001,92.0,24.73,24.731182795698924,9.741027444837728,24.0,10801,25601,17451.0,18621.833333333332,72,9.287394001418473,10.150386692204734,9.767152232578871
2016,372,17101,92.0,24.73,24.731182795698924,9.746892220313054,24.0,10801,25601,17451.0,18621.833333333332,72,9.287394001418473,10.150386692204734,9.767152232578871
2016,372,17201,92.0,24.73,24.731182795698924,9.75272280064639,24.0,10801,25601,17451.0,18621.833333333332,72,9.287394001418473,10.150386692204734,9.767152232578871
2016,372,17301,91.0,24.46,24.462365591397848,9.758519582283522,24.0,10801,25601,17451.0,18621.833333333332,72,9.287394001418473,10.150386692204734,9.767152232578871
2016,372,17401,91.0,24.46,24.462365591397848,9.76428295481558,24.0,10801,25601,17451.0,18621.833333333332,72,9.287394001418473,10.150386692204734,9.767152232578871
2016,372,17501,91.0,24.46,24.462365591397848,9.770013301136158,24.0,10801,25601,17451.0,18621.833333333332,72,9.287394001418473,10.150386692204734,9.767152232578871
2016,372,17601,91.0,24.46,24.462365591397848,9.77571099759397,24.0,10801,25601,17451.0,18621.833333333332,72,9.287394001418473,10.150386692204734,9.767152232578871
2016,372,17701,90.0,24.19,24.193548387096776,9.781376414141157,24.0,10801,25601,17451.0,18621.833333333332,72,9.287394001418473,10.150386692204734,9.767152232578871
2016,372,17801,90.0,24.19,24.193548387096776,9.787009914477434,24.0,10801,25601,17451.0,18621.833333333332,72,9.287394001418473,10.150386692204734,9.767152232578871
2016,372,17901,90.0,24.19,24.193548387096776,9.792611856190192,24.0,10801,25601,17451.0,18621.833333333332,72,9.287394001418473,10.150386692204734,9.767152232578871
2016,372,18001,90.0,24.19,24.193548387096776,9.798182590890704,24.0,10801,25601,17451.0,18621.833333333332,72,9.287394001418473,10.150386692204734,9.767152232578871
2016,372,18101,90.0,24.19,24.193548387096776,9.803722464346553,24.0,10801,25601,17451.0,18621.833333333332,72,9.287394001418473,10.150386692204734,9.767152232578871
2016,372,18201,89.0,23.92,23.9247311827957,9.809231816610408,23.0,11801,26401,18401.0,18192.780821917808,73,9.375939552625749,10.181157167204903,9.820160289946374
2016,372,18301,89.0,23.92,23.9247311827957,9.814710982145282,23.0,11801,26401,18401.0,18192.780821917808,73,9.375939552625749,10.181157167204903,9.820160289946374
2016,372,18401,89.0,23.92,23.9247311827957,9.820160289946374,23.0,11801,26401,18401.0,18192.780821917808,73,9.375939552625749,10.181157167204903,9.820160289946374
2016,372,18501,89.0,23.92,23.9247311827957,9.825580063659602,23.0,11801,26401,18401.0,18192.780821917808,73,9.375939552625749,10.181157167204903,9.820160289946374
2016,372,18601,88.0,23.66,23.655913978494624,9.83097062169695,23.0,11801,26401,18401.0,18192.780821917808,73,9.375939552625749,10.181157167204903,9.820160289946374
2016,372,18701,88.0,23.66,23.655913978494624,9.83633227734872,23.0,11801,26401,18401.0,18192.780821917808,73,9.375939552625749,10.181157167204903,9.820160289946374
2016,372,18801,88.0,23.66,23.655913978494624,9.841665338892785,23.0,11801,26401,18401.0,18192.780821917808,73,9.375939552625749,10.181157167204903,9.820160289946374
2016,372,18901,88.0,23.66,23.655913978494624,9.846970109700957,23.0,11801,26401,18401.0,18192.780821917808,73,9.375939552625749,10.181157167204903,9.820160289946374
2016,372,19001,88.0,23.66,23.655913978494624,9.852246888342531,23.0,11801,26401,18401.0,18192.780821917808,73,9.375939552625749,10.181157167204903,9.820160289946374
2016,372,19101,87.0,23.39,23.387096774193548,9.857495968685136,23.0,11801,26401,18401.0,18192.780821917808,73,9.375939552625749,10.181157167204903,9.820160289946374
2016,372,19201,87.0,23.39,23.387096774193548,9.862717639992917,23.0,11801,26401,18401.0,18192.780821917808,73,9.375939552625749,10.181157167204903,9.820160289946374
2016,372,19301,87.0,23.39,23.387096774193548,9.867912187022208,23.0,11801,26401,18401.0,18192.780821917808,73,9.375939552625749,10.181157167204903,9.820160289946374
2016,372,19401,87.0,23.39,23.387096774193548,9.873079890114703,23.0,11801,26401,18401.0,18192.780821917808,73,9.375939552625749,10.181157167204903,9.820160289946374
2016,372,19501,86.0,23.12,23.118279569892472,9.87822102528824,23.0,11801,26401,18401.0,18192.780821917808,73,9.375939552625749,10.181157167204903,9.820160289946374
2016,372,19601,86.0,23.12,23.118279569892472,9.883335864325275,23.0,11801,26401,18401.0,18192.780821917808,73,9.375939552625749,10.181157167204903,9.820160289946374
2016,372,19701,86.0,23.12,23.118279569892472,9.888424674859083,23.0,11801,26401,18401.0,18192.780821917808,73,9.375939552625749,10.181157167204903,9.820160289946374
2016,372,19801,86.0,23.12,23.118279569892472,9.893487720457795,23.0,11801,26401,18401.0,18192.780821917808,73,9.375939552625749,10.181157167204903,9.820160289946374
2016,372,19901,86.0,23.12,23.118279569892472,9.898525260706313,23.0,11801,26401,18401.0,18192.780821917808,73,9.375939552625749,10.181157167204903,9.820160289946374
2016,372,20001,86.0,23.12,23.118279569892472,9.90353755128617,23.0,11801,26401,18401.0,18192.780821917808,73,9.375939552625749,10.181157167204903,9.820160289946374
2016,372,20101,85.0,22.85,22.849462365591396,9.908524844053396,22.0,13201,22001,20001.0,19007.349206349205,63,9.488047863280759,9.99884318585288,9.90353755128617
2016,372,20201,85.0,22.85,22.849462365591396,9.913487387114461,22.0,13201,22001,20001.0,19007.349206349205,63,9.488047863280759,9.99884318585288,9.90353755128617
2016,372,20301,85.0,22.85,22.849462365591396,9.918425424900335,22.0,13201,22001,20001.0,19007.349206349205,63,9.488047863280759,9.99884318585288,9.90353755128617
2016,372,20401,85.0,22.85,22.849462365591396,9.923339198238729,22.0,13201,22001,20001.0,19007.349206349205,63,9.488047863280759,9.99884318585288,9.90353755128617
2016,372,20501,85.0,22.85,22.849462365591396,9.928228944424575,22.0,13201,22001,20001.0,19007.349206349205,63,9.488047863280759,9.99884318585288,9.90353755128617
2016,372,20601,84.0,22.58,22.58064516129032,9.933094897288786,22.0,13201,22001,20001.0,19007.349206349205,63,9.488047863280759,9.99884318585288,9.90353755128617
2016,372,20701,84.0,22.58,22.58064516129032,9.937937287265354,22.0,13201,22001,20001.0,19007.349206349205,63,9.488047863280759,9.99884318585288,9.90353755128617
2016,372,20801,84.0,22.58,22.58064516129032,9.942756341456828,22.0,13201,22001,20001.0,19007.349206349205,63,9.488047863280759,9.99884318585288,9.90353755128617
2016,372,20901,84.0,22.58,22.58064516129032,9.94755228369823,22.0,13201,22001,20001.0,19007.349206349205,63,9.488047863280759,9.99884318585288,9.90353755128617
2016,372,21001,84.0,22.58,22.58064516129032,9.952325334619427,22.0,13201,22001,20001.0,19007.349206349205,63,9.488047863280759,9.99884318585288,9.90353755128617
2016,372,21101,83.0,22.31,22.311827956989248,9.957075711706057,22.0,13201,22001,20001.0,19007.349206349205,63,9.488047863280759,9.99884318585288,9.90353755128617
2016,372,21201,83.0,22.31,22.311827956989248,9.961803629358965,22.0,13201,22001,20001.0,19007.349206349205,63,9.488047863280759,9.99884318585288,9.90353755128617
2016,372,21301,83.0,22.31,22.311827956989248,9.966509298952284,22.0,13201,22001,20001.0,19007.349206349205,63,9.488047863280759,9.99884318585288,9.90353755128617
2016,372,21401,83.0,22.31,22.311827956989248,9.97119292889014,22.0,13201,22001,20001.0,19007.349206349205,63,9.488047863280759,9.99884318585288,9.90353755128617
2016,372,21501,82.0,22.04,22.043010752688172,9.975854724662028,22.0,13201,22001,20001.0,19007.349206349205,63,9.488047863280759,9.99884318585288,9.90353755128617
2016,372,21601,82.0,22.04,22.043010752688172,9.980494888896912,22.0,13201,22001,20001.0,19007.349206349205,63,9.488047863280759,9.99884318585288,9.90353755128617
2016,372,21701,82.0,22.04,22.043010752688172,9.985113621416073,22.0,13201,22001,20001.0,19007.349206349205,63,9.488047863280759,9.99884318585288,9.90353755128617
2016,372,21801,82.0,22.04,22.043010752688172,9.989711119284745,22.0,13201,22001,20001.0,19007.349206349205,63,9.488047863280759,9.99884318585288,9.90353755128617
2016,372,21901,82.0,22.04,22.043010752688172,9.994287576862567,22.0,13201,22001,20001.0,19007.349206349205,63,9.488047863280759,9.99884318585288,9.90353755128617
2016,372,22001,82.0,22.04,22.043010752688172,9.99884318585288,22.0,13201,22001,20001.0,19007.349206349205,63,9.488047863280759,9.99884318585288,9.90353755128617
2016,372,22101,81.0,21.77,21.774193548387096,10.003378135350923,21.0,14401,23601,21501.0,20296.774647887323,71,9.575052927597383,10.069044362997353,9.975854724662028
2016,372,22201,81.0,21.77,21.774193548387096,10.007892611890918,21.0,14401,23601,21501.0,20296.774647887323,71,9.575052927597383,10.069044362997353,9.975854724662028
2016,372,22301,81.0,21.77,21.774193548387096,10.012386799492118,21.0,14401,23601,21501.0,20296.774647887323,71,9.575052927597383,10.069044362997353,9.975854724662028
2016,372,22401,81.0,21.77,21.774193548387096,10.016860879703811,21.0,14401,23601,21501.0,20296.774647887323,71,9.575052927597383,10.069044362997353,9.975854724662028
2016,372,22501,81.0,21.77,21.774193548387096,10.021315031649332,21.0,14401,23601,21501.0,20296.774647887323,71,9.575052927597383,10.069044362997353,9.975854724662028
2016,372,22601,81.0,21.77,21.774193548387096,10.025749432069084,21.0,14401,23601,21501.0,20296.774647887323,71,9.575052927597383,10.069044362997353,9.975854724662028
2016,372,22701,80.0,21.51,21.50537634408602,10.030164255362632,21.0,14401,23601,21501.0,20296.774647887323,71,9.575052927597383,10.069044362997353,9.975854724662028
2016,372,22801,80.0,21.51,21.50537634408602,10.034559673629849,21.0,14401,23601,21501.0,20296.774647887323,71,9.575052927597383,10.069044362997353,9.975854724662028
2016,372,22901,80.0,21.51,21.50537634408602,10.038935856711177,21.0,14401,23601,21501.0,20296.774647887323,71,9.575052927597383,10.069044362997353,9.975854724662028
2016,372,23001,80.0,21.51,21.50537634408602,10.043292972227004,21.0,14401,23601,21501.0,20296.774647887323,71,9.575052927597383,10.069044362997353,9.975854724662028
2016,372,23101,80.0,21.51,21.50537634408602,10.047631185616188,21.0,14401,23601,21501.0,20296.774647887323,71,9.575052927597383,10.069044362997353,9.975854724662028
2016,372,23201,79.0,21.24,21.236559139784948,10.05195066017375,21.0,14401,23601,21501.0,20296.774647887323,71,9.575052927597383,10.069044362997353,9.975854724662028
2016,372,23301,79.0,21.24,21.236559139784948,10.056251557087757,21.0,14401,23601,21501.0,20296.774647887323,71,9.575052927597383,10.069044362997353,9.975854724662028
2016,372,23401,79.0,21.24,21.236559139784948,10.060534035475412,21.0,14401,23601,21501.0,20296.774647887323,71,9.575052927597383,10.069044362997353,9.975854724662028
2016,372,23501,79.0,21.24,21.236559139784948,10.064798252418377,21.0,14401,23601,21501.0,20296.774647887323,71,9.575052927597383,10.069044362997353,9.975854724662028
2016,372,23601,79.0,21.24,21.236559139784948,10.069044362997353,21.0,14401,23601,21501.0,20296.774647887323,71,9.575052927597383,10.069044362997353,9.975854724662028
2016,372,23701,78.0,20.97,20.967741935483872,10.073272520325904,20.0,16101,25801,23551.0,22292.666666666668,84,9.686636660844938,10.158168529848494,10.066923561388053
2016,372,23801,78.0,20.97,20.967741935483872,10.077482875583607,20.0,16101,25801,23551.0,22292.666666666668,84,9.686636660844938,10.158168529848494,10.066923561388053
2016,372,23901,78.0,20.97,20.967741935483872,10.081675578048475,20.0,16101,25801,23551.0,22292.666666666668,84,9.686636660844938,10.158168529848494,10.066923561388053
2016,372,24001,78.0,20.97,20.967741935483872,10.085850775128717,20.0,16101,25801,23551.0,22292.666666666668,84,9.686636660844938,10.158168529848494,10.066923561388053
2016,372,24101,78.0,20.97,20.967741935483872,10.090008612393838,20.0,16101,25801,23551.0,22292.666666666668,84,9.686636660844938,10.158168529848494,10.066923561388053
2016,372,24201,78.0,20.97,20.967741935483872,10.094149233605084,20.0,16101,25801,23551.0,22292.666666666668,84,9.686636660844938,10.158168529848494,10.066923561388053
2016,372,24301,77.0,20.7,20.698924731182796,10.098272780745283,20.0,16101,25801,23551.0,22292.666666666668,84,9.686636660844938,10.158168529848494,10.066923561388053
2016,372,24401,77.0,20.7,20.698924731182796,10.102379394048045,20.0,16101,25801,23551.0,22292.666666666668,84,9.686636660844938,10.158168529848494,10.066923561388053
2016,372,24501,77.0,20.7,20.698924731182796,10.106469212026385,20.0,16101,25801,23551.0,22292.666666666668,84,9.686636660844938,10.158168529848494,10.066923561388053
2016,372,24601,77.0,20.7,20.698924731182796,10.110542371500753,20.0,16101,25801,23551.0,22292.666666666668,84,9.686636660844938,10.158168529848494,10.066923561388053
2016,372,24701,77.0,20.7,20.698924731182796,10.114599007626499,20.0,16101,25801,23551.0,22292.666666666668,84,9.686636660844938,10.158168529848494,10.066923561388053
2016,372,24801,77.0,20.7,20.698924731182796,10.118639253920785,20.0,16101,25801,23551.0,22292.666666666668,84,9.686636660844938,10.158168529848494,10.066923561388053
2016,372,24901,76.0,20.43,20.43010752688172,10.122663242288953,20.0,16101,25801,23551.0,22292.666666666668,84,9.686636660844938,10.158168529848494,10.066923561388053
2016,372,25001,76.0,20.43,20.43010752688172,10.12667110305036,20.0,16101,25801,23551.0,22292.666666666668,84,9.686636660844938,10.158168529848494,10.066923561388053
2016,372,25101,76.0,20.43,20.43010752688172,10.130662964963708,20.0,16101,25801,23551.0,22292.666666666668,84,9.686636660844938,10.158168529848494,10.066923561388053
2016,372,25201,76.0,20.43,20.43010752688172,10.134638955251866,20.0,16101,25801,23551.0,22292.666666666668,84,9.686636660844938,10.158168529848494,10.066923561388053
2016,372,25301,76.0,20.43,20.43010752688172,10.138599199626192,20.0,16101,25801,23551.0,22292.666666666668,84,9.686636660844938,10.158168529848494,10.066923561388053
2016,372,25401,75.0,20.16,20.161290322580644,10.142543822310387,20.0,16101,25801,23551.0,22292.666666666668,84,9.686636660844938,10.158168529848494,10.066923561388053
2016,372,25501,75.0,20.16,20.161290322580644,10.146472946063877,20.0,16101,25801,23551.0,22292.666666666668,84,9.686636660844938,10.158168529848494,10.066923561388053
2016,372,25601,75.0,20.16,20.161290322580644,10.150386692204734,20.0,16101,25801,23551.0,22292.666666666668,84,9.686636660844938,10.158168529848494,10.066923561388053
2016,372,25701,75.0,20.16,20.161290322580644,10.154285180632154,20.0,16101,25801,23551.0,22292.666666666668,84,9.686636660844938,10.158168529848494,10.066923561388053
2016,372,25801,75.0,20.16,20.161290322580644,10.158168529848494,20.0,16101,25801,23551.0,22292.666666666668,84,9.686636660844938,10.158168529848494,10.066923561388053
2016,372,25901,74.0,19.89,19.892473118279568,10.16203685698089,19.0,18101,26601,25201.0,23671.175438596492,57,9.803722464346553,10.188704088048116,10.134638955251866
2017,366,1,339.0,92.62,92.62295081967213,0.0,92.0,1,1,1.0,1.0,3,0.0,0.0,0.0
2017,366,11,326.0,89.07,89.07103825136612,2.3978952727983707,89.0,11,11,11.0,11.0,5,2.3978952727983707,2.3978952727983707,2.3978952727983707
2017,366,51,312.0,85.25,85.24590163934425,3.9318256327243257,85.0,1,51,11.0,21.0,3,0.0,3.9318256327243257,2.3978952727983707
2017,366,101,305.0,83.33,83.33333333333334,4.61512051684126,83.0,51,101,51.0,71.0,5,3.9318256327243257,4.61512051684126,3.9318256327243257
2017,366,201,295.0,80.6,80.60109289617486,5.303304908059076,80.0,11,201,31.0,56.0,6,2.3978952727983707,5.303304908059076,3.4339872044851463
2017,366,301,289.0,78.96,78.96174863387978,5.707110264748875,78.0,11,301,101.0,133.0,5,2.3978952727983707,5.707110264748875,4.61512051684126
2017,366,401,284.0,77.6,77.59562841530054,5.993961427306569,77.0,101,401,251.0,251.0,2,4.61512051684126,5.993961427306569,5.5254529391317835
2017,366,501,279.0,76.23,76.22950819672131,6.2166061010848646,76.0,101,501,201.0,267.6666666666667,3,4.61512051684126,6.2166061010848646,5.303304908059076
2017,366,601,276.0,75.41,75.40983606557377,6.398594934535208,75.0,51,601,101.0,193.85714285714286,7,3.9318256327243257,6.398594934535208,4.61512051684126
2017,366,701,272.0,74.32,74.31693989071039,6.55250788703459,74.0,51,701,201.0,251.0,6,3.9318256327243257,6.55250788703459,5.303304908059076
2017,366,801,269.0,73.5,73.49726775956285,6.68586094706836,73.0,101,801,401.0,381.0,5,4.61512051684126,6.68586094706836,5.993961427306569
2017,366,901,266.0,72.68,72.6775956284153,6.803505257608338,72.0,101,1001,301.0,443.85714285714283,7,4.61512051684126,6.90875477931522,5.707110264748875
2017,366,1001,264.0,72.13,72.1311475409836,6.90875477931522,72.0,101,1001,301.0,443.85714285714283,7,4.61512051684126,6.90875477931522,5.707110264748875
2017,366,1101,261.0,71.31,71.31147540983606,7.00397413672268,71.0,201,1101,301.0,481.0,5,5.303304908059076,7.00397413672268,5.707110264748875
2017,366,1201,258.0,70.49,70.49180327868852,7.0909098220799835,70.0,51,1301,301.0,431.7692307692308,13,3.9318256327243257,7.170888478512505,5.707110264748875
2017,366,1301,257.0,70.22,70.21857923497268,7.170888478512505,70.0,51,1301,301.0,431.7692307692308,13,3.9318256327243257,7.170888478512505,5.707110264748875
2017,366,1401,254.0,69.4,69.39890710382514,7.244941546337007,69.0,601,1501,1101.0,1076.0,4,6.398594934535208,7.313886831633462,7.00397413672268
2017,366,1501,253.0,69.13,69.12568306010928,7.313886831633462,69.0,601,1501,1101.0,1076.0,4,6.398594934535208,7.313886831633462,7.00397413672268
2017,366,1601,251.0,68.58,68.5792349726776,7.3783837129967145,68.0,201,1701,401.0,616.3846153846154,13,5.303304908059076,7.438971592395862,5.993961427306569
2017,366,1701,249.0,68.03,68.0327868852459,7.438971592395862,68.0,201,1701,401.0,616.3846153846154,13,5.303304908059076,7.438971592395862,5.993961427306569
2017,366,1801,247.0,67.49,67.4863387978142,7.496097345175956,67.0,201,1901,901.0,988.5,8,5.303304908059076,7.550135342488429,6.803505257608338
2017,366,1901,246.0,67.21,67.21311475409836,7.550135342488429,67.0,201,1901,901.0,988.5,8,5.303304908059076,7.550135342488429,6.803505257608338
2017,366,2001,244.0,66.67,66.66666666666666,7.601402334583733,66.0,101,2101,551.0,801.0,10,4.61512051684126,7.650168700845001,6.311734809152915
2017,366,2101,243.0,66.39,66.39344262295081,7.650168700845001,66.0,101,2101,551.0,801.0,10,4.61512051684126,7.650168700845001,6.311734809152915
2017,366,2201,241.0,65.85,65.84699453551912,7.696667081526462,65.0,101,2401,801.0,1014.3333333333334,15,4.61512051684126,7.783640596221253,6.68586094706836
2017,366,2301,240.0,65.57,65.57377049180327,7.741099090035366,65.0,101,2401,801.0,1014.3333333333334,15,4.61512051684126,7.783640596221253,6.68586094706836
2017,366,2401,238.0,65.03,65.02732240437157,7.783640596221253,65.0,101,2401,801.0,1014.3333333333334,15,4.61512051684126,7.783640596221253,6.68586094706836
2017,366,2501,237.0,64.75,64.75409836065575,7.824445930877619,64.0,301,2601,701.0,1047.1538461538462,13,5.707110264748875,7.8636512654486515,6.55250788703459
2017,366,2601,236.0,64.48,64.48087431693989,7.8636512654486515,64.0,301,2601,701.0,1047.1538461538462,13,5.707110264748875,7.8636512654486515,6.55250788703459
2017,366,2701,234.0,63.93,63.934426229508205,7.901377353792616,63.0,301,3001,1001.0,1371.5882352941176,17,5.707110264748875,8.006700845440367,6.90875477931522
2017,366,2801,233.0,63.66,63.661202185792355,7.937731775260109,63.0,301,3001,1001.0,1371.5882352941176,17,5.707110264748875,8.006700845440367,6.90875477931522
2017,366,2901,232.0,63.39,63.387978142076506,7.972810784121404,63.0,301,3001,1001.0,1371.5882352941176,17,5.707110264748875,8.006700845440367,6.90875477931522
2017,366,3001,231.0,63.11,63.114754098360656,8.006700845440367,63.0,301,3001,1001.0,1371.5882352941176,17,5.707110264748875,8.006700845440367,6.90875477931522
2017,366,3101,229.0,62.57,62.568306010928964,8.03947991910045,62.0,401,3301,1201.0,1521.0,15,5.993961427306569,8.101980731853192,7.0909098220799835
2017,366,3201,228.0,62.3,62.295081967213115,8.071218539969863,62.0,401,3301,1201.0,1521.0,15,5.993961427306569,8.101980731853192,7.0909098220799835
2017,366,3301,227.0,62.02,62.02185792349727,8.101980731853192,62.0,401,3301,1201.0,1521.0,15,5.993961427306569,8.101980731853192,7.0909098220799835
2017,366,3401,226.0,61.75,61.74863387978142,8.131824785007195,61.0,201,3601,901.0,1305.7619047619048,21,5.303304908059076,8.188966863648876,6.803505257608338
2017,366,3501,225.0,61.48,61.47540983606557,8.160803920954665,61.0,201,3601,901.0,1305.7619047619048,21,5.303304908059076,8.188966863648876,6.803505257608338
2017,366,3601,224.0,61.2,61.20218579234973,8.188966863648876,61.0,201,3601,901.0,1305.7619047619048,21,5.303304908059076,8.188966863648876,6.803505257608338
2017,366,3701,223.0,60.93,60.92896174863388,8.216358332386156,60.0,501,3901,1401.0,1687.9565217391305,23,6.2166061010848646,8.268988209506656,7.244941546337007
2017,366,3801,221.0,60.38,60.38251366120219,8.24301946898925,60.0,501,3901,1401.0,1687.9565217391305,23,6.2166061010848646,8.268988209506656,7.244941546337007
2017,366,3901,220.0,60.11,60.10928961748634,8.268988209506656,60.0,501,3901,1401.0,1687.9565217391305,23,6.2166061010848646,8.268988209506656,7.244941546337007
2017,366,4001,219.0,59.84,59.83606557377049,8.294299608857235,59.0,501,4401,1701.0,2232.5789473684213,19,6.2166061010848646,8.38958706681109,7.438971592395862
2017,366,4101,218.0,59.56,59.56284153005464,8.31898612539206,59.0,501,4401,1701.0,2232.5789473684213,19,6.2166061010848646,8.38958706681109,7.438971592395862
2017,366,4201,217.0,59.29,59.2896174863388,8.343077871169383,59.0,501,4401,1701.0,2232.5789473684213,19,6.2166061010848646,8.38958706681109,7.438971592395862
2017,366,4301,217.0,59.29,59.2896174863388,8.366602832783736,59.0,501,4401,1701.0,2232.5789473684213,19,6.2166061010848646,8.38958706681109,7.438971592395862
2017,366,4401,216.0,59.02,59.01639344262295,8.38958706681109,59.0,501,4401,1701.0,2232.5789473684213,19,6.2166061010848646,8.38958706681109,7.438971592395862
2017,366,4501,215.0,58.74,58.7431693989071,8.412054873292933,58.0,301,4801,1501.0,1926.9259259259259,27,5.707110264748875,8.476579508530941,7.313886831633462
2017,366,4601,214.0,58.47,58.46994535519126,8.434028950155469,58.0,301,4801,1501.0,1926.9259259259259,27,5.707110264748875,8.476579508530941,7.313886831633462
2017,366,4701,213.0,58.2,58.19672131147541,8.45553053102413,58.0,301,4801,1501.0,1926.9259259259259,27,5.707110264748875,8.476579508530941,7.313886831633462
2017,366,4801,213.0,58.2,58.19672131147541,8.476579508530941,58.0,301,4801,1501.0,1926.9259259259259,27,5.707110264748875,8.476579508530941,7.313886831633462
2017,366,4901,212.0,57.92,57.92349726775956,8.497194544909547,57.0,601,5201,1901.0,2273.0,25,6.398594934535208,8.556606193773073,7.550135342488429
2017,366,5001,211.0,57.65,57.650273224043715,8.517393171418904,57.0,601,5201,1901.0,2273.0,25,6.398594934535208,8.556606193773073,7.550135342488429
2017,366,5101,210.0,57.38,57.377049180327866,8.537191877922927,57.0,601,5201,1901.0,2273.0,25,6.398594934535208,8.556606193773073,7.550135342488429
2017,366,5201,209.0,57.1,57.103825136612016,8.556606193773073,57.0,601,5201,1901.0,2273.0,25,6.398594934535208,8.556606193773073,7.550135342488429
2017,366,5301,208.0,56.83,56.830601092896174,8.575650760987806,56.0,401,5901,2101.0,2678.1428571428573,35,5.993961427306569,8.682877107057168,7.650168700845001
2017,366,5401,208.0,56.83,56.830601092896174,8.594339400592892,56.0,401,5901,2101.0,2678.1428571428573,35,5.993961427306569,8.682877107057168,7.650168700845001
2017,366,5501,207.0,56.56,56.557377049180324,8.612685172875459,56.0,401,5901,2101.0,2678.1428571428573,35,5.993961427306569,8.682877107057168,7.650168700845001
2017,366,5601,206.0,56.28,56.284153005464475,8.630700432209832,56.0,401,5901,2101.0,2678.1428571428573,35,5.993961427306569,8.682877107057168,7.650168700845001
2017,366,5701,206.0,56.28,56.284153005464475,8.648396877031582,56.0,401,5901,2101.0,2678.1428571428573,35,5.993961427306569,8.682877107057168,7.650168700845001
2017,366,5801,205.0,56.01,56.01092896174863,8.665785595466064,56.0,401,5901,2101.0,2678.1428571428573,35,5.993961427306569,8.682877107057168,7.650168700845001
2017,366,5901,205.0,56.01,56.01092896174863,8.682877107057168,56.0,401,5901,2101.0,2678.1428571428573,35,5.993961427306569,8.682877107057168,7.650168700845001
2017,366,6001,204.0,55.74,55.73770491803278,8.699681400989514,55.0,401,6301,2201.0,2607.25,32,5.993961427306569,8.748463629942055,7.696667081526462
2017,366,6101,204.0,55.74,55.73770491803278,8.716207971151853,55.0,401,6301,2201.0,2607.25,32,5.993961427306569,8.748463629942055,7.696667081526462
2017,366,6201,202.0,55.19,55.19125683060109,8.732465848349879,55.0,401,6301,2201.0,2607.25,32,5.993961427306569,8.748463629942055,7.696667081526462
2017,366,6301,202.0,55.19,55.19125683060109,8.748463629942055,55.0,401,6301,2201.0,2607.25,32,5.993961427306569,8.748463629942055,7.696667081526462
2017,366,6401,201.0,54.92,54.91803278688525,8.764209507142004,54.0,501,6901,2651.0,3181.5555555555557,36,6.2166061010848646,8.839421607620602,7.8826922062890254
2017,366,6501,200.0,54.64,54.644808743169406,8.77971129020447,54.0,501,6901,2651.0,3181.5555555555557,36,6.2166061010848646,8.839421607620602,7.8826922062890254
2017,366,6601,200.0,54.64,54.644808743169406,8.79497643168877,54.0,501,6901,2651.0,3181.5555555555557,36,6.2166061010848646,8.839421607620602,7.8826922062890254
2017,366,6701,199.0,54.37,54.37158469945356,8.81001204797317,54.0,501,6901,2651.0,3181.5555555555557,36,6.2166061010848646,8.839421607620602,7.8826922062890254
2017,366,6801,198.0,54.1,54.09836065573771,8.824824939175638,54.0,501,6901,2651.0,3181.5555555555557,36,6.2166061010848646,8.839421607620602,7.8826922062890254
2017,366,6901,198.0,54.1,54.09836065573771,8.839421607620602,54.0,501,6901,2651.0,3181.5555555555557,36,6.2166061010848646,8.839421607620602,7.8826922062890254
2017,366,7001,197.0,53.83,53.825136612021865,8.853808274977197,53.0,501,7601,2901.0,3366.1162790697676,43,6.2166061010848646,8.936035096566041,7.972810784121404
2017,366,7101,197.0,53.83,53.825136612021865,8.867990898182093,53.0,501,7601,2901.0,3366.1162790697676,43,6.2166061010848646,8.936035096566041,7.972810784121404
2017,366,7201,196.0,53.55,53.551912568306015,8.881975184248867,53.0,501,7601,2901.0,3366.1162790697676,43,6.2166061010848646,8.936035096566041,7.972810784121404
2017,366,7301,196.0,53.55,53.551912568306015,8.895766604056085,53.0,501,7601,2901.0,3366.1162790697676,43,6.2166061010848646,8.936035096566041,7.972810784121404
2017,366,7401,196.0,53.55,53.551912568306015,8.909370405197466,53.0,501,7601,2901.0,3366.1162790697676,43,6.2166061010848646,8.936035096566041,7.972810784121404
2017,366,7501,194.0,53.01,53.00546448087432,8.922791623969637,53.0,501,7601,2901.0,3366.1162790697676,43,6.2166061010848646,8.936035096566041,7.972810784121404
2017,366,7601,194.0,53.01,53.00546448087432,8.936035096566041,53.0,501,7601,2901.0,3366.1162790697676,43,6.2166061010848646,8.936035096566041,7.972810784121404
2017,366,7701,193.0,52.73,52.732240437158474,8.94910546953925,52.0,701,8101,2901.0,3608.317073170732,41,6.55250788703459,8.999742789830492,7.972810784121404
2017,366,7801,193.0,52.73,52.732240437158474,8.962007209588313,52.0,701,8101,2901.0,3608.317073170732,41,6.55250788703459,8.999742789830492,7.972810784121404
2017,366,7901,193.0,52.73,52.732240437158474,8.974744612722734,52.0,701,8101,2901.0,3608.317073170732,41,6.55250788703459,8.999742789830492,7.972810784121404
2017,366,8001,191.0,52.19,52.18579234972678,8.987321812850125,52.0,701,8101,2901.0,3608.317073170732,41,6.55250788703459,8.999742789830492,7.972810784121404
2017,366,8101,191.0,52.19,52.18579234972678,8.999742789830492,52.0,701,8101,2901.0,3608.317073170732,41,6.55250788703459,8.999742789830492,7.972810784121404
2017,366,8201,190.0,51.91,51.91256830601093,9.012011377036412,51.0,601,8901,3451.0,3991.740740740741,54,6.398594934535208,9.093918908958932,8.146419323098003
2017,366,8301,190.0,51.91,51.91256830601093,9.024131268455035,51.0,601,8901,3451.0,3991.740740740741,54,6.398594934535208,9.093918908958932,8.146419323098003
2017,366,8401,189.0,51.64,51.63934426229508,9.036106025364846,51.0,601,8901,3451.0,3991.740740740741,54,6.398594934535208,9.093918908958932,8.146419323098003
2017,366,8501,189.0,51.64,51.63934426229508,9.04793908261736,51.0,601,8901,3451.0,3991.740740740741,54,6.398594934535208,9.093918908958932,8.146419323098003
2017,366,8601,188.0,51.37,51.36612021857923,9.059633754551479,51.0,601,8901,3451.0,3991.740740740741,54,6.398594934535208,9.093918908958932,8.146419323098003
2017,366,8701,188.0,51.37,51.36612021857923,9.071193240566025,51.0,601,8901,3451.0,3991.740740740741,54,6.398594934535208,9.093918908958932,8.146419323098003
2017,366,8801,187.0,51.09,51.09289617486339,9.082620630373812,51.0,601,8901,3451.0,3991.740740740741,54,6.398594934535208,9.093918908958932,8.146419323098003
2017,366,8901,187.0,51.09,51.09289617486339,9.093918908958932,51.0,601,8901,3451.0,3991.740740740741,54,6.398594934535208,9.093918908958932,8.146419323098003
2017,366,9001,186.0,50.82,50.81967213114754,9.105090961257085,50.0,701,9801,3851.0,4534.333333333333,60,6.55250788703459,9.19023970026918,8.25608813381491
2017,366,9101,186.0,50.82,50.81967213114754,9.116139576577355,50.0,701,9801,3851.0,4534.333333333333,60,6.55250788703459,9.19023970026918,8.25608813381491
2017,366,9201,185.0,50.55,50.54644808743169,9.127067452782361,50.0,701,9801,3851.0,4534.333333333333,60,6.55250788703459,9.19023970026918,8.25608813381491
2017,366,9301,185.0,50.55,50.54644808743169,9.137877200242468,50.0,701,9801,3851.0,4534.333333333333,60,6.55250788703459,9.19023970026918,8.25608813381491
2017,366,9401,184.0,50.27,50.27322404371585,9.148571345578551,50.0,701,9801,3851.0,4534.333333333333,60,6.55250788703459,9.19023970026918,8.25608813381491
2017,366,9501,184.0,50.27,50.27322404371585,9.15915233520675,50.0,701,9801,3851.0,4534.333333333333,60,6.55250788703459,9.19023970026918,8.25608813381491
2017,366,9601,184.0,50.27,50.27322404371585,9.169622538697624,50.0,701,9801,3851.0,4534.333333333333,60,6.55250788703459,9.19023970026918,8.25608813381491
2017,366,9701,183.0,50.0,50.0,9.179984251961283,50.0,701,9801,3851.0,4534.333333333333,60,6.55250788703459,9.19023970026918,8.25608813381491
2017,366,9801,183.0,50.0,50.0,9.19023970026918,50.0,701,9801,3851.0,4534.333333333333,60,6.55250788703459,9.19023970026918,8.25608813381491
2017,366,9901,182.0,49.73,49.72677595628415,9.200391041122515,49.0,801,10501,4001.0,4608.317073170731,41,6.68586094706836,9.259225769705994,8.294299608857235
2017,366,10001,182.0,49.73,49.72677595628415,9.210440366976517,49.0,801,10501,4001.0,4608.317073170731,41,6.68586094706836,9.259225769705994,8.294299608857235
2017,366,10101,181.0,49.45,49.45355191256831,9.220389707829185,49.0,801,10501,4001.0,4608.317073170731,41,6.68586094706836,9.259225769705994,8.294299608857235
2017,366,10201,181.0,49.45,49.45355191256831,9.23024103368252,49.0,801,10501,4001.0,4608.317073170731,41,6.68586094706836,9.259225769705994,8.294299608857235
2017,366,10301,181.0,49.45,49.45355191256831,9.239996256883693,49.0,801,10501,4001.0,4608.317073170731,41,6.68586094706836,9.259225769705994,8.294299608857235
2017,366,10401,180.0,49.18,49.18032786885246,9.249657234353133,49.0,801,10501,4001.0,4608.317073170731,41,6.68586094706836,9.259225769705994,8.294299608857235
2017,366,10501,180.0,49.18,49.18032786885246,9.259225769705994,49.0,801,10501,4001.0,4608.317073170731,41,6.68586094706836,9.259225769705994,8.294299608857235
2017,366,10601,179.0,48.91,48.90710382513661,9.268703615273097,48.0,901,11401,4251.0,4716.0,60,6.803505257608338,9.34145634983372,8.35490952835879
2017,366,10701,179.0,48.91,48.90710382513661,9.278092474027002,48.0,901,11401,4251.0,4716.0,60,6.803505257608338,9.34145634983372,8.35490952835879
2017,366,10801,178.0,48.63,48.63387978142077,9.287394001418473,48.0,901,11401,4251.0,4716.0,60,6.803505257608338,9.34145634983372,8.35490952835879
2017,366,10901,178.0,48.63,48.63387978142077,9.296609807128359,48.0,901,11401,4251.0,4716.0,60,6.803505257608338,9.34145634983372,8.35490952835879
2017,366,11001,177.0,48.36,48.36065573770492,9.305741456739435,48.0,901,11401,4251.0,4716.0,60,6.803505257608338,9.34145634983372,8.35490952835879
2017,366,11101,177.0,48.36,48.36065573770492,9.314790473332646,48.0,901,11401,4251.0,4716.0,60,6.803505257608338,9.34145634983372,8.35490952835879
2017,366,11201,177.0,48.36,48.36065573770492,9.32375833901174,48.0,901,11401,4251.0,4716.0,60,6.803505257608338,9.34145634983372,8.35490952835879
2017,366,11301,176.0,48.09,48.08743169398907,9.332646496360152,48.0,901,11401,4251.0,4716.0,60,6.803505257608338,9.34145634983372,8.35490952835879
2017,366,11401,176.0,48.09,48.08743169398907,9.34145634983372,48.0,901,11401,4251.0,4716.0,60,6.803505257608338,9.34145634983372,8.35490952835879
2017,366,11501,175.0,47.81,47.81420765027322,9.350189267092581,47.0,1001,12201,4001.0,4997.363636363636,55,6.90875477931522,9.409273194575334,8.294299608857235
2017,366,11601,175.0,47.81,47.81420765027322,9.358846580275406,47.0,1001,12201,4001.0,4997.363636363636,55,6.90875477931522,9.409273194575334,8.294299608857235
2017,366,11701,175.0,47.81,47.81420765027322,9.367429587218957,47.0,1001,12201,4001.0,4997.363636363636,55,6.90875477931522,9.409273194575334,8.294299608857235
2017,366,11801,174.0,47.54,47.540983606557376,9.375939552625749,47.0,1001,12201,4001.0,4997.363636363636,55,6.90875477931522,9.409273194575334,8.294299608857235
2017,366,11901,174.0,47.54,47.540983606557376,9.38437770918244,47.0,1001,12201,4001.0,4997.363636363636,55,6.90875477931522,9.409273194575334,8.294299608857235
2017,366,12001,174.0,47.54,47.540983606557376,9.392745258631441,47.0,1001,12201,4001.0,4997.363636363636,55,6.90875477931522,9.409273194575334,8.294299608857235
2017,366,12101,173.0,47.27,47.26775956284153,9.401043372798053,47.0,1001,12201,4001.0,4997.363636363636,55,6.90875477931522,9.409273194575334,8.294299608857235
2017,366,12201,173.0,47.27,47.26775956284153,9.409273194575334,47.0,1001,12201,4001.0,4997.363636363636,55,6.90875477931522,9.409273194575334,8.294299608857235
2017,366,12301,172.0,46.99,46.994535519125684,9.417435838868785,46.0,1101,13401,5351.0,5896.588235294118,68,7.00397413672268,9.503084610020228,8.585038738311304
2017,366,12401,172.0,46.99,46.994535519125684,9.425532393502772,46.0,1101,13401,5351.0,5896.588235294118,68,7.00397413672268,9.503084610020228,8.585038738311304
2017,366,12501,172.0,46.99,46.994535519125684,9.433563920090563,46.0,1101,13401,5351.0,5896.588235294118,68,7.00397413672268,9.503084610020228,8.585038738311304
2017,366,12601,171.0,46.72,46.72131147540984,9.441531454869693,46.0,1101,13401,5351.0,5896.588235294118,68,7.00397413672268,9.503084610020228,8.585038738311304
2017,366,12701,171.0,46.72,46.72131147540984,9.44943600950432,46.0,1101,13401,5351.0,5896.588235294118,68,7.00397413672268,9.503084610020228,8.585038738311304
2017,366,12801,171.0,46.72,46.72131147540984,9.45727857185611,46.0,1101,13401,5351.0,5896.588235294118,68,7.00397413672268,9.503084610020228,8.585038738311304
2017,366,12901,170.0,46.45,46.44808743169399,9.465060106725137,46.0,1101,13401,5351.0,5896.588235294118,68,7.00397413672268,9.503084610020228,8.585038738311304
2017,366,13001,170.0,46.45,46.44808743169399,9.472781556562168,46.0,1101,13401,5351.0,5896.588235294118,68,7.00397413672268,9.503084610020228,8.585038738311304
2017,366,13101,170.0,46.45,46.44808743169399,9.48044384215367,46.0,1101,13401,5351.0,5896.588235294118,68,7.00397413672268,9.503084610020228,8.585038738311304
2017,366,13201,169.0,46.17,46.17486338797814,9.488047863280759,46.0,1101,13401,5351.0,5896.588235294118,68,7.00397413672268,9.503084610020228,8.585038738311304
2017,366,13301,169.0,46.17,46.17486338797814,9.495594499353297,46.0,1101,13401,5351.0,5896.588235294118,68,7.00397413672268,9.503084610020228,8.585038738311304
2017,366,13401,169.0,46.17,46.17486338797814,9.503084610020228,46.0,1101,13401,5351.0,5896.588235294118,68,7.00397413672268,9.503084610020228,8.585038738311304
2017,366,13501,168.0,45.9,45.90163934426229,9.510519035757246,45.0,1201,14501,5701.0,6161.273972602739,73,7.0909098220799835,9.581972891547895,8.648396877031582
2017,366,13601,168.0,45.9,45.90163934426229,9.517898598432753,45.0,1201,14501,5701.0,6161.273972602739,73,7.0909098220799835,9.581972891547895,8.648396877031582
2017,366,13701,167.0,45.63,45.62841530054645,9.525224101853109,45.0,1201,14501,5701.0,6161.273972602739,73,7.0909098220799835,9.581972891547895,8.648396877031582
2017,366,13801,167.0,45.63,45.62841530054645,9.53249633228804,45.0,1201,14501,5701.0,6161.273972602739,73,7.0909098220799835,9.581972891547895,8.648396877031582
2017,366,13901,167.0,45.63,45.62841530054645,9.539716058977092,45.0,1201,14501,5701.0,6161.273972602739,73,7.0909098220799835,9.581972891547895,8.648396877031582
2017,366,14001,166.0,45.36,45.3551912568306,9.546884034617925,45.0,1201,14501,5701.0,6161.273972602739,73,7.0909098220799835,9.581972891547895,8.648396877031582
2017,366,14101,166.0,45.36,45.3551912568306,9.55400099583723,45.0,1201,14501,5701.0,6161.273972602739,73,7.0909098220799835,9.581972891547895,8.648396877031582
2017,366,14201,166.0,45.36,45.3551912568306,9.561067663645012,45.0,1201,14501,5701.0,6161.273972602739,73,7.0909098220799835,9.581972891547895,8.648396877031582
2017,366,14301,165.0,45.08,45.08196721311475,9.568084743872936,45.0,1201,14501,5701.0,6161.273972602739,73,7.0909098220799835,9.581972891547895,8.648396877031582
2017,366,14401,165.0,45.08,45.08196721311475,9.575052927597383,45.0,1201,14501,5701.0,6161.273972602739,73,7.0909098220799835,9.581972891547895,8.648396877031582
2017,366,14501,165.0,45.08,45.08196721311475,9.581972891547895,45.0,1201,14501,5701.0,6161.273972602739,73,7.0909098220799835,9.581972891547895,8.648396877031582
2017,366,14601,164.0,44.81,44.80874316939891,9.588845298501564,44.0,1301,15501,5401.0,6494.1506849315065,73,7.170888478512505,9.648659816955295,8.594339400592892
2017,366,14701,164.0,44.81,44.80874316939891,9.595670797663967,44.0,1301,15501,5401.0,6494.1506849315065,73,7.170888478512505,9.648659816955295,8.594339400592892
2017,366,14801,164.0,44.81,44.80874316939891,9.60245002503719,44.0,1301,15501,5401.0,6494.1506849315065,73,7.170888478512505,9.648659816955295,8.594339400592892
2017,366,14901,163.0,44.54,44.53551912568306,9.60918360377546,44.0,1301,15501,5401.0,6494.1506849315065,73,7.170888478512505,9.648659816955295,8.594339400592892
2017,366,15001,163.0,44.54,44.53551912568306,9.61587214452889,44.0,1301,15501,5401.0,6494.1506849315065,73,7.170888478512505,9.648659816955295,8.594339400592892
2017,366,15101,163.0,44.54,44.53551912568306,9.62251624577579,44.0,1301,15501,5401.0,6494.1506849315065,73,7.170888478512505,9.648659816955295,8.594339400592892
2017,366,15201,163.0,44.54,44.53551912568306,9.62911649414402,44.0,1301,15501,5401.0,6494.1506849315065,73,7.170888478512505,9.648659816955295,8.594339400592892
2017,366,15301,162.0,44.26,44.26229508196721,9.635673464721814,44.0,1301,15501,5401.0,6494.1506849315065,73,7.170888478512505,9.648659816955295,8.594339400592892
2017,366,15401,162.0,44.26,44.26229508196721,9.642187721358466,44.0,1301,15501,5401.0,6494.1506849315065,73,7.170888478512505,9.648659816955295,8.594339400592892
2017,366,15501,162.0,44.26,44.26229508196721,9.648659816955295,44.0,1301,15501,5401.0,6494.1506849315065,73,7.170888478512505,9.648659816955295,8.594339400592892
2017,366,15601,161.0,43.99,43.98907103825137,9.65509029374725,43.0,1501,16801,6951.0,7356.555555555556,90,7.313886831633462,9.729193687429403,8.846640813100485
2017,366,15701,161.0,43.99,43.98907103825137,9.661479683575521,43.0,1501,16801,6951.0,7356.555555555556,90,7.313886831633462,9.729193687429403,8.846640813100485
2017,366,15801,161.0,43.99,43.98907103825137,9.6678285081515,43.0,1501,16801,6951.0,7356.555555555556,90,7.313886831633462,9.729193687429403,8.846640813100485
2017,366,15901,160.0,43.72,43.71584699453552,9.674137279312397,43.0,1501,16801,6951.0,7356.555555555556,90,7.313886831633462,9.729193687429403,8.846640813100485
2017,366,16001,160.0,43.72,43.71584699453552,9.680406499268875,43.0,1501,16801,6951.0,7356.555555555556,90,7.313886831633462,9.729193687429403,8.846640813100485
2017,366,16101,160.0,43.72,43.71584699453552,9.686636660844938,43.0,1501,16801,6951.0,7356.555555555556,90,7.313886831633462,9.729193687429403,8.846640813100485
2017,366,16201,159.0,43.44,43.44262295081967,9.692828247710418,43.0,1501,16801,6951.0,7356.555555555556,90,7.313886831633462,9.729193687429403,8.846640813100485
2017,366,16301,159.0,43.44,43.44262295081967,9.69898173460629,43.0,1501,16801,6951.0,7356.555555555556,90,7.313886831633462,9.729193687429403,8.846640813100485
2017,366,16401,159.0,43.44,43.44262295081967,9.70509758756311,43.0,1501,16801,6951.0,7356.555555555556,90,7.313886831633462,9.729193687429403,8.846640813100485
2017,366,16501,159.0,43.44,43.44262295081967,9.711176264112805,43.0,1501,16801,6951.0,7356.555555555556,90,7.313886831633462,9.729193687429403,8.846640813100485
2017,366,16601,158.0,43.17,43.169398907103826,9.717218213494077,43.0,1501,16801,6951.0,7356.555555555556,90,7.313886831633462,9.729193687429403,8.846640813100485
2017,366,16701,158.0,43.17,43.169398907103826,9.723223876851618,43.0,1501,16801,6951.0,7356.555555555556,90,7.313886831633462,9.729193687429403,8.846640813100485
2017,366,16801,158.0,43.17,43.169398907103826,9.729193687429403,43.0,1501,16801,6951.0,7356.555555555556,90,7.313886831633462,9.729193687429403,8.846640813100485
2017,366,16901,157.0,42.9,42.89617486338798,9.735128070758227,42.0,1601,18401,7901.0,8481.459770114943,87,7.3783837129967145,9.820160289946374,8.974744612722734
2017,366,17001,157.0,42.9,42.89617486338798,9.741027444837728,42.0,1601,18401,7901.0,8481.459770114943,87,7.3783837129967145,9.820160289946374,8.974744612722734
2017,366,17101,157.0,42.9,42.89617486338798,9.746892220313054,42.0,1601,18401,7901.0,8481.459770114943,87,7.3783837129967145,9.820160289946374,8.974744612722734
2017,366,17201,157.0,42.9,42.89617486338798,9.75272280064639,42.0,1601,18401,7901.0,8481.459770114943,87,7.3783837129967145,9.820160289946374,8.974744612722734
2017,366,17301,156.0,42.62,42.62295081967213,9.758519582283522,42.0,1601,18401,7901.0,8481.459770114943,87,7.3783837129967145,9.820160289946374,8.974744612722734
2017,366,17401,156.0,42.62,42.62295081967213,9.76428295481558,42.0,1601,18401,7901.0,8481.459770114943,87,7.3783837129967145,9.820160289946374,8.974744612722734
2017,366,17501,156.0,42.62,42.62295081967213,9.770013301136158,42.0,1601,18401,7901.0,8481.459770114943,87,7.3783837129967145,9.820160289946374,8.974744612722734
2017,366,17601,155.0,42.35,42.349726775956285,9.77571099759397,42.0,1601,18401,7901.0,8481.459770114943,87,7.3783837129967145,9.820160289946374,8.974744612722734
2017,366,17701,155.0,42.35,42.349726775956285,9.781376414141157,42.0,1601,18401,7901.0,8481.459770114943,87,7.3783837129967145,9.820160289946374,8.974744612722734
2017,366,17801,155.0,42.35,42.349726775956285,9.787009914477434,42.0,1601,18401,7901.0,8481.459770114943,87,7.3783837129967145,9.820160289946374,8.974744612722734
2017,366,17901,155.0,42.35,42.349726775956285,9.792611856190192,42.0,1601,18401,7901.0,8481.459770114943,87,7.3783837129967145,9.820160289946374,8.974744612722734
2017,366,18001,154.0,42.08,42.07650273224044,9.798182590890704,42.0,1601,18401,7901.0,8481.459770114943,87,7.3783837129967145,9.820160289946374,8.974744612722734
2017,366,18101,154.0,42.08,42.07650273224044,9.803722464346553,42.0,1601,18401,7901.0,8481.459770114943,87,7.3783837129967145,9.820160289946374,8.974744612722734
2017,366,18201,154.0,42.08,42.07650273224044,9.809231816610408,42.0,1601,18401,7901.0,8481.459770114943,87,7.3783837129967145,9.820160289946374,8.974744612722734
2017,366,18301,154.0,42.08,42.07650273224044,9.814710982145282,42.0,1601,18401,7901.0,8481.459770114943,87,7.3783837129967145,9.820160289946374,8.974744612722734
2017,366,18401,154.0,42.08,42.07650273224044,9.820160289946374,42.0,1601,18401,7901.0,8481.459770114943,87,7.3783837129967145,9.820160289946374,8.974744612722734
2017,366,18501,153.0,41.8,41.80327868852459,9.825580063659602,41.0,1701,19401,7351.0,8254.125,96,7.438971592395862,9.873079890114703,8.902591637374087
2017,366,18601,153.0,41.8,41.80327868852459,9.83097062169695,41.0,1701,19401,7351.0,8254.125,96,7.438971592395862,9.873079890114703,8.902591637374087
2017,366,18701,152.0,41.53,41.53005464480874,9.83633227734872,41.0,1701,19401,7351.0,8254.125,96,7.438971592395862,9.873079890114703,8.902591637374087
2017,366,18801,152.0,41.53,41.53005464480874,9.841665338892785,41.0,1701,19401,7351.0,8254.125,96,7.438971592395862,9.873079890114703,8.902591637374087
2017,366,18901,152.0,41.53,41.53005464480874,9.846970109700957,41.0,1701,19401,7351.0,8254.125,96,7.438971592395862,9.873079890114703,8.902591637374087
2017,366,19001,152.0,41.53,41.53005464480874,9.852246888342531,41.0,1701,19401,7351.0,8254.125,96,7.438971592395862,9.873079890114703,8.902591637374087
2017,366,19101,151.0,41.26,41.2568306010929,9.857495968685136,41.0,1701,19401,7351.0,8254.125,96,7.438971592395862,9.873079890114703,8.902591637374087
2017,366,19201,151.0,41.26,41.2568306010929,9.862717639992917,41.0,1701,19401,7351.0,8254.125,96,7.438971592395862,9.873079890114703,8.902591637374087
2017,366,19301,151.0,41.26,41.2568306010929,9.867912187022208,41.0,1701,19401,7351.0,8254.125,96,7.438971592395862,9.873079890114703,8.902591637374087
2017,366,19401,151.0,41.26,41.2568306010929,9.873079890114703,41.0,1701,19401,7351.0,8254.125,96,7.438971592395862,9.873079890114703,8.902591637374087
2017,366,19501,150.0,40.98,40.98360655737705,9.87822102528824,40.0,1901,21101,8351.0,9465.406779661016,118,7.550135342488429,9.957075711706057,9.03013657115323
2017,366,19601,150.0,40.98,40.98360655737705,9.883335864325275,40.0,1901,21101,8351.0,9465.406779661016,118,7.550135342488429,9.957075711706057,9.03013657115323
2017,366,19701,150.0,40.98,40.98360655737705,9.888424674859083,40.0,1901,21101,8351.0,9465.406779661016,118,7.550135342488429,9.957075711706057,9.03013657115323
2017,366,19801,150.0,40.98,40.98360655737705,9.893487720457795,40.0,1901,21101,8351.0,9465.406779661016,118,7.550135342488429,9.957075711706057,9.03013657115323
2017,366,19901,149.0,40.71,40.7103825136612,9.898525260706313,40.0,1901,21101,8351.0,9465.406779661016,118,7.550135342488429,9.957075711706057,9.03013657115323
2017,366,20001,149.0,40.71,40.7103825136612,9.90353755128617,40.0,1901,21101,8351.0,9465.406779661016,118,7.550135342488429,9.957075711706057,9.03013657115323
2017,366,20101,149.0,40.71,40.7103825136612,9.908524844053396,40.0,1901,21101,8351.0,9465.406779661016,118,7.550135342488429,9.957075711706057,9.03013657115323
2017,366,20201,149.0,40.71,40.7103825136612,9.913487387114461,40.0,1901,21101,8351.0,9465.406779661016,118,7.550135342488429,9.957075711706057,9.03013657115323
2017,366,20301,148.0,40.44,40.43715846994536,9.918425424900335,40.0,1901,21101,8351.0,9465.406779661016,118,7.550135342488429,9.957075711706057,9.03013657115323
2017,366,20401,148.0,40.44,40.43715846994536,9.923339198238729,40.0,1901,21101,8351.0,9465.406779661016,118,7.550135342488429,9.957075711706057,9.03013657115323
2017,366,20501,148.0,40.44,40.43715846994536,9.928228944424575,40.0,1901,21101,8351.0,9465.406779661016,118,7.550135342488429,9.957075711706057,9.03013657115323
2017,366,20601,148.0,40.44,40.43715846994536,9.933094897288786,40.0,1901,21101,8351.0,9465.406779661016,118,7.550135342488429,9.957075711706057,9.03013657115323
2017,366,20701,147.0,40.16,40.16393442622951,9.937937287265354,40.0,1901,21101,8351.0,9465.406779661016,118,7.550135342488429,9.957075711706057,9.03013657115323
2017,366,20801,147.0,40.16,40.16393442622951,9.942756341456828,40.0,1901,21101,8351.0,9465.406779661016,118,7.550135342488429,9.957075711706057,9.03013657115323
2017,366,20901,147.0,40.16,40.16393442622951,9.94755228369823,40.0,1901,21101,8351.0,9465.406779661016,118,7.550135342488429,9.957075711706057,9.03013657115323
2017,366,21001,147.0,40.16,40.16393442622951,9.952325334619427,40.0,1901,21101,8351.0,9465.406779661016,118,7.550135342488429,9.957075711706057,9.03013657115323
2017,366,21101,147.0,40.16,40.16393442622951,9.957075711706057,40.0,1901,21101,8351.0,9465.406779661016,118,7.550135342488429,9.957075711706057,9.03013657115323
2017,366,21201,146.0,39.89,39.89071038251366,9.961803629358965,39.0,2201,22801,9351.0,10543.452830188678,106,7.696667081526462,10.034559673629849,9.143238568435446
2017,366,21301,146.0,39.89,39.89071038251366,9.966509298952284,39.0,2201,22801,9351.0,10543.452830188678,106,7.696667081526462,10.034559673629849,9.143238568435446
2017,366,21401,146.0,39.89,39.89071038251366,9.97119292889014,39.0,2201,22801,9351.0,10543.452830188678,106,7.696667081526462,10.034559673629849,9.143238568435446
2017,366,21501,146.0,39.89,39.89071038251366,9.975854724662028,39.0,2201,22801,9351.0,10543.452830188678,106,7.696667081526462,10.034559673629849,9.143238568435446
2017,366,21601,145.0,39.62,39.61748633879781,9.980494888896912,39.0,2201,22801,9351.0,10543.452830188678,106,7.696667081526462,10.034559673629849,9.143238568435446
2017,366,21701,145.0,39.62,39.61748633879781,9.985113621416073,39.0,2201,22801,9351.0,10543.452830188678,106,7.696667081526462,10.034559673629849,9.143238568435446
2017,366,21801,145.0,39.62,39.61748633879781,9.989711119284745,39.0,2201,22801,9351.0,10543.452830188678,106,7.696667081526462,10.034559673629849,9.143238568435446
2017,366,21901,145.0,39.62,39.61748633879781,9.994287576862567,39.0,2201,22801,9351.0,10543.452830188678,106,7.696667081526462,10.034559673629849,9.143238568435446
2017,366,22001,144.0,39.34,39.34426229508197,9.99884318585288,39.0,2201,22801,9351.0,10543.452830188678,106,7.696667081526462,10.034559673629849,9.143238568435446
2017,366,22101,144.0,39.34,39.34426229508197,10.003378135350923,39.0,2201,22801,9351.0,10543.452830188678,106,7.696667081526462,10.034559673629849,9.143238568435446
2017,366,22201,144.0,39.34,39.34426229508197,10.007892611890918,39.0,2201,22801,9351.0,10543.452830188678,106,7.696667081526462,10.034559673629849,9.143238568435446
2017,366,22301,144.0,39.34,39.34426229508197,10.012386799492118,39.0,2201,22801,9351.0,10543.452830188678,106,7.696667081526462,10.034559673629849,9.143238568435446
2017,366,22401,144.0,39.34,39.34426229508197,10.016860879703811,39.0,2201,22801,9351.0,10543.452830188678,106,7.696667081526462,10.034559673629849,9.143238568435446
2017,366,22501,143.0,39.07,39.07103825136612,10.021315031649332,39.0,2201,22801,9351.0,10543.452830188678,106,7.696667081526462,10.034559673629849,9.143238568435446
2017,366,22601,143.0,39.07,39.07103825136612,10.025749432069084,39.0,2201,22801,9351.0,10543.452830188678,106,7.696667081526462,10.034559673629849,9.143238568435446
2017,366,22701,143.0,39.07,39.07103825136612,10.030164255362632,39.0,2201,22801,9351.0,10543.452830188678,106,7.696667081526462,10.034559673629849,9.143238568435446
2017,366,22801,143.0,39.07,39.07103825136612,10.034559673629849,39.0,2201,22801,9351.0,10543.452830188678,106,7.696667081526462,10.034559673629849,9.143238568435446
2017,366,22901,142.0,38.8,38.79781420765027,10.038935856711177,38.0,2401,24201,11201.0,10851.40650406504,123,7.783640596221253,10.094149233605084,9.32375833901174
2017,366,23001,142.0,38.8,38.79781420765027,10.043292972227004,38.0,2401,24201,11201.0,10851.40650406504,123,7.783640596221253,10.094149233605084,9.32375833901174
2017,366,23101,142.0,38.8,38.79781420765027,10.047631185616188,38.0,2401,24201,11201.0,10851.40650406504,123,7.783640596221253,10.094149233605084,9.32375833901174
2017,366,23201,142.0,38.8,38.79781420765027,10.05195066017375,38.0,2401,24201,11201.0,10851.40650406504,123,7.783640596221253,10.094149233605084,9.32375833901174
2017,366,23301,142.0,38.8,38.79781420765027,10.056251557087757,38.0,2401,24201,11201.0,10851.40650406504,123,7.783640596221253,10.094149233605084,9.32375833901174
2017,366,23401,141.0,38.52,38.52459016393443,10.060534035475412,38.0,2401,24201,11201.0,10851.40650406504,123,7.783640596221253,10.094149233605084,9.32375833901174
2017,366,23501,141.0,38.52,38.52459016393443,10.064798252418377,38.0,2401,24201,11201.0,10851.40650406504,123,7.783640596221253,10.094149233605084,9.32375833901174
2017,366,23601,141.0,38.52,38.52459016393443,10.069044362997353,38.0,2401,24201,11201.0,10851.40650406504,123,7.783640596221253,10.094149233605084,9.32375833901174
2017,366,23701,141.0,38.52,38.52459016393443,10.073272520325904,38.0,2401,24201,11201.0,10851.40650406504,123,7.783640596221253,10.094149233605084,9.32375833901174
2017,366,23801,141.0,38.52,38.52459016393443,10.077482875583607,38.0,2401,24201,11201.0,10851.40650406504,123,7.783640596221253,10.094149233605084,9.32375833901174
2017,366,23901,140.0,38.25,38.25136612021858,10.081675578048475,38.0,2401,24201,11201.0,10851.40650406504,123,7.783640596221253,10.094149233605084,9.32375833901174
2017,366,24001,140.0,38.25,38.25136612021858,10.085850775128717,38.0,2401,24201,11201.0,10851.40650406504,123,7.783640596221253,10.094149233605084,9.32375833901174
2017,366,24101,140.0,38.25,38.25136612021858,10.090008612393838,38.0,2401,24201,11201.0,10851.40650406504,123,7.783640596221253,10.094149233605084,9.32375833901174
2017,366,24201,140.0,38.25,38.25136612021858,10.094149233605084,38.0,2401,24201,11201.0,10851.40650406504,123,7.783640596221253,10.094149233605084,9.32375833901174
2017,366,24301,139.0,37.98,37.97814207650273,10.098272780745283,37.0,2701,26201,12601.0,12353.713178294574,129,7.901377353792616,10.173552856959743,9.441531454869693
2017,366,24401,139.0,37.98,37.97814207650273,10.102379394048045,37.0,2701,26201,12601.0,12353.713178294574,129,7.901377353792616,10.173552856959743,9.441531454869693
2017,366,24501,139.0,37.98,37.97814207650273,10.106469212026385,37.0,2701,26201,12601.0,12353.713178294574,129,7.901377353792616,10.173552856959743,9.441531454869693
2017,366,24601,139.0,37.98,37.97814207650273,10.110542371500753,37.0,2701,26201,12601.0,12353.713178294574,129,7.901377353792616,10.173552856959743,9.441531454869693
2017,366,24701,139.0,37.98,37.97814207650273,10.114599007626499,37.0,2701,26201,12601.0,12353.713178294574,129,7.901377353792616,10.173552856959743,9.441531454869693
2017,366,24801,138.0,37.7,37.704918032786885,10.118639253920785,37.0,2701,26201,12601.0,12353.713178294574,129,7.901377353792616,10.173552856959743,9.441531454869693
2017,366,24901,138.0,37.7,37.704918032786885,10.122663242288953,37.0,2701,26201,12601.0,12353.713178294574,129,7.901377353792616,10.173552856959743,9.441531454869693
2017,366,25001,138.0,37.7,37.704918032786885,10.12667110305036,37.0,2701,26201,12601.0,12353.713178294574,129,7.901377353792616,10.173552856959743,9.441531454869693
2017,366,25101,138.0,37.7,37.704918032786885,10.130662964963708,37.0,2701,26201,12601.0,12353.713178294574,129,7.901377353792616,10.173552856959743,9.441531454869693
2017,366,25201,138.0,37.7,37.704918032786885,10.134638955251866,37.0,2701,26201,12601.0,12353.713178294574,129,7.901377353792616,10.173552856959743,9.441531454869693
2017,366,25301,137.0,37.43,37.43169398907104,10.138599199626192,37.0,2701,26201,12601.0,12353.713178294574,129,7.901377353792616,10.173552856959743,9.441531454869693
2017,366,25401,137.0,37.43,37.43169398907104,10.142543822310387,37.0,2701,26201,12601.0,12353.713178294574,129,7.901377353792616,10.173552856959743,9.441531454869693
2017,366,25501,137.0,37.43,37.43169398907104,10.146472946063877,37.0,2701,26201,12601.0,12353.713178294574,129,7.901377353792616,10.173552856959743,9.441531454869693
2017,366,25601,137.0,37.43,37.43169398907104,10.150386692204734,37.0,2701,26201,12601.0,12353.713178294574,129,7.901377353792616,10.173552856959743,9.441531454869693
2017,366,25701,137.0,37.43,37.43169398907104,10.154285180632154,37.0,2701,26201,12601.0,12353.713178294574,129,7.901377353792616,10.173552856959743,9.441531454869693
2017,366,25801,136.0,37.16,37.15846994535519,10.158168529848494,37.0,2701,26201,12601.0,12353.713178294574,129,7.901377353792616,10.173552856959743,9.441531454869693
2017,366,25901,136.0,37.16,37.15846994535519,10.16203685698089,37.0,2701,26201,12601.0,12353.713178294574,129,7.901377353792616,10.173552856959743,9.441531454869693
2017,366,26001,136.0,37.16,37.15846994535519,10.165890277802454,37.0,2701,26201,12601.0,12353.713178294574,129,7.901377353792616,10.173552856959743,9.441531454869693
2017,366,26101,136.0,37.16,37.15846994535519,10.169728906753061,37.0,2701,26201,12601.0,12353.713178294574,129,7.901377353792616,10.173552856959743,9.441531454869693
2017,366,26201,136.0,37.16,37.15846994535519,10.173552856959743,37.0,2701,26201,12601.0,12353.713178294574,129,7.901377353792616,10.173552856959743,9.441531454869693
2017,366,26301,135.0,36.89,36.885245901639344,10.177362240256695,36.0,2901,28401,13701.0,13498.278911564626,147,7.972810784121404,10.254179634797001,9.525224101853109
2017,366,26401,135.0,36.89,36.885245901639344,10.181157167204903,36.0,2901,28401,13701.0,13498.278911564626,147,7.972810784121404,10.254179634797001,9.525224101853109
2017,366,26501,135.0,36.89,36.885245901639344,10.184937747111391,36.0,2901,28401,13701.0,13498.278911564626,147,7.972810784121404,10.254179634797001,9.525224101853109
2017,366,26601,135.0,36.89,36.885245901639344,10.188704088048116,36.0,2901,28401,13701.0,13498.278911564626,147,7.972810784121404,10.254179634797001,9.525224101853109
2017,366,26701,135.0,36.89,36.885245901639344,10.192456296870509,36.0,2901,28401,13701.0,13498.278911564626,147,7.972810784121404,10.254179634797001,9.525224101853109
2017,366,26801,135.0,36.89,36.885245901639344,10.196194479235656,36.0,2901,28401,13701.0,13498.278911564626,147,7.972810784121404,10.254179634797001,9.525224101853109
2017,366,26901,135.0,36.89,36.885245901639344,10.199918739620157,36.0,2901,28401,13701.0,13498.278911564626,147,7.972810784121404,10.254179634797001,9.525224101853109
2017,366,27001,135.0,36.89,36.885245901639344,10.203629181337648,36.0,2901,28401,13701.0,13498.278911564626,147,7.972810784121404,10.254179634797001,9.525224101853109
2017,366,27101,134.0,36.61,36.6120218579235,10.207325906555994,36.0,2901,28401,13701.0,13498.278911564626,147,7.972810784121404,10.254179634797001,9.525224101853109
2017,366,27201,134.0,36.61,36.6120218579235,10.211009016314167,36.0,2901,28401,13701.0,13498.278911564626,147,7.972810784121404,10.254179634797001,9.525224101853109
2017,366,27301,134.0,36.61,36.6120218579235,10.214678610538817,36.0,2901,28401,13701.0,13498.278911564626,147,7.972810784121404,10.254179634797001,9.525224101853109
2017,366,27401,133.0,36.34,36.33879781420765,10.21833478806055,36.0,2901,28401,13701.0,13498.278911564626,147,7.972810784121404,10.254179634797001,9.525224101853109
2017,366,27501,133.0,36.34,36.33879781420765,10.221977646629885,36.0,2901,28401,13701.0,13498.278911564626,147,7.972810784121404,10.254179634797001,9.525224101853109
2017,366,27601,133.0,36.34,36.33879781420765,10.225607282932941,36.0,2901,28401,13701.0,13498.278911564626,147,7.972810784121404,10.254179634797001,9.525224101853109
2017,366,27701,133.0,36.34,36.33879781420765,10.229223792606835,36.0,2901,28401,13701.0,13498.278911564626,147,7.972810784121404,10.254179634797001,9.525224101853109
2017,366,27801,133.0,36.34,36.33879781420765,10.2328272702548,36.0,2901,28401,13701.0,13498.278911564626,147,7.972810784121404,10.254179634797001,9.525224101853109
2017,366,27901,132.0,36.07,36.0655737704918,10.236417809461043,36.0,2901,28401,13701.0,13498.278911564626,147,7.972810784121404,10.254179634797001,9.525224101853109
2017,366,28001,132.0,36.07,36.0655737704918,10.239995502805316,36.0,2901,28401,13701.0,13498.278911564626,147,7.972810784121404,10.254179634797001,9.525224101853109
2017,366,28101,132.0,36.07,36.0655737704918,10.243560441877241,36.0,2901,28401,13701.0,13498.278911564626,147,7.972810784121404,10.254179634797001,9.525224101853109
2017,366,28201,132.0,36.07,36.0655737704918,10.247112717290387,36.0,2901,28401,13701.0,13498.278911564626,147,7.972810784121404,10.254179634797001,9.525224101853109
2017,366,28301,132.0,36.07,36.0655737704918,10.250652418696085,36.0,2901,28401,13701.0,13498.278911564626,147,7.972810784121404,10.254179634797001,9.525224101853109
2017,366,28401,132.0,36.07,36.0655737704918,10.254179634797001,36.0,2901,28401,13701.0,13498.278911564626,147,7.972810784121404,10.254179634797001,9.525224101853109
2017,366,28501,131.0,35.79,35.79234972677596,10.25769445336048,35.0,3201,30101,15251.0,14490.583333333334,144,8.071218539969863,10.31231367277647,9.632400353656184
2017,366,28601,131.0,35.79,35.79234972677596,10.261196961231647,35.0,3201,30101,15251.0,14490.583333333334,144,8.071218539969863,10.31231367277647,9.632400353656184
2017,366,28701,131.0,35.79,35.79234972677596,10.264687244346277,35.0,3201,30101,15251.0,14490.583333333334,144,8.071218539969863,10.31231367277647,9.632400353656184
2017,366,28801,131.0,35.79,35.79234972677596,10.268165387743457,35.0,3201,30101,15251.0,14490.583333333334,144,8.071218539969863,10.31231367277647,9.632400353656184
2017,366,28901,131.0,35.79,35.79234972677596,10.27163147557801,35.0,3201,30101,15251.0,14490.583333333334,144,8.071218539969863,10.31231367277647,9.632400353656184
2017,366,29001,130.0,35.52,35.51912568306011,10.275085591132715,35.0,3201,30101,15251.0,14490.583333333334,144,8.071218539969863,10.31231367277647,9.632400353656184
2017,366,29101,130.0,35.52,35.51912568306011,10.278527816830314,35.0,3201,30101,15251.0,14490.583333333334,144,8.071218539969863,10.31231367277647,9.632400353656184
2017,366,29201,130.0,35.52,35.51912568306011,10.281958234245314,35.0,3201,30101,15251.0,14490.583333333334,144,8.071218539969863,10.31231367277647,9.632400353656184
2017,366,29301,130.0,35.52,35.51912568306011,10.285376924115587,35.0,3201,30101,15251.0,14490.583333333334,144,8.071218539969863,10.31231367277647,9.632400353656184
2017,366,29401,130.0,35.52,35.51912568306011,10.288783966353765,35.0,3201,30101,15251.0,14490.583333333334,144,8.071218539969863,10.31231367277647,9.632400353656184
2017,366,29501,130.0,35.52,35.51912568306011,10.292179440058462,35.0,3201,30101,15251.0,14490.583333333334,144,8.071218539969863,10.31231367277647,9.632400353656184
2017,366,29601,129.0,35.25,35.24590163934426,10.295563423525277,35.0,3201,30101,15251.0,14490.583333333334,144,8.071218539969863,10.31231367277647,9.632400353656184
2017,366,29701,129.0,35.25,35.24590163934426,10.298935994257638,35.0,3201,30101,15251.0,14490.583333333334,144,8.071218539969863,10.31231367277647,9.632400353656184
2017,366,29801,129.0,35.25,35.24590163934426,10.30229722897745,35.0,3201,30101,15251.0,14490.583333333334,144,8.071218539969863,10.31231367277647,9.632400353656184
2017,366,29901,129.0,35.25,35.24590163934426,10.305647203635566,35.0,3201,30101,15251.0,14490.583333333334,144,8.071218539969863,10.31231367277647,9.632400353656184
2017,366,30001,129.0,35.25,35.24590163934426,10.308985993422082,35.0,3201,30101,15251.0,14490.583333333334,144,8.071218539969863,10.31231367277647,9.632400353656184
2017,366,30101,129.0,35.25,35.24590163934426,10.31231367277647,35.0,3201,30101,15251.0,14490.583333333334,144,8.071218539969863,10.31231367277647,9.632400353656184
2017,366,30201,128.0,34.97,34.97267759562842,10.315630315397533,34.0,3601,30801,11051.0,13145.68085106383,94,8.188966863648876,10.335302435967074,9.310276200588783
2017,366,30301,128.0,34.97,34.97267759562842,10.318935994253193,34.0,3601,30801,11051.0,13145.68085106383,94,8.188966863648876,10.335302435967074,9.310276200588783
2017,366,30401,128.0,34.97,34.97267759562842,10.322230781590136,34.0,3601,30801,11051.0,13145.68085106383,94,8.188966863648876,10.335302435967074,9.310276200588783
2017,366,30501,128.0,34.97,34.97267759562842,10.32551474894327,34.0,3601,30801,11051.0,13145.68085106383,94,8.188966863648876,10.335302435967074,9.310276200588783
2017,366,30601,128.0,34.97,34.97267759562842,10.328787967145063,34.0,3601,30801,11051.0,13145.68085106383,94,8.188966863648876,10.335302435967074,9.310276200588783
2017,366,30701,128.0,34.97,34.97267759562842,10.332050506334692,34.0,3601,30801,11051.0,13145.68085106383,94,8.188966863648876,10.335302435967074,9.310276200588783
2017,366,30801,127.0,34.7,34.69945355191257,10.335302435967074,34.0,3601,30801,11051.0,13145.68085106383,94,8.188966863648876,10.335302435967074,9.310276200588783
2018,360,1,337.0,93.61,93.61111111111111,0.0,93.0,1,1,1.0,1.0,3,0.0,0.0,0.0
2018,360,11,309.0,85.83,85.83333333333333,2.3978952727983707,85.0,1,51,11.0,21.0,3,0.0,3.9318256327243257,2.3978952727983707
2018,360,51,283.0,78.61,78.61111111111111,3.9318256327243257,78.0,11,301,101.0,133.0,5,2.3978952727983707,5.707110264748875,4.61512051684126
2018,360,101,272.0,75.56,75.55555555555556,4.61512051684126,75.0,51,601,101.0,193.85714285714286,7,3.9318256327243257,6.398594934535208,4.61512051684126
2018,360,201,258.0,71.67,71.66666666666667,5.303304908059076,71.0,201,1101,301.0,481.0,5,5.303304908059076,7.00397413672268,5.707110264748875
2018,360,301,247.0,68.61,68.61111111111111,5.707110264748875,68.0,201,1701,401.0,616.3846153846154,13,5.303304908059076,7.438971592395862,5.993961427306569
2018,360,401,240.0,66.67,66.66666666666666,5.993961427306569,66.0,101,2101,551.0,801.0,10,4.61512051684126,7.650168700845001,6.311734809152915
2018,360,501,233.0,64.72,64.72222222222223,6.2166061010848646,64.0,301,2601,701.0,1047.1538461538462,13,5.707110264748875,7.8636512654486515,6.55250788703459
2018,360,601,227.0,63.06,63.05555555555556,6.398594934535208,63.0,301,3001,1001.0,1371.5882352941176,17,5.707110264748875,8.006700845440367,6.90875477931522
2018,360,701,223.0,61.94,61.94444444444444,6.55250788703459,61.0,201,3601,901.0,1305.7619047619048,21,5.303304908059076,8.188966863648876,6.803505257608338
2018,360,801,219.0,60.83,60.83333333333333,6.68586094706836,60.0,501,3901,1401.0,1687.9565217391305,23,6.2166061010848646,8.268988209506656,7.244941546337007
2018,360,901,216.0,60.0,60.0,6.803505257608338,60.0,501,3901,1401.0,1687.9565217391305,23,6.2166061010848646,8.268988209506656,7.244941546337007
2018,360,1001,213.0,59.17,59.166666666666664,6.90875477931522,59.0,501,4401,1701.0,2232.5789473684213,19,6.2166061010848646,8.38958706681109,7.438971592395862
2018,360,1101,210.0,58.33,58.333333333333336,7.00397413672268,58.0,301,4801,1501.0,1926.9259259259259,27,5.707110264748875,8.476579508530941,7.313886831633462
2018,360,1201,207.0,57.5,57.49999999999999,7.0909098220799835,57.0,601,5201,1901.0,2273.0,25,6.398594934535208,8.556606193773073,7.550135342488429
2018,360,1301,204.0,56.67,56.666666666666664,7.170888478512505,56.0,401,5901,2101.0,2678.1428571428573,35,5.993961427306569,8.682877107057168,7.650168700845001
2018,360,1401,202.0,56.11,56.111111111111114,7.244941546337007,56.0,401,5901,2101.0,2678.1428571428573,35,5.993961427306569,8.682877107057168,7.650168700845001
2018,360,1501,200.0,55.56,55.55555555555556,7.313886831633462,55.0,401,6301,2201.0,2607.25,32,5.993961427306569,8.748463629942055,7.696667081526462
2018,360,1601,198.0,55.0,55.00000000000001,7.3783837129967145,55.0,401,6301,2201.0,2607.25,32,5.993961427306569,8.748463629942055,7.696667081526462
2018,360,1701,196.0,54.44,54.44444444444444,7.438971592395862,54.0,501,6901,2651.0,3181.5555555555557,36,6.2166061010848646,8.839421607620602,7.8826922062890254
2018,360,1801,195.0,54.17,54.166666666666664,7.496097345175956,54.0,501,6901,2651.0,3181.5555555555557,36,6.2166061010848646,8.839421607620602,7.8826922062890254
2018,360,1901,193.0,53.61,53.61111111111111,7.550135342488429,53.0,501,7601,2901.0,3366.1162790697676,43,6.2166061010848646,8.936035096566041,7.972810784121404
2018,360,2001,191.0,53.06,53.05555555555556,7.601402334583733,53.0,501,7601,2901.0,3366.1162790697676,43,6.2166061010848646,8.936035096566041,7.972810784121404
2018,360,2101,190.0,52.78,52.77777777777778,7.650168700845001,52.0,701,8101,2901.0,3608.317073170732,41,6.55250788703459,8.999742789830492,7.972810784121404
2018,360,2201,188.0,52.22,52.22222222222223,7.696667081526462,52.0,701,8101,2901.0,3608.317073170732,41,6.55250788703459,8.999742789830492,7.972810784121404
2018,360,2301,187.0,51.94,51.94444444444445,7.741099090035366,51.0,601,8901,3451.0,3991.740740740741,54,6.398594934535208,9.093918908958932,8.146419323098003
2018,360,2401,185.0,51.39,51.388888888888886,7.783640596221253,51.0,601,8901,3451.0,3991.740740740741,54,6.398594934535208,9.093918908958932,8.146419323098003
2018,360,2501,184.0,51.11,51.11111111111111,7.824445930877619,51.0,601,8901,3451.0,3991.740740740741,54,6.398594934535208,9.093918908958932,8.146419323098003
2018,360,2601,182.0,50.56,50.55555555555556,7.8636512654486515,50.0,701,9801,3851.0,4534.333333333333,60,6.55250788703459,9.19023970026918,8.25608813381491
2018,360,2701,181.0,50.28,50.27777777777778,7.901377353792616,50.0,701,9801,3851.0,4534.333333333333,60,6.55250788703459,9.19023970026918,8.25608813381491
2018,360,2801,180.0,50.0,50.0,7.937731775260109,50.0,701,9801,3851.0,4534.333333333333,60,6.55250788703459,9.19023970026918,8.25608813381491
2018,360,2901,179.0,49.72,49.72222222222222,7.972810784121404,49.0,801,10501,4001.0,4608.317073170731,41,6.68586094706836,9.259225769705994,8.294299608857235
2018,360,3001,177.0,49.17,49.166666666666664,8.006700845440367,49.0,801,10501,4001.0,4608.317073170731,41,6.68586094706836,9.259225769705994,8.294299608857235
2018,360,3101,176.0,48.89,48.888888888888886,8.03947991910045,48.0,901,11401,4251.0,4716.0,60,6.803505257608338,9.34145634983372,8.35490952835879
2018,360,3201,175.0,48.61,48.61111111111111,8.071218539969863,48.0,901,11401,4251.0,4716.0,60,6.803505257608338,9.34145634983372,8.35490952835879
2018,360,3301,174.0,48.33,48.333333333333336,8.101980731853192,48.0,901,11401,4251.0,4716.0,60,6.803505257608338,9.34145634983372,8.35490952835879
2018,360,3401,173.0,48.06,48.05555555555556,8.131824785007195,48.0,901,11401,4251.0,4716.0,60,6.803505257608338,9.34145634983372,8.35490952835879
2018,360,3501,172.0,47.78,47.77777777777778,8.160803920954665,47.0,1001,12201,4001.0,4997.363636363636,55,6.90875477931522,9.409273194575334,8.294299608857235
2018,360,3601,171.0,47.5,47.5,8.188966863648876,47.0,1001,12201,4001.0,4997.363636363636,55,6.90875477931522,9.409273194575334,8.294299608857235
2018,360,3701,170.0,47.22,47.22222222222222,8.216358332386156,47.0,1001,12201,4001.0,4997.363636363636,55,6.90875477931522,9.409273194575334,8.294299608857235
2018,360,3801,169.0,46.94,46.94444444444444,8.24301946898925,46.0,1101,13401,5351.0,5896.588235294118,68,7.00397413672268,9.503084610020228,8.585038738311304
2018,360,3901,168.0,46.67,46.666666666666664,8.268988209506656,46.0,1101,13401,5351.0,5896.588235294118,68,7.00397413672268,9.503084610020228,8.585038738311304
2018,360,4001,167.0,46.39,46.38888888888889,8.294299608857235,46.0,1101,13401,5351.0,5896.588235294118,68,7.00397413672268,9.503084610020228,8.585038738311304
2018,360,4101,166.0,46.11,46.111111111111114,8.31898612539206,46.0,1101,13401,5351.0,5896.588235294118,68,7.00397413672268,9.503084610020228,8.585038738311304
2018,360,4201,165.0,45.83,45.83333333333333,8.343077871169383,45.0,1201,14501,5701.0,6161.273972602739,73,7.0909098220799835,9.581972891547895,8.648396877031582
2018,360,4301,164.0,45.56,45.55555555555556,8.366602832783736,45.0,1201,14501,5701.0,6161.273972602739,73,7.0909098220799835,9.581972891547895,8.648396877031582
2018,360,4401,164.0,45.56,45.55555555555556,8.38958706681109,45.0,1201,14501,5701.0,6161.273972602739,73,7.0909098220799835,9.581972891547895,8.648396877031582
2018,360,4501,163.0,45.28,45.27777777777778,8.412054873292933,45.0,1201,14501,5701.0,6161.273972602739,73,7.0909098220799835,9.581972891547895,8.648396877031582
2018,360,4601,162.0,45.0,45.0,8.434028950155469,45.0,1201,14501,5701.0,6161.273972602739,73,7.0909098220799835,9.581972891547895,8.648396877031582
2018,360,4701,161.0,44.72,44.72222222222222,8.45553053102413,44.0,1301,15501,5401.0,6494.1506849315065,73,7.170888478512505,9.648659816955295,8.594339400592892
2018,360,4801,160.0,44.44,44.44444444444444,8.476579508530941,44.0,1301,15501,5401.0,6494.1506849315065,73,7.170888478512505,9.648659816955295,8.594339400592892
2018,360,4901,159.0,44.17,44.166666666666664,8.497194544909547,44.0,1301,15501,5401.0,6494.1506849315065,73,7.170888478512505,9.648659816955295,8.594339400592892
2018,360,5001,158.0,43.89,43.888888888888886,8.517393171418904,43.0,1501,16801,6951.0,7356.555555555556,90,7.313886831633462,9.729193687429403,8.846640813100485
2018,360,5101,158.0,43.89,43.888888888888886,8.537191877922927,43.0,1501,16801,6951.0,7356.555555555556,90,7.313886831633462,9.729193687429403,8.846640813100485
2018,360,5201,157.0,43.61,43.611111111111114,8.556606193773073,43.0,1501,16801,6951.0,7356.555555555556,90,7.313886831633462,9.729193687429403,8.846640813100485
2018,360,5301,156.0,43.33,43.333333333333336,8.575650760987806,43.0,1501,16801,6951.0,7356.555555555556,90,7.313886831633462,9.729193687429403,8.846640813100485
2018,360,5401,155.0,43.06,43.05555555555556,8.594339400592892,43.0,1501,16801,6951.0,7356.555555555556,90,7.313886831633462,9.729193687429403,8.846640813100485
2018,360,5501,154.0,42.78,42.77777777777778,8.612685172875459,42.0,1601,18401,7901.0,8481.459770114943,87,7.3783837129967145,9.820160289946374,8.974744612722734
2018,360,5601,154.0,42.78,42.77777777777778,8.630700432209832,42.0,1601,18401,7901.0,8481.459770114943,87,7.3783837129967145,9.820160289946374,8.974744612722734
2018,360,5701,153.0,42.5,42.5,8.648396877031582,42.0,1601,18401,7901.0,8481.459770114943,87,7.3783837129967145,9.820160289946374,8.974744612722734
2018,360,5801,152.0,42.22,42.22222222222222,8.665785595466064,42.0,1601,18401,7901.0,8481.459770114943,87,7.3783837129967145,9.820160289946374,8.974744612722734
2018,360,5901,152.0,42.22,42.22222222222222,8.682877107057168,42.0,1601,18401,7901.0,8481.459770114943,87,7.3783837129967145,9.820160289946374,8.974744612722734
2018,360,6001,151.0,41.94,41.94444444444444,8.699681400989514,41.0,1701,19401,7351.0,8254.125,96,7.438971592395862,9.873079890114703,8.902591637374087
2018,360,6101,150.0,41.67,41.66666666666667,8.716207971151853,41.0,1701,19401,7351.0,8254.125,96,7.438971592395862,9.873079890114703,8.902591637374087
2018,360,6201,150.0,41.67,41.66666666666667,8.732465848349879,41.0,1701,19401,7351.0,8254.125,96,7.438971592395862,9.873079890114703,8.902591637374087
2018,360,6301,149.0,41.39,41.388888888888886,8.748463629942055,41.0,1701,19401,7351.0,8254.125,96,7.438971592395862,9.873079890114703,8.902591637374087
2018,360,6401,148.0,41.11,41.11111111111111,8.764209507142004,41.0,1701,19401,7351.0,8254.125,96,7.438971592395862,9.873079890114703,8.902591637374087
2018,360,6501,148.0,41.11,41.11111111111111,8.77971129020447,41.0,1701,19401,7351.0,8254.125,96,7.438971592395862,9.873079890114703,8.902591637374087
2018,360,6601,147.0,40.83,40.833333333333336,8.79497643168877,40.0,1901,21101,8351.0,9465.406779661016,118,7.550135342488429,9.957075711706057,9.03013657115323
2018,360,6701,147.0,40.83,40.833333333333336,8.81001204797317,40.0,1901,21101,8351.0,9465.406779661016,118,7.550135342488429,9.957075711706057,9.03013657115323
2018,360,6801,146.0,40.56,40.55555555555556,8.824824939175638,40.0,1901,21101,8351.0,9465.406779661016,118,7.550135342488429,9.957075711706057,9.03013657115323
2018,360,6901,145.0,40.28,40.27777777777778,8.839421607620602,40.0,1901,21101,8351.0,9465.406779661016,118,7.550135342488429,9.957075711706057,9.03013657115323
2018,360,7001,145.0,40.28,40.27777777777778,8.853808274977197,40.0,1901,21101,8351.0,9465.406779661016,118,7.550135342488429,9.957075711706057,9.03013657115323
2018,360,7101,144.0,40.0,40.0,8.867990898182093,40.0,1901,21101,8351.0,9465.406779661016,118,7.550135342488429,9.957075711706057,9.03013657115323
2018,360,7201,144.0,40.0,40.0,8.881975184248867,40.0,1901,21101,8351.0,9465.406779661016,118,7.550135342488429,9.957075711706057,9.03013657115323
2018,360,7301,143.0,39.72,39.72222222222222,8.895766604056085,39.0,2201,22801,9351.0,10543.452830188678,106,7.696667081526462,10.034559673629849,9.143238568435446
2018,360,7401,143.0,39.72,39.72222222222222,8.909370405197466,39.0,2201,22801,9351.0,10543.452830188678,106,7.696667081526462,10.034559673629849,9.143238568435446
2018,360,7501,142.0,39.44,39.44444444444444,8.922791623969637,39.0,2201,22801,9351.0,10543.452830188678,106,7.696667081526462,10.034559673629849,9.143238568435446
2018,360,7601,142.0,39.44,39.44444444444444,8.936035096566041,39.0,2201,22801,9351.0,10543.452830188678,106,7.696667081526462,10.034559673629849,9.143238568435446
2018,360,7701,141.0,39.17,39.166666666666664,8.94910546953925,39.0,2201,22801,9351.0,10543.452830188678,106,7.696667081526462,10.034559673629849,9.143238568435446
2018,360,7801,140.0,38.89,38.88888888888889,8.962007209588313,38.0,2401,24201,11201.0,10851.40650406504,123,7.783640596221253,10.094149233605084,9.32375833901174
2018,360,7901,140.0,38.89,38.88888888888889,8.974744612722734,38.0,2401,24201,11201.0,10851.40650406504,123,7.783640596221253,10.094149233605084,9.32375833901174
2018,360,8001,139.0,38.61,38.611111111111114,8.987321812850125,38.0,2401,24201,11201.0,10851.40650406504,123,7.783640596221253,10.094149233605084,9.32375833901174
2018,360,8101,139.0,38.61,38.611111111111114,8.999742789830492,38.0,2401,24201,11201.0,10851.40650406504,123,7.783640596221253,10.094149233605084,9.32375833901174
2018,360,8201,138.0,38.33,38.333333333333336,9.012011377036412,38.0,2401,24201,11201.0,10851.40650406504,123,7.783640596221253,10.094149233605084,9.32375833901174
2018,360,8301,138.0,38.33,38.333333333333336,9.024131268455035,38.0,2401,24201,11201.0,10851.40650406504,123,7.783640596221253,10.094149233605084,9.32375833901174
2018,360,8401,137.0,38.06,38.05555555555556,9.036106025364846,38.0,2401,24201,11201.0,10851.40650406504,123,7.783640596221253,10.094149233605084,9.32375833901174
2018,360,8501,137.0,38.06,38.05555555555556,9.04793908261736,38.0,2401,24201,11201.0,10851.40650406504,123,7.783640596221253,10.094149233605084,9.32375833901174
2018,360,8601,136.0,37.78,37.77777777777778,9.059633754551479,37.0,2701,26201,12601.0,12353.713178294574,129,7.901377353792616,10.173552856959743,9.441531454869693
2018,360,8701,136.0,37.78,37.77777777777778,9.071193240566025,37.0,2701,26201,12601.0,12353.713178294574,129,7.901377353792616,10.173552856959743,9.441531454869693
2018,360,8801,135.0,37.5,37.5,9.082620630373812,37.0,2701,26201,12601.0,12353.713178294574,129,7.901377353792616,10.173552856959743,9.441531454869693
2018,360,8901,135.0,37.5,37.5,9.093918908958932,37.0,2701,26201,12601.0,12353.713178294574,129,7.901377353792616,10.173552856959743,9.441531454869693
2018,360,9001,135.0,37.5,37.5,9.105090961257085,37.0,2701,26201,12601.0,12353.713178294574,129,7.901377353792616,10.173552856959743,9.441531454869693
2018,360,9101,134.0,37.22,37.22222222222222,9.116139576577355,37.0,2701,26201,12601.0,12353.713178294574,129,7.901377353792616,10.173552856959743,9.441531454869693
2018,360,9201,134.0,37.22,37.22222222222222,9.127067452782361,37.0,2701,26201,12601.0,12353.713178294574,129,7.901377353792616,10.173552856959743,9.441531454869693
2018,360,9301,133.0,36.94,36.94444444444444,9.137877200242468,36.0,2901,28401,13701.0,13498.278911564626,147,7.972810784121404,10.254179634797001,9.525224101853109
2018,360,9401,133.0,36.94,36.94444444444444,9.148571345578551,36.0,2901,28401,13701.0,13498.278911564626,147,7.972810784121404,10.254179634797001,9.525224101853109
2018,360,9501,132.0,36.67,36.666666666666664,9.15915233520675,36.0,2901,28401,13701.0,13498.278911564626,147,7.972810784121404,10.254179634797001,9.525224101853109
2018,360,9601,132.0,36.67,36.666666666666664,9.169622538697624,36.0,2901,28401,13701.0,13498.278911564626,147,7.972810784121404,10.254179634797001,9.525224101853109
2018,360,9701,131.0,36.39,36.388888888888886,9.179984251961283,36.0,2901,28401,13701.0,13498.278911564626,147,7.972810784121404,10.254179634797001,9.525224101853109
2018,360,9801,131.0,36.39,36.388888888888886,9.19023970026918,36.0,2901,28401,13701.0,13498.278911564626,147,7.972810784121404,10.254179634797001,9.525224101853109
2018,360,9901,131.0,36.39,36.388888888888886,9.200391041122515,36.0,2901,28401,13701.0,13498.278911564626,147,7.972810784121404,10.254179634797001,9.525224101853109
2018,360,10001,130.0,36.11,36.11111111111111,9.210440366976517,36.0,2901,28401,13701.0,13498.278911564626,147,7.972810784121404,10.254179634797001,9.525224101853109
2018,360,10101,130.0,36.11,36.11111111111111,9.220389707829185,36.0,2901,28401,13701.0,13498.278911564626,147,7.972810784121404,10.254179634797001,9.525224101853109
2018,360,10201,129.0,35.83,35.833333333333336,9.23024103368252,35.0,3201,30101,15251.0,14490.583333333334,144,8.071218539969863,10.31231367277647,9.632400353656184
2018,360,10301,129.0,35.83,35.833333333333336,9.239996256883693,35.0,3201,30101,15251.0,14490.583333333334,144,8.071218539969863,10.31231367277647,9.632400353656184
2018,360,10401,129.0,35.83,35.833333333333336,9.249657234353133,35.0,3201,30101,15251.0,14490.583333333334,144,8.071218539969863,10.31231367277647,9.632400353656184
2018,360,10501,128.0,35.56,35.55555555555556,9.259225769705994,35.0,3201,30101,15251.0,14490.583333333334,144,8.071218539969863,10.31231367277647,9.632400353656184
2018,360,10601,128.0,35.56,35.55555555555556,9.268703615273097,35.0,3201,30101,15251.0,14490.583333333334,144,8.071218539969863,10.31231367277647,9.632400353656184
2018,360,10701,127.0,35.28,35.27777777777778,9.278092474027002,35.0,3201,30101,15251.0,14490.583333333334,144,8.071218539969863,10.31231367277647,9.632400353656184
2018,360,10801,127.0,35.28,35.27777777777778,9.287394001418473,35.0,3201,30101,15251.0,14490.583333333334,144,8.071218539969863,10.31231367277647,9.632400353656184
2018,360,10901,127.0,35.28,35.27777777777778,9.296609807128359,35.0,3201,30101,15251.0,14490.583333333334,144,8.071218539969863,10.31231367277647,9.632400353656184
2018,360,11001,126.0,35.0,35.0,9.305741456739435,35.0,3201,30101,15251.0,14490.583333333334,144,8.071218539969863,10.31231367277647,9.632400353656184
2018,360,11101,126.0,35.0,35.0,9.314790473332646,35.0,3201,30101,15251.0,14490.583333333334,144,8.071218539969863,10.31231367277647,9.632400353656184
2018,360,11201,126.0,35.0,35.0,9.32375833901174,35.0,3201,30101,15251.0,14490.583333333334,144,8.071218539969863,10.31231367277647,9.632400353656184
2018,360,11301,125.0,34.72,34.72222222222222,9.332646496360152,34.0,3601,30801,11051.0,13145.68085106383,94,8.188966863648876,10.335302435967074,9.310276200588783
2018,360,11401,125.0,34.72,34.72222222222222,9.34145634983372,34.0,3601,30801,11051.0,13145.68085106383,94,8.188966863648876,10.335302435967074,9.310276200588783
2018,360,11501,124.0,34.44,34.44444444444444,9.350189267092581,34.0,3601,30801,11051.0,13145.68085106383,94,8.188966863648876,10.335302435967074,9.310276200588783
2018,360,11601,124.0,34.44,34.44444444444444,9.358846580275406,34.0,3601,30801,11051.0,13145.68085106383,94,8.188966863648876,10.335302435967074,9.310276200588783
2018,360,11701,124.0,34.44,34.44444444444444,9.367429587218957,34.0,3601,30801,11051.0,13145.68085106383,94,8.188966863648876,10.335302435967074,9.310276200588783
2018,360,11801,123.0,34.17,34.166666666666664,9.375939552625749,34.0,3601,30801,11051.0,13145.68085106383,94,8.188966863648876,10.335302435967074,9.310276200588783
2018,360,11901,123.0,34.17,34.166666666666664,9.38437770918244,34.0,3601,30801,11051.0,13145.68085106383,94,8.188966863648876,10.335302435967074,9.310276200588783
2018,360,12001,123.0,34.17,34.166666666666664,9.392745258631441,34.0,3601,30801,11051.0,13145.68085106383,94,8.188966863648876,10.335302435967074,9.310276200588783
2018,360,12101,122.0,33.89,33.88888888888889,9.401043372798053,33.0,3901,20101,11451.0,11791.217391304348,92,8.268988209506656,9.908524844053396,9.34583234141334
2018,360,12201,122.0,33.89,33.88888888888889,9.409273194575334,33.0,3901,20101,11451.0,11791.217391304348,92,8.268988209506656,9.908524844053396,9.34583234141334
2018,360,12301,122.0,33.89,33.88888888888889,9.417435838868785,33.0,3901,20101,11451.0,11791.217391304348,92,8.268988209506656,9.908524844053396,9.34583234141334
2018,360,12401,121.0,33.61,33.611111111111114,9.425532393502772,33.0,3901,20101,11451.0,11791.217391304348,92,8.268988209506656,9.908524844053396,9.34583234141334
2018,360,12501,121.0,33.61,33.611111111111114,9.433563920090563,33.0,3901,20101,11451.0,11791.217391304348,92,8.268988209506656,9.908524844053396,9.34583234141334
2018,360,12601,121.0,33.61,33.611111111111114,9.441531454869693,33.0,3901,20101,11451.0,11791.217391304348,92,8.268988209506656,9.908524844053396,9.34583234141334
2018,360,12701,120.0,33.33,33.33333333333333,9.44943600950432,33.0,3901,20101,11451.0,11791.217391304348,92,8.268988209506656,9.908524844053396,9.34583234141334
2018,360,12801,120.0,33.33,33.33333333333333,9.45727857185611,33.0,3901,20101,11451.0,11791.217391304348,92,8.268988209506656,9.908524844053396,9.34583234141334
2018,360,12901,120.0,33.33,33.33333333333333,9.465060106725137,33.0,3901,20101,11451.0,11791.217391304348,92,8.268988209506656,9.908524844053396,9.34583234141334
2018,360,13001,119.0,33.06,33.05555555555556,9.472781556562168,33.0,3901,20101,11451.0,11791.217391304348,92,8.268988209506656,9.908524844053396,9.34583234141334
2018,360,13101,119.0,33.06,33.05555555555556,9.48044384215367,33.0,3901,20101,11451.0,11791.217391304348,92,8.268988209506656,9.908524844053396,9.34583234141334
2018,360,13201,119.0,33.06,33.05555555555556,9.488047863280759,33.0,3901,20101,11451.0,11791.217391304348,92,8.268988209506656,9.908524844053396,9.34583234141334
2018,360,13301,118.0,32.78,32.77777777777778,9.495594499353297,32.0,4401,21701,12151.0,12598.5,80,8.38958706681109,9.985113621416073,9.405166749908611
2018,360,13401,118.0,32.78,32.77777777777778,9.503084610020228,32.0,4401,21701,12151.0,12598.5,80,8.38958706681109,9.985113621416073,9.405166749908611
2018,360,13501,118.0,32.78,32.77777777777778,9.510519035757246,32.0,4401,21701,12151.0,12598.5,80,8.38958706681109,9.985113621416073,9.405166749908611
2018,360,13601,117.0,32.5,32.5,9.517898598432753,32.0,4401,21701,12151.0,12598.5,80,8.38958706681109,9.985113621416073,9.405166749908611
2018,360,13701,117.0,32.5,32.5,9.525224101853109,32.0,4401,21701,12151.0,12598.5,80,8.38958706681109,9.985113621416073,9.405166749908611
2018,360,13801,117.0,32.5,32.5,9.53249633228804,32.0,4401,21701,12151.0,12598.5,80,8.38958706681109,9.985113621416073,9.405166749908611
2018,360,13901,116.0,32.22,32.22222222222222,9.539716058977092,32.0,4401,21701,12151.0,12598.5,80,8.38958706681109,9.985113621416073,9.405166749908611
2018,360,14001,116.0,32.22,32.22222222222222,9.546884034617925,32.0,4401,21701,12151.0,12598.5,80,8.38958706681109,9.985113621416073,9.405166749908611
2018,360,14101,116.0,32.22,32.22222222222222,9.55400099583723,32.0,4401,21701,12151.0,12598.5,80,8.38958706681109,9.985113621416073,9.405166749908611
2018,360,14201,115.0,31.94,31.944444444444443,9.561067663645012,31.0,4801,24001,13601.0,13990.908256880733,109,8.476579508530941,10.085850775128717,9.517898598432753
2018,360,14301,115.0,31.94,31.944444444444443,9.568084743872936,31.0,4801,24001,13601.0,13990.908256880733,109,8.476579508530941,10.085850775128717,9.517898598432753
2018,360,14401,115.0,31.94,31.944444444444443,9.575052927597383,31.0,4801,24001,13601.0,13990.908256880733,109,8.476579508530941,10.085850775128717,9.517898598432753
2018,360,14501,115.0,31.94,31.944444444444443,9.581972891547895,31.0,4801,24001,13601.0,13990.908256880733,109,8.476579508530941,10.085850775128717,9.517898598432753
2018,360,14601,114.0,31.67,31.666666666666664,9.588845298501564,31.0,4801,24001,13601.0,13990.908256880733,109,8.476579508530941,10.085850775128717,9.517898598432753
2018,360,14701,114.0,31.67,31.666666666666664,9.595670797663967,31.0,4801,24001,13601.0,13990.908256880733,109,8.476579508530941,10.085850775128717,9.517898598432753
2018,360,14801,114.0,31.67,31.666666666666664,9.60245002503719,31.0,4801,24001,13601.0,13990.908256880733,109,8.476579508530941,10.085850775128717,9.517898598432753
2018,360,14901,113.0,31.39,31.38888888888889,9.60918360377546,31.0,4801,24001,13601.0,13990.908256880733,109,8.476579508530941,10.085850775128717,9.517898598432753
2018,360,15001,113.0,31.39,31.38888888888889,9.61587214452889,31.0,4801,24001,13601.0,13990.908256880733,109,8.476579508530941,10.085850775128717,9.517898598432753
2018,360,15101,113.0,31.39,31.38888888888889,9.62251624577579,31.0,4801,24001,13601.0,13990.908256880733,109,8.476579508530941,10.085850775128717,9.517898598432753
2018,360,15201,113.0,31.39,31.38888888888889,9.62911649414402,31.0,4801,24001,13601.0,13990.908256880733,109,8.476579508530941,10.085850775128717,9.517898598432753
2018,360,15301,112.0,31.11,31.11111111111111,9.635673464721814,31.0,4801,24001,13601.0,13990.908256880733,109,8.476579508530941,10.085850775128717,9.517898598432753
2018,360,15401,112.0,31.11,31.11111111111111,9.642187721358466,31.0,4801,24001,13601.0,13990.908256880733,109,8.476579508530941,10.085850775128717,9.517898598432753
2018,360,15501,112.0,31.11,31.11111111111111,9.648659816955295,31.0,4801,24001,13601.0,13990.908256880733,109,8.476579508530941,10.085850775128717,9.517898598432753
2018,360,15601,111.0,30.83,30.833333333333336,9.65509029374725,30.0,5501,26001,14501.0,14815.529914529914,117,8.612685172875459,10.165890277802454,9.581972891547895
2018,360,15701,111.0,30.83,30.833333333333336,9.661479683575521,30.0,5501,26001,14501.0,14815.529914529914,117,8.612685172875459,10.165890277802454,9.581972891547895
2018,360,15801,111.0,30.83,30.833333333333336,9.6678285081515,30.0,5501,26001,14501.0,14815.529914529914,117,8.612685172875459,10.165890277802454,9.581972891547895
2018,360,15901,110.0,30.56,30.555555555555557,9.674137279312397,30.0,5501,26001,14501.0,14815.529914529914,117,8.612685172875459,10.165890277802454,9.581972891547895
2018,360,16001,110.0,30.56,30.555555555555557,9.680406499268875,30.0,5501,26001,14501.0,14815.529914529914,117,8.612685172875459,10.165890277802454,9.581972891547895
2018,360,16101,110.0,30.56,30.555555555555557,9.686636660844938,30.0,5501,26001,14501.0,14815.529914529914,117,8.612685172875459,10.165890277802454,9.581972891547895
2018,360,16201,110.0,30.56,30.555555555555557,9.692828247710418,30.0,5501,26001,14501.0,14815.529914529914,117,8.612685172875459,10.165890277802454,9.581972891547895
2018,360,16301,109.0,30.28,30.277777777777775,9.69898173460629,30.0,5501,26001,14501.0,14815.529914529914,117,8.612685172875459,10.165890277802454,9.581972891547895
2018,360,16401,109.0,30.28,30.277777777777775,9.70509758756311,30.0,5501,26001,14501.0,14815.529914529914,117,8.612685172875459,10.165890277802454,9.581972891547895
2018,360,16501,109.0,30.28,30.277777777777775,9.711176264112805,30.0,5501,26001,14501.0,14815.529914529914,117,8.612685172875459,10.165890277802454,9.581972891547895
2018,360,16601,109.0,30.28,30.277777777777775,9.717218213494077,30.0,5501,26001,14501.0,14815.529914529914,117,8.612685172875459,10.165890277802454,9.581972891547895
2018,360,16701,108.0,30.0,30.0,9.723223876851618,30.0,5501,26001,14501.0,14815.529914529914,117,8.612685172875459,10.165890277802454,9.581972891547895
2018,360,16801,108.0,30.0,30.0,9.729193687429403,30.0,5501,26001,14501.0,14815.529914529914,117,8.612685172875459,10.165890277802454,9.581972891547895
2018,360,16901,108.0,30.0,30.0,9.735128070758227,30.0,5501,26001,14501.0,14815.529914529914,117,8.612685172875459,10.165890277802454,9.581972891547895
2018,360,17001,107.0,29.72,29.72222222222222,9.741027444837728,29.0,6301,18001,15351.0,13993.222222222223,90,8.748463629942055,9.798182590890704,9.638935897473202
2018,360,17101,107.0,29.72,29.72222222222222,9.746892220313054,29.0,6301,18001,15351.0,13993.222222222223,90,8.748463629942055,9.798182590890704,9.638935897473202
2018,360,17201,107.0,29.72,29.72222222222222,9.75272280064639,29.0,6301,18001,15351.0,13993.222222222223,90,8.748463629942055,9.798182590890704,9.638935897473202
2018,360,17301,107.0,29.72,29.72222222222222,9.758519582283522,29.0,6301,18001,15351.0,13993.222222222223,90,8.748463629942055,9.798182590890704,9.638935897473202
2018,360,17401,106.0,29.44,29.444444444444446,9.76428295481558,29.0,6301,18001,15351.0,13993.222222222223,90,8.748463629942055,9.798182590890704,9.638935897473202
2018,360,17501,106.0,29.44,29.444444444444446,9.770013301136158,29.0,6301,18001,15351.0,13993.222222222223,90,8.748463629942055,9.798182590890704,9.638935897473202
2018,360,17601,106.0,29.44,29.444444444444446,9.77571099759397,29.0,6301,18001,15351.0,13993.222222222223,90,8.748463629942055,9.798182590890704,9.638935897473202
2018,360,17701,105.0,29.17,29.166666666666668,9.781376414141157,29.0,6301,18001,15351.0,13993.222222222223,90,8.748463629942055,9.798182590890704,9.638935897473202
2018,360,17801,105.0,29.17,29.166666666666668,9.787009914477434,29.0,6301,18001,15351.0,13993.222222222223,90,8.748463629942055,9.798182590890704,9.638935897473202
2018,360,17901,105.0,29.17,29.166666666666668,9.792611856190192,29.0,6301,18001,15351.0,13993.222222222223,90,8.748463629942055,9.798182590890704,9.638935897473202
2018,360,18001,105.0,29.17,29.166666666666668,9.798182590890704,29.0,6301,18001,15351.0,13993.222222222223,90,8.748463629942055,9.798182590890704,9.638935897473202
2018,360,18101,104.0,28.89,28.888888888888886,9.803722464346553,28.0,6801,19601,16801.0,15007.796116504855,103,8.824824939175638,9.883335864325275,9.729193687429403
2018,360,18201,104.0,28.89,28.888888888888886,9.809231816610408,28.0,6801,19601,16801.0,15007.796116504855,103,8.824824939175638,9.883335864325275,9.729193687429403
2018,360,18301,104.0,28.89,28.888888888888886,9.814710982145282,28.0,6801,19601,16801.0,15007.796116504855,103,8.824824939175638,9.883335864325275,9.729193687429403
2018,360,18401,104.0,28.89,28.888888888888886,9.820160289946374,28.0,6801,19601,16801.0,15007.796116504855,103,8.824824939175638,9.883335864325275,9.729193687429403
2018,360,18501,103.0,28.61,28.61111111111111,9.825580063659602,28.0,6801,19601,16801.0,15007.796116504855,103,8.824824939175638,9.883335864325275,9.729193687429403
2018,360,18601,103.0,28.61,28.61111111111111,9.83097062169695,28.0,6801,19601,16801.0,15007.796116504855,103,8.824824939175638,9.883335864325275,9.729193687429403
2018,360,18701,103.0,28.61,28.61111111111111,9.83633227734872,28.0,6801,19601,16801.0,15007.796116504855,103,8.824824939175638,9.883335864325275,9.729193687429403
2018,360,18801,102.0,28.33,28.333333333333332,9.841665338892785,28.0,6801,19601,16801.0,15007.796116504855,103,8.824824939175638,9.883335864325275,9.729193687429403
2018,360,18901,102.0,28.33,28.333333333333332,9.846970109700957,28.0,6801,19601,16801.0,15007.796116504855,103,8.824824939175638,9.883335864325275,9.729193687429403
2018,360,19001,102.0,28.33,28.333333333333332,9.852246888342531,28.0,6801,19601,16801.0,15007.796116504855,103,8.824824939175638,9.883335864325275,9.729193687429403
2018,360,19101,102.0,28.33,28.333333333333332,9.857495968685136,28.0,6801,19601,16801.0,15007.796116504855,103,8.824824939175638,9.883335864325275,9.729193687429403
2018,360,19201,101.0,28.06,28.055555555555557,9.862717639992917,28.0,6801,19601,16801.0,15007.796116504855,103,8.824824939175638,9.883335864325275,9.729193687429403
2018,360,19301,101.0,28.06,28.055555555555557,9.867912187022208,28.0,6801,19601,16801.0,15007.796116504855,103,8.824824939175638,9.883335864325275,9.729193687429403
2018,360,19401,101.0,28.06,28.055555555555557,9.873079890114703,28.0,6801,19601,16801.0,15007.796116504855,103,8.824824939175638,9.883335864325275,9.729193687429403
2018,360,19501,101.0,28.06,28.055555555555557,9.87822102528824,28.0,6801,19601,16801.0,15007.796116504855,103,8.824824939175638,9.883335864325275,9.729193687429403
2018,360,19601,101.0,28.06,28.055555555555557,9.883335864325275,28.0,6801,19601,16801.0,15007.796116504855,103,8.824824939175638,9.883335864325275,9.729193687429403
2018,360,19701,100.0,27.78,27.77777777777778,9.888424674859083,27.0,7801,21101,18151.0,16328.0,100,8.962007209588313,9.957075711706057,9.806480934593978
2018,360,19801,100.0,27.78,27.77777777777778,9.893487720457795,27.0,7801,21101,18151.0,16328.0,100,8.962007209588313,9.957075711706057,9.806480934593978
2018,360,19901,100.0,27.78,27.77777777777778,9.898525260706313,27.0,7801,21101,18151.0,16328.0,100,8.962007209588313,9.957075711706057,9.806480934593978
2018,360,20001,99.0,27.5,27.500000000000004,9.90353755128617,27.0,7801,21101,18151.0,16328.0,100,8.962007209588313,9.957075711706057,9.806480934593978
2018,360,20101,99.0,27.5,27.500000000000004,9.908524844053396,27.0,7801,21101,18151.0,16328.0,100,8.962007209588313,9.957075711706057,9.806480934593978
2018,360,20201,99.0,27.5,27.500000000000004,9.913487387114461,27.0,7801,21101,18151.0,16328.0,100,8.962007209588313,9.957075711706057,9.806480934593978
2018,360,20301,99.0,27.5,27.500000000000004,9.918425424900335,27.0,7801,21101,18151.0,16328.0,100,8.962007209588313,9.957075711706057,9.806480934593978
2018,360,20401,98.0,27.22,27.22222222222222,9.923339198238729,27.0,7801,21101,18151.0,16328.0,100,8.962007209588313,9.957075711706057,9.806480934593978
2018,360,20501,98.0,27.22,27.22222222222222,9.928228944424575,27.0,7801,21101,18151.0,16328.0,100,8.962007209588313,9.957075711706057,9.806480934593978
2018,360,20601,98.0,27.22,27.22222222222222,9.933094897288786,27.0,7801,21101,18151.0,16328.0,100,8.962007209588313,9.957075711706057,9.806480934593978
2018,360,20701,98.0,27.22,27.22222222222222,9.937937287265354,27.0,7801,21101,18151.0,16328.0,100,8.962007209588313,9.957075711706057,9.806480934593978
2018,360,20801,98.0,27.22,27.22222222222222,9.942756341456828,27.0,7801,21101,18151.0,16328.0,100,8.962007209588313,9.957075711706057,9.806480934593978
2018,360,20901,97.0,26.94,26.944444444444443,9.94755228369823,26.0,8501,23001,19401.0,17608.69230769231,117,9.04793908261736,10.043292972227004,9.873079890114703
2018,360,21001,97.0,26.94,26.944444444444443,9.952325334619427,26.0,8501,23001,19401.0,17608.69230769231,117,9.04793908261736,10.043292972227004,9.873079890114703
2018,360,21101,97.0,26.94,26.944444444444443,9.957075711706057,26.0,8501,23001,19401.0,17608.69230769231,117,9.04793908261736,10.043292972227004,9.873079890114703
2018,360,21201,97.0,26.94,26.944444444444443,9.961803629358965,26.0,8501,23001,19401.0,17608.69230769231,117,9.04793908261736,10.043292972227004,9.873079890114703
2018,360,21301,96.0,26.67,26.666666666666668,9.966509298952284,26.0,8501,23001,19401.0,17608.69230769231,117,9.04793908261736,10.043292972227004,9.873079890114703
2018,360,21401,96.0,26.67,26.666666666666668,9.97119292889014,26.0,8501,23001,19401.0,17608.69230769231,117,9.04793908261736,10.043292972227004,9.873079890114703
2018,360,21501,96.0,26.67,26.666666666666668,9.975854724662028,26.0,8501,23001,19401.0,17608.69230769231,117,9.04793908261736,10.043292972227004,9.873079890114703
2018,360,21601,96.0,26.67,26.666666666666668,9.980494888896912,26.0,8501,23001,19401.0,17608.69230769231,117,9.04793908261736,10.043292972227004,9.873079890114703
2018,360,21701,95.0,26.39,26.38888888888889,9.985113621416073,26.0,8501,23001,19401.0,17608.69230769231,117,9.04793908261736,10.043292972227004,9.873079890114703
2018,360,21801,95.0,26.39,26.38888888888889,9.989711119284745,26.0,8501,23001,19401.0,17608.69230769231,117,9.04793908261736,10.043292972227004,9.873079890114703
2018,360,21901,95.0,26.39,26.38888888888889,9.994287576862567,26.0,8501,23001,19401.0,17608.69230769231,117,9.04793908261736,10.043292972227004,9.873079890114703
2018,360,22001,95.0,26.39,26.38888888888889,9.99884318585288,26.0,8501,23001,19401.0,17608.69230769231,117,9.04793908261736,10.043292972227004,9.873079890114703
2018,360,22101,94.0,26.11,26.111111111111114,10.003378135350923,26.0,8501,23001,19401.0,17608.69230769231,117,9.04793908261736,10.043292972227004,9.873079890114703
2018,360,22201,94.0,26.11,26.111111111111114,10.007892611890918,26.0,8501,23001,19401.0,17608.69230769231,117,9.04793908261736,10.043292972227004,9.873079890114703
2018,360,22301,94.0,26.11,26.111111111111114,10.012386799492118,26.0,8501,23001,19401.0,17608.69230769231,117,9.04793908261736,10.043292972227004,9.873079890114703
2018,360,22401,94.0,26.11,26.111111111111114,10.016860879703811,26.0,8501,23001,19401.0,17608.69230769231,117,9.04793908261736,10.043292972227004,9.873079890114703
2018,360,22501,94.0,26.11,26.111111111111114,10.021315031649332,26.0,8501,23001,19401.0,17608.69230769231,117,9.04793908261736,10.043292972227004,9.873079890114703
2018,360,22601,93.0,25.83,25.833333333333336,10.025749432069084,25.0,9601,24901,20351.0,19123.131147540982,122,9.169622538697624,10.122663242288953,9.920885329712549
2018,360,22701,93.0,25.83,25.833333333333336,10.030164255362632,25.0,9601,24901,20351.0,19123.131147540982,122,9.169622538697624,10.122663242288953,9.920885329712549
2018,360,22801,93.0,25.83,25.833333333333336,10.034559673629849,25.0,9601,24901,20351.0,19123.131147540982,122,9.169622538697624,10.122663242288953,9.920885329712549
2018,360,22901,93.0,25.83,25.833333333333336,10.038935856711177,25.0,9601,24901,20351.0,19123.131147540982,122,9.169622538697624,10.122663242288953,9.920885329712549
2018,360,23001,92.0,25.56,25.555555555555554,10.043292972227004,25.0,9601,24901,20351.0,19123.131147540982,122,9.169622538697624,10.122663242288953,9.920885329712549
2018,360,23101,92.0,25.56,25.555555555555554,10.047631185616188,25.0,9601,24901,20351.0,19123.131147540982,122,9.169622538697624,10.122663242288953,9.920885329712549
2018,360,23201,92.0,25.56,25.555555555555554,10.05195066017375,25.0,9601,24901,20351.0,19123.131147540982,122,9.169622538697624,10.122663242288953,9.920885329712549
2018,360,23301,92.0,25.56,25.555555555555554,10.056251557087757,25.0,9601,24901,20351.0,19123.131147540982,122,9.169622538697624,10.122663242288953,9.920885329712549
2018,360,23401,91.0,25.28,25.27777777777778,10.060534035475412,25.0,9601,24901,20351.0,19123.131147540982,122,9.169622538697624,10.122663242288953,9.920885329712549
2018,360,23501,91.0,25.28,25.27777777777778,10.064798252418377,25.0,9601,24901,20351.0,19123.131147540982,122,9.169622538697624,10.122663242288953,9.920885329712549
2018,360,23601,91.0,25.28,25.27777777777778,10.069044362997353,25.0,9601,24901,20351.0,19123.131147540982,122,9.169622538697624,10.122663242288953,9.920885329712549
2018,360,23701,91.0,25.28,25.27777777777778,10.073272520325904,25.0,9601,24901,20351.0,19123.131147540982,122,9.169622538697624,10.122663242288953,9.920885329712549
2018,360,23801,90.0,25.0,25.0,10.077482875583607,25.0,9601,24901,20351.0,19123.131147540982,122,9.169622538697624,10.122663242288953,9.920885329712549
2018,360,23901,90.0,25.0,25.0,10.081675578048475,25.0,9601,24901,20351.0,19123.131147540982,122,9.169622538697624,10.122663242288953,9.920885329712549
2018,360,24001,90.0,25.0,25.0,10.085850775128717,25.0,9601,24901,20351.0,19123.131147540982,122,9.169622538697624,10.122663242288953,9.920885329712549
2018,360,24101,90.0,25.0,25.0,10.090008612393838,25.0,9601,24901,20351.0,19123.131147540982,122,9.169622538697624,10.122663242288953,9.920885329712549
2018,360,24201,89.0,24.72,24.72222222222222,10.094149233605084,24.0,10801,25601,17451.0,18621.833333333332,72,9.287394001418473,10.150386692204734,9.767152232578871
2019,372,1,346.0,93.01,93.01075268817203,0.0,93.0,1,1,1.0,1.0,3,0.0,0.0,0.0
2019,372,11,307.0,82.53,82.52688172043011,2.3978952727983707,82.0,11,51,31.0,31.0,2,2.3978952727983707,3.9318256327243257,3.4339872044851463
2019,372,51,281.0,75.54,75.53763440860214,3.9318256327243257,75.0,51,601,101.0,193.85714285714286,7,3.9318256327243257,6.398594934535208,4.61512051684126
2019,372,101,270.0,72.58,72.58064516129032,4.61512051684126,72.0,101,1001,301.0,443.85714285714283,7,4.61512051684126,6.90875477931522,5.707110264748875
2019,372,201,253.0,68.01,68.01075268817203,5.303304908059076,68.0,201,1701,401.0,616.3846153846154,13,5.303304908059076,7.438971592395862,5.993961427306569
2019,372,301,243.0,65.32,65.32258064516128,5.707110264748875,65.0,101,2401,801.0,1014.3333333333334,15,4.61512051684126,7.783640596221253,6.68586094706836
2019,372,401,234.0,62.9,62.903225806451616,5.993961427306569,62.0,401,3301,1201.0,1521.0,15,5.993961427306569,8.101980731853192,7.0909098220799835
2019,372,501,227.0,61.02,61.02150537634409,6.2166061010848646,61.0,201,3601,901.0,1305.7619047619048,21,5.303304908059076,8.188966863648876,6.803505257608338
2019,372,601,222.0,59.68,59.67741935483871,6.398594934535208,59.0,501,4401,1701.0,2232.5789473684213,19,6.2166061010848646,8.38958706681109,7.438971592395862
2019,372,701,217.0,58.33,58.333333333333336,6.55250788703459,58.0,301,4801,1501.0,1926.9259259259259,27,5.707110264748875,8.476579508530941,7.313886831633462
2019,372,801,213.0,57.26,57.25806451612904,6.68586094706836,57.0,601,5201,1901.0,2273.0,25,6.398594934535208,8.556606193773073,7.550135342488429
2019,372,901,209.0,56.18,56.18279569892473,6.803505257608338,56.0,401,5901,2101.0,2678.1428571428573,35,5.993961427306569,8.682877107057168,7.650168700845001
2019,372,1001,206.0,55.38,55.376344086021504,6.90875477931522,55.0,401,6301,2201.0,2607.25,32,5.993961427306569,8.748463629942055,7.696667081526462
2019,372,1101,204.0,54.84,54.83870967741935,7.00397413672268,54.0,501,6901,2651.0,3181.5555555555557,36,6.2166061010848646,8.839421607620602,7.8826922062890254
2019,372,1201,201.0,54.03,54.03225806451613,7.0909098220799835,54.0,501,6901,2651.0,3181.5555555555557,36,6.2166061010848646,8.839421607620602,7.8826922062890254
2019,372,1301,199.0,53.49,53.494623655913976,7.170888478512505,53.0,501,7601,2901.0,3366.1162790697676,43,6.2166061010848646,8.936035096566041,7.972810784121404
2019,372,1401,197.0,52.96,52.956989247311824,7.244941546337007,52.0,701,8101,2901.0,3608.317073170732,41,6.55250788703459,8.999742789830492,7.972810784121404
2019,372,1501,195.0,52.42,52.41935483870967,7.313886831633462,52.0,701,8101,2901.0,3608.317073170732,41,6.55250788703459,8.999742789830492,7.972810784121404
2019,372,1601,193.0,51.88,51.88172043010753,7.3783837129967145,51.0,601,8901,3451.0,3991.740740740741,54,6.398594934535208,9.093918908958932,8.146419323098003
2019,372,1701,191.0,51.34,51.344086021505376,7.438971592395862,51.0,601,8901,3451.0,3991.740740740741,54,6.398594934535208,9.093918908958932,8.146419323098003
2019,372,1801,190.0,51.08,51.075268817204304,7.496097345175956,51.0,601,8901,3451.0,3991.740740740741,54,6.398594934535208,9.093918908958932,8.146419323098003
2019,372,1901,188.0,50.54,50.53763440860215,7.550135342488429,50.0,701,9801,3851.0,4534.333333333333,60,6.55250788703459,9.19023970026918,8.25608813381491
2019,372,2001,186.0,50.0,50.0,7.601402334583733,50.0,701,9801,3851.0,4534.333333333333,60,6.55250788703459,9.19023970026918,8.25608813381491
2019,372,2101,185.0,49.73,49.73118279569893,7.650168700845001,49.0,801,10501,4001.0,4608.317073170731,41,6.68586094706836,9.259225769705994,8.294299608857235
2019,372,2201,183.0,49.19,49.193548387096776,7.696667081526462,49.0,801,10501,4001.0,4608.317073170731,41,6.68586094706836,9.259225769705994,8.294299608857235
2019,372,2301,182.0,48.92,48.924731182795696,7.741099090035366,48.0,901,11401,4251.0,4716.0,60,6.803505257608338,9.34145634983372,8.35490952835879
2019,372,2401,181.0,48.66,48.655913978494624,7.783640596221253,48.0,901,11401,4251.0,4716.0,60,6.803505257608338,9.34145634983372,8.35490952835879
2019,372,2501,180.0,48.39,48.38709677419355,7.824445930877619,48.0,901,11401,4251.0,4716.0,60,6.803505257608338,9.34145634983372,8.35490952835879
2019,372,2601,178.0,47.85,47.8494623655914,7.8636512654486515,47.0,1001,12201,4001.0,4997.363636363636,55,6.90875477931522,9.409273194575334,8.294299608857235
2019,372,2701,177.0,47.58,47.58064516129033,7.901377353792616,47.0,1001,12201,4001.0,4997.363636363636,55,6.90875477931522,9.409273194575334,8.294299608857235
2019,372,2801,176.0,47.31,47.31182795698925,7.937731775260109,47.0,1001,12201,4001.0,4997.363636363636,55,6.90875477931522,9.409273194575334,8.294299608857235
2019,372,2901,175.0,47.04,47.043010752688176,7.972810784121404,47.0,1001,12201,4001.0,4997.363636363636,55,6.90875477931522,9.409273194575334,8.294299608857235
2019,372,3001,174.0,46.77,46.774193548387096,8.006700845440367,46.0,1101,13401,5351.0,5896.588235294118,68,7.00397413672268,9.503084610020228,8.585038738311304
2019,372,3101,173.0,46.51,46.50537634408602,8.03947991910045,46.0,1101,13401,5351.0,5896.588235294118,68,7.00397413672268,9.503084610020228,8.585038738311304
2019,372,3201,172.0,46.24,46.236559139784944,8.071218539969863,46.0,1101,13401,5351.0,5896.588235294118,68,7.00397413672268,9.503084610020228,8.585038738311304
2019,372,3301,171.0,45.97,45.96774193548387,8.101980731853192,45.0,1201,14501,5701.0,6161.273972602739,73,7.0909098220799835,9.581972891547895,8.648396877031582
2019,372,3401,170.0,45.7,45.69892473118279,8.131824785007195,45.0,1201,14501,5701.0,6161.273972602739,73,7.0909098220799835,9.581972891547895,8.648396877031582
2019,372,3501,169.0,45.43,45.43010752688172,8.160803920954665,45.0,1201,14501,5701.0,6161.273972602739,73,7.0909098220799835,9.581972891547895,8.648396877031582
2019,372,3601,168.0,45.16,45.16129032258064,8.188966863648876,45.0,1201,14501,5701.0,6161.273972602739,73,7.0909098220799835,9.581972891547895,8.648396877031582
2019,372,3701,167.0,44.89,44.89247311827957,8.216358332386156,44.0,1301,15501,5401.0,6494.1506849315065,73,7.170888478512505,9.648659816955295,8.594339400592892
2019,372,3801,166.0,44.62,44.623655913978496,8.24301946898925,44.0,1301,15501,5401.0,6494.1506849315065,73,7.170888478512505,9.648659816955295,8.594339400592892
2019,372,3901,165.0,44.35,44.354838709677416,8.268988209506656,44.0,1301,15501,5401.0,6494.1506849315065,73,7.170888478512505,9.648659816955295,8.594339400592892
2019,372,4001,164.0,44.09,44.086021505376344,8.294299608857235,44.0,1301,15501,5401.0,6494.1506849315065,73,7.170888478512505,9.648659816955295,8.594339400592892
2019,372,4101,163.0,43.82,43.81720430107527,8.31898612539206,43.0,1501,16801,6951.0,7356.555555555556,90,7.313886831633462,9.729193687429403,8.846640813100485
2019,372,4201,162.0,43.55,43.54838709677419,8.343077871169383,43.0,1501,16801,6951.0,7356.555555555556,90,7.313886831633462,9.729193687429403,8.846640813100485
2019,372,4301,162.0,43.55,43.54838709677419,8.366602832783736,43.0,1501,16801,6951.0,7356.555555555556,90,7.313886831633462,9.729193687429403,8.846640813100485
2019,372,4401,161.0,43.28,43.27956989247312,8.38958706681109,43.0,1501,16801,6951.0,7356.555555555556,90,7.313886831633462,9.729193687429403,8.846640813100485
2019,372,4501,160.0,43.01,43.01075268817204,8.412054873292933,43.0,1501,16801,6951.0,7356.555555555556,90,7.313886831633462,9.729193687429403,8.846640813100485
2019,372,4601,159.0,42.74,42.74193548387097,8.434028950155469,42.0,1601,18401,7901.0,8481.459770114943,87,7.3783837129967145,9.820160289946374,8.974744612722734
2019,372,4701,159.0,42.74,42.74193548387097,8.45553053102413,42.0,1601,18401,7901.0,8481.459770114943,87,7.3783837129967145,9.820160289946374,8.974744612722734
2019,372,4801,158.0,42.47,42.473118279569896,8.476579508530941,42.0,1601,18401,7901.0,8481.459770114943,87,7.3783837129967145,9.820160289946374,8.974744612722734
2019,372,4901,157.0,42.2,42.204301075268816,8.497194544909547,42.0,1601,18401,7901.0,8481.459770114943,87,7.3783837129967145,9.820160289946374,8.974744612722734
2019,372,5001,157.0,42.2,42.204301075268816,8.517393171418904,42.0,1601,18401,7901.0,8481.459770114943,87,7.3783837129967145,9.820160289946374,8.974744612722734
2019,372,5101,156.0,41.94,41.935483870967744,8.537191877922927,41.0,1701,19401,7351.0,8254.125,96,7.438971592395862,9.873079890114703,8.902591637374087
2019,372,5201,155.0,41.67,41.66666666666667,8.556606193773073,41.0,1701,19401,7351.0,8254.125,96,7.438971592395862,9.873079890114703,8.902591637374087
2019,372,5301,154.0,41.4,41.39784946236559,8.575650760987806,41.0,1701,19401,7351.0,8254.125,96,7.438971592395862,9.873079890114703,8.902591637374087
2019,372,5401,154.0,41.4,41.39784946236559,8.594339400592892,41.0,1701,19401,7351.0,8254.125,96,7.438971592395862,9.873079890114703,8.902591637374087
2019,372,5501,153.0,41.13,41.12903225806452,8.612685172875459,41.0,1701,19401,7351.0,8254.125,96,7.438971592395862,9.873079890114703,8.902591637374087
2019,372,5601,152.0,40.86,40.86021505376344,8.630700432209832,40.0,1901,21101,8351.0,9465.406779661016,118,7.550135342488429,9.957075711706057,9.03013657115323
2019,372,5701,152.0,40.86,40.86021505376344,8.648396877031582,40.0,1901,21101,8351.0,9465.406779661016,118,7.550135342488429,9.957075711706057,9.03013657115323
2019,372,5801,151.0,40.59,40.59139784946236,8.665785595466064,40.0,1901,21101,8351.0,9465.406779661016,118,7.550135342488429,9.957075711706057,9.03013657115323
2019,372,5901,150.0,40.32,40.32258064516129,8.682877107057168,40.0,1901,21101,8351.0,9465.406779661016,118,7.550135342488429,9.957075711706057,9.03013657115323
2019,372,6001,150.0,40.32,40.32258064516129,8.699681400989514,40.0,1901,21101,8351.0,9465.406779661016,118,7.550135342488429,9.957075711706057,9.03013657115323
2019,372,6101,149.0,40.05,40.053763440860216,8.716207971151853,40.0,1901,21101,8351.0,9465.406779661016,118,7.550135342488429,9.957075711706057,9.03013657115323
2019,372,6201,149.0,40.05,40.053763440860216,8.732465848349879,40.0,1901,21101,8351.0,9465.406779661016,118,7.550135342488429,9.957075711706057,9.03013657115323
2019,372,6301,148.0,39.78,39.784946236559136,8.748463629942055,39.0,2201,22801,9351.0,10543.452830188678,106,7.696667081526462,10.034559673629849,9.143238568435446
2019,372,6401,147.0,39.52,39.516129032258064,8.764209507142004,39.0,2201,22801,9351.0,10543.452830188678,106,7.696667081526462,10.034559673629849,9.143238568435446
2019,372,6501,147.0,39.52,39.516129032258064,8.77971129020447,39.0,2201,22801,9351.0,10543.452830188678,106,7.696667081526462,10.034559673629849,9.143238568435446
2019,372,6601,146.0,39.25,39.247311827956985,8.79497643168877,39.0,2201,22801,9351.0,10543.452830188678,106,7.696667081526462,10.034559673629849,9.143238568435446
2019,372,6701,146.0,39.25,39.247311827956985,8.81001204797317,39.0,2201,22801,9351.0,10543.452830188678,106,7.696667081526462,10.034559673629849,9.143238568435446
2019,372,6801,145.0,38.98,38.97849462365591,8.824824939175638,38.0,2401,24201,11201.0,10851.40650406504,123,7.783640596221253,10.094149233605084,9.32375833901174
2019,372,6901,145.0,38.98,38.97849462365591,8.839421607620602,38.0,2401,24201,11201.0,10851.40650406504,123,7.783640596221253,10.094149233605084,9.32375833901174
2019,372,7001,144.0,38.71,38.70967741935484,8.853808274977197,38.0,2401,24201,11201.0,10851.40650406504,123,7.783640596221253,10.094149233605084,9.32375833901174
2019,372,7101,144.0,38.71,38.70967741935484,8.867990898182093,38.0,2401,24201,11201.0,10851.40650406504,123,7.783640596221253,10.094149233605084,9.32375833901174
2019,372,7201,143.0,38.44,38.44086021505376,8.881975184248867,38.0,2401,24201,11201.0,10851.40650406504,123,7.783640596221253,10.094149233605084,9.32375833901174
2019,372,7301,143.0,38.44,38.44086021505376,8.895766604056085,38.0,2401,24201,11201.0,10851.40650406504,123,7.783640596221253,10.094149233605084,9.32375833901174
2019,372,7401,142.0,38.17,38.17204301075269,8.909370405197466,38.0,2401,24201,11201.0,10851.40650406504,123,7.783640596221253,10.094149233605084,9.32375833901174
2019,372,7501,142.0,38.17,38.17204301075269,8.922791623969637,38.0,2401,24201,11201.0,10851.40650406504,123,7.783640596221253,10.094149233605084,9.32375833901174
2019,372,7601,141.0,37.9,37.903225806451616,8.936035096566041,37.0,2701,26201,12601.0,12353.713178294574,129,7.901377353792616,10.173552856959743,9.441531454869693
2019,372,7701,141.0,37.9,37.903225806451616,8.94910546953925,37.0,2701,26201,12601.0,12353.713178294574,129,7.901377353792616,10.173552856959743,9.441531454869693
2019,372,7801,140.0,37.63,37.634408602150536,8.962007209588313,37.0,2701,26201,12601.0,12353.713178294574,129,7.901377353792616,10.173552856959743,9.441531454869693
2019,372,7901,140.0,37.63,37.634408602150536,8.974744612722734,37.0,2701,26201,12601.0,12353.713178294574,129,7.901377353792616,10.173552856959743,9.441531454869693
2019,372,8001,139.0,37.37,37.365591397849464,8.987321812850125,37.0,2701,26201,12601.0,12353.713178294574,129,7.901377353792616,10.173552856959743,9.441531454869693
2019,372,8101,139.0,37.37,37.365591397849464,8.999742789830492,37.0,2701,26201,12601.0,12353.713178294574,129,7.901377353792616,10.173552856959743,9.441531454869693
2019,372,8201,139.0,37.37,37.365591397849464,9.012011377036412,37.0,2701,26201,12601.0,12353.713178294574,129,7.901377353792616,10.173552856959743,9.441531454869693
2019,372,8301,138.0,37.1,37.096774193548384,9.024131268455035,37.0,2701,26201,12601.0,12353.713178294574,129,7.901377353792616,10.173552856959743,9.441531454869693
2019,372,8401,138.0,37.1,37.096774193548384,9.036106025364846,37.0,2701,26201,12601.0,12353.713178294574,129,7.901377353792616,10.173552856959743,9.441531454869693
2019,372,8501,137.0,36.83,36.82795698924731,9.04793908261736,36.0,2901,28401,13701.0,13498.278911564626,147,7.972810784121404,10.254179634797001,9.525224101853109
2019,372,8601,137.0,36.83,36.82795698924731,9.059633754551479,36.0,2901,28401,13701.0,13498.278911564626,147,7.972810784121404,10.254179634797001,9.525224101853109
2019,372,8701,137.0,36.83,36.82795698924731,9.071193240566025,36.0,2901,28401,13701.0,13498.278911564626,147,7.972810784121404,10.254179634797001,9.525224101853109
2019,372,8801,136.0,36.56,36.55913978494624,9.082620630373812,36.0,2901,28401,13701.0,13498.278911564626,147,7.972810784121404,10.254179634797001,9.525224101853109
2019,372,8901,136.0,36.56,36.55913978494624,9.093918908958932,36.0,2901,28401,13701.0,13498.278911564626,147,7.972810784121404,10.254179634797001,9.525224101853109
2019,372,9001,135.0,36.29,36.29032258064516,9.105090961257085,36.0,2901,28401,13701.0,13498.278911564626,147,7.972810784121404,10.254179634797001,9.525224101853109
2019,372,9101,135.0,36.29,36.29032258064516,9.116139576577355,36.0,2901,28401,13701.0,13498.278911564626,147,7.972810784121404,10.254179634797001,9.525224101853109
2019,372,9201,134.0,36.02,36.02150537634409,9.127067452782361,36.0,2901,28401,13701.0,13498.278911564626,147,7.972810784121404,10.254179634797001,9.525224101853109
2019,372,9301,134.0,36.02,36.02150537634409,9.137877200242468,36.0,2901,28401,13701.0,13498.278911564626,147,7.972810784121404,10.254179634797001,9.525224101853109
2019,372,9401,133.0,35.75,35.752688172043015,9.148571345578551,35.0,3201,30101,15251.0,14490.583333333334,144,8.071218539969863,10.31231367277647,9.632400353656184
2019,372,9501,133.0,35.75,35.752688172043015,9.15915233520675,35.0,3201,30101,15251.0,14490.583333333334,144,8.071218539969863,10.31231367277647,9.632400353656184
2019,372,9601,133.0,35.75,35.752688172043015,9.169622538697624,35.0,3201,30101,15251.0,14490.583333333334,144,8.071218539969863,10.31231367277647,9.632400353656184
2019,372,9701,132.0,35.48,35.483870967741936,9.179984251961283,35.0,3201,30101,15251.0,14490.583333333334,144,8.071218539969863,10.31231367277647,9.632400353656184
2019,372,9801,132.0,35.48,35.483870967741936,9.19023970026918,35.0,3201,30101,15251.0,14490.583333333334,144,8.071218539969863,10.31231367277647,9.632400353656184
2019,372,9901,132.0,35.48,35.483870967741936,9.200391041122515,35.0,3201,30101,15251.0,14490.583333333334,144,8.071218539969863,10.31231367277647,9.632400353656184
2019,372,10001,131.0,35.22,35.215053763440864,9.210440366976517,35.0,3201,30101,15251.0,14490.583333333334,144,8.071218539969863,10.31231367277647,9.632400353656184
2019,372,10101,131.0,35.22,35.215053763440864,9.220389707829185,35.0,3201,30101,15251.0,14490.583333333334,144,8.071218539969863,10.31231367277647,9.632400353656184
2019,372,10201,131.0,35.22,35.215053763440864,9.23024103368252,35.0,3201,30101,15251.0,14490.583333333334,144,8.071218539969863,10.31231367277647,9.632400353656184
2019,372,10301,130.0,34.95,34.946236559139784,9.239996256883693,34.0,3601,30801,11051.0,13145.68085106383,94,8.188966863648876,10.335302435967074,9.310276200588783
2019,372,10401,130.0,34.95,34.946236559139784,9.249657234353133,34.0,3601,30801,11051.0,13145.68085106383,94,8.188966863648876,10.335302435967074,9.310276200588783
2019,372,10501,129.0,34.68,34.67741935483871,9.259225769705994,34.0,3601,30801,11051.0,13145.68085106383,94,8.188966863648876,10.335302435967074,9.310276200588783
2019,372,10601,129.0,34.68,34.67741935483871,9.268703615273097,34.0,3601,30801,11051.0,13145.68085106383,94,8.188966863648876,10.335302435967074,9.310276200588783
2019,372,10701,129.0,34.68,34.67741935483871,9.278092474027002,34.0,3601,30801,11051.0,13145.68085106383,94,8.188966863648876,10.335302435967074,9.310276200588783
2019,372,10801,128.0,34.41,34.40860215053764,9.287394001418473,34.0,3601,30801,11051.0,13145.68085106383,94,8.188966863648876,10.335302435967074,9.310276200588783
2019,372,10901,128.0,34.41,34.40860215053764,9.296609807128359,34.0,3601,30801,11051.0,13145.68085106383,94,8.188966863648876,10.335302435967074,9.310276200588783
2019,372,11001,128.0,34.41,34.40860215053764,9.305741456739435,34.0,3601,30801,11051.0,13145.68085106383,94,8.188966863648876,10.335302435967074,9.310276200588783
2019,372,11101,127.0,34.14,34.13978494623656,9.314790473332646,34.0,3601,30801,11051.0,13145.68085106383,94,8.188966863648876,10.335302435967074,9.310276200588783
2019,372,11201,127.0,34.14,34.13978494623656,9.32375833901174,34.0,3601,30801,11051.0,13145.68085106383,94,8.188966863648876,10.335302435967074,9.310276200588783
2019,372,11301,127.0,34.14,34.13978494623656,9.332646496360152,34.0,3601,30801,11051.0,13145.68085106383,94,8.188966863648876,10.335302435967074,9.310276200588783
2019,372,11401,126.0,33.87,33.87096774193548,9.34145634983372,33.0,3901,20101,11451.0,11791.217391304348,92,8.268988209506656,9.908524844053396,9.34583234141334
2019,372,11501,126.0,33.87,33.87096774193548,9.350189267092581,33.0,3901,20101,11451.0,11791.217391304348,92,8.268988209506656,9.908524844053396,9.34583234141334
2019,372,11601,126.0,33.87,33.87096774193548,9.358846580275406,33.0,3901,20101,11451.0,11791.217391304348,92,8.268988209506656,9.908524844053396,9.34583234141334
2019,372,11701,125.0,33.6,33.60215053763441,9.367429587218957,33.0,3901,20101,11451.0,11791.217391304348,92,8.268988209506656,9.908524844053396,9.34583234141334
2019,372,11801,125.0,33.6,33.60215053763441,9.375939552625749,33.0,3901,20101,11451.0,11791.217391304348,92,8.268988209506656,9.908524844053396,9.34583234141334
2019,372,11901,125.0,33.6,33.60215053763441,9.38437770918244,33.0,3901,20101,11451.0,11791.217391304348,92,8.268988209506656,9.908524844053396,9.34583234141334
2019,372,12001,124.0,33.33,33.33333333333333,9.392745258631441,33.0,3901,20101,11451.0,11791.217391304348,92,8.268988209506656,9.908524844053396,9.34583234141334
2019,372,12101,124.0,33.33,33.33333333333333,9.401043372798053,33.0,3901,20101,11451.0,11791.217391304348,92,8.268988209506656,9.908524844053396,9.34583234141334
2019,372,12201,123.0,33.06,33.064516129032256,9.409273194575334,33.0,3901,20101,11451.0,11791.217391304348,92,8.268988209506656,9.908524844053396,9.34583234141334
2019,372,12301,123.0,33.06,33.064516129032256,9.417435838868785,33.0,3901,20101,11451.0,11791.217391304348,92,8.268988209506656,9.908524844053396,9.34583234141334
2019,372,12401,123.0,33.06,33.064516129032256,9.425532393502772,33.0,3901,20101,11451.0,11791.217391304348,92,8.268988209506656,9.908524844053396,9.34583234141334
2019,372,12501,123.0,33.06,33.064516129032256,9.433563920090563,33.0,3901,20101,11451.0,11791.217391304348,92,8.268988209506656,9.908524844053396,9.34583234141334
2019,372,12601,122.0,32.8,32.795698924731184,9.441531454869693,32.0,4401,21701,12151.0,12598.5,80,8.38958706681109,9.985113621416073,9.405166749908611
2019,372,12701,122.0,32.8,32.795698924731184,9.44943600950432,32.0,4401,21701,12151.0,12598.5,80,8.38958706681109,9.985113621416073,9.405166749908611
2019,372,12801,122.0,32.8,32.795698924731184,9.45727857185611,32.0,4401,21701,12151.0,12598.5,80,8.38958706681109,9.985113621416073,9.405166749908611
2019,372,12901,121.0,32.53,32.526881720430104,9.465060106725137,32.0,4401,21701,12151.0,12598.5,80,8.38958706681109,9.985113621416073,9.405166749908611
2019,372,13001,121.0,32.53,32.526881720430104,9.472781556562168,32.0,4401,21701,12151.0,12598.5,80,8.38958706681109,9.985113621416073,9.405166749908611
2019,372,13101,121.0,32.53,32.526881720430104,9.48044384215367,32.0,4401,21701,12151.0,12598.5,80,8.38958706681109,9.985113621416073,9.405166749908611
2019,372,13201,120.0,32.26,32.25806451612903,9.488047863280759,32.0,4401,21701,12151.0,12598.5,80,8.38958706681109,9.985113621416073,9.405166749908611
2019,372,13301,120.0,32.26,32.25806451612903,9.495594499353297,32.0,4401,21701,12151.0,12598.5,80,8.38958706681109,9.985113621416073,9.405166749908611
2019,372,13401,120.0,32.26,32.25806451612903,9.503084610020228,32.0,4401,21701,12151.0,12598.5,80,8.38958706681109,9.985113621416073,9.405166749908611
2019,372,13501,120.0,32.26,32.25806451612903,9.510519035757246,32.0,4401,21701,12151.0,12598.5,80,8.38958706681109,9.985113621416073,9.405166749908611
2019,372,13601,119.0,31.99,31.989247311827956,9.517898598432753,31.0,4801,24001,13601.0,13990.908256880733,109,8.476579508530941,10.085850775128717,9.517898598432753
2019,372,13701,119.0,31.99,31.989247311827956,9.525224101853109,31.0,4801,24001,13601.0,13990.908256880733,109,8.476579508530941,10.085850775128717,9.517898598432753
2019,372,13801,119.0,31.99,31.989247311827956,9.53249633228804,31.0,4801,24001,13601.0,13990.908256880733,109,8.476579508530941,10.085850775128717,9.517898598432753
2019,372,13901,118.0,31.72,31.72043010752688,9.539716058977092,31.0,4801,24001,13601.0,13990.908256880733,109,8.476579508530941,10.085850775128717,9.517898598432753
2019,372,14001,118.0,31.72,31.72043010752688,9.546884034617925,31.0,4801,24001,13601.0,13990.908256880733,109,8.476579508530941,10.085850775128717,9.517898598432753
2019,372,14101,118.0,31.72,31.72043010752688,9.55400099583723,31.0,4801,24001,13601.0,13990.908256880733,109,8.476579508530941,10.085850775128717,9.517898598432753
2019,372,14201,117.0,31.45,31.451612903225808,9.561067663645012,31.0,4801,24001,13601.0,13990.908256880733,109,8.476579508530941,10.085850775128717,9.517898598432753
2019,372,14301,117.0,31.45,31.451612903225808,9.568084743872936,31.0,4801,24001,13601.0,13990.908256880733,109,8.476579508530941,10.085850775128717,9.517898598432753
2019,372,14401,117.0,31.45,31.451612903225808,9.575052927597383,31.0,4801,24001,13601.0,13990.908256880733,109,8.476579508530941,10.085850775128717,9.517898598432753
2019,372,14501,117.0,31.45,31.451612903225808,9.581972891547895,31.0,4801,24001,13601.0,13990.908256880733,109,8.476579508530941,10.085850775128717,9.517898598432753
2019,372,14601,116.0,31.18,31.182795698924732,9.588845298501564,31.0,4801,24001,13601.0,13990.908256880733,109,8.476579508530941,10.085850775128717,9.517898598432753
2019,372,14701,116.0,31.18,31.182795698924732,9.595670797663967,31.0,4801,24001,13601.0,13990.908256880733,109,8.476579508530941,10.085850775128717,9.517898598432753
2019,372,14801,116.0,31.18,31.182795698924732,9.60245002503719,31.0,4801,24001,13601.0,13990.908256880733,109,8.476579508530941,10.085850775128717,9.517898598432753
2019,372,14901,116.0,31.18,31.182795698924732,9.60918360377546,31.0,4801,24001,13601.0,13990.908256880733,109,8.476579508530941,10.085850775128717,9.517898598432753
2019,372,15001,115.0,30.91,30.913978494623656,9.61587214452889,30.0,5501,26001,14501.0,14815.529914529914,117,8.612685172875459,10.165890277802454,9.581972891547895
2019,372,15101,115.0,30.91,30.913978494623656,9.62251624577579,30.0,5501,26001,14501.0,14815.529914529914,117,8.612685172875459,10.165890277802454,9.581972891547895
2019,372,15201,115.0,30.91,30.913978494623656,9.62911649414402,30.0,5501,26001,14501.0,14815.529914529914,117,8.612685172875459,10.165890277802454,9.581972891547895
2019,372,15301,114.0,30.65,30.64516129032258,9.635673464721814,30.0,5501,26001,14501.0,14815.529914529914,117,8.612685172875459,10.165890277802454,9.581972891547895
2019,372,15401,114.0,30.65,30.64516129032258,9.642187721358466,30.0,5501,26001,14501.0,14815.529914529914,117,8.612685172875459,10.165890277802454,9.581972891547895
2019,372,15501,114.0,30.65,30.64516129032258,9.648659816955295,30.0,5501,26001,14501.0,14815.529914529914,117,8.612685172875459,10.165890277802454,9.581972891547895
2019,372,15601,114.0,30.65,30.64516129032258,9.65509029374725,30.0,5501,26001,14501.0,14815.529914529914,117,8.612685172875459,10.165890277802454,9.581972891547895
2019,372,15701,113.0,30.38,30.376344086021508,9.661479683575521,30.0,5501,26001,14501.0,14815.529914529914,117,8.612685172875459,10.165890277802454,9.581972891547895
2019,372,15801,113.0,30.38,30.376344086021508,9.6678285081515,30.0,5501,26001,14501.0,14815.529914529914,117,8.612685172875459,10.165890277802454,9.581972891547895
2019,372,15901,113.0,30.38,30.376344086021508,9.674137279312397,30.0,5501,26001,14501.0,14815.529914529914,117,8.612685172875459,10.165890277802454,9.581972891547895
2019,372,16001,113.0,30.38,30.376344086021508,9.680406499268875,30.0,5501,26001,14501.0,14815.529914529914,117,8.612685172875459,10.165890277802454,9.581972891547895
2019,372,16101,112.0,30.11,30.107526881720432,9.686636660844938,30.0,5501,26001,14501.0,14815.529914529914,117,8.612685172875459,10.165890277802454,9.581972891547895
2019,372,16201,112.0,30.11,30.107526881720432,9.692828247710418,30.0,5501,26001,14501.0,14815.529914529914,117,8.612685172875459,10.165890277802454,9.581972891547895
2019,372,16301,112.0,30.11,30.107526881720432,9.69898173460629,30.0,5501,26001,14501.0,14815.529914529914,117,8.612685172875459,10.165890277802454,9.581972891547895
2019,372,16401,112.0,30.11,30.107526881720432,9.70509758756311,30.0,5501,26001,14501.0,14815.529914529914,117,8.612685172875459,10.165890277802454,9.581972891547895
2019,372,16501,111.0,29.84,29.838709677419356,9.711176264112805,29.0,6301,18001,15351.0,13993.222222222223,90,8.748463629942055,9.798182590890704,9.638935897473202
2019,372,16601,111.0,29.84,29.838709677419356,9.717218213494077,29.0,6301,18001,15351.0,13993.222222222223,90,8.748463629942055,9.798182590890704,9.638935897473202
2019,372,16701,111.0,29.84,29.838709677419356,9.723223876851618,29.0,6301,18001,15351.0,13993.222222222223,90,8.748463629942055,9.798182590890704,9.638935897473202
2019,372,16801,110.0,29.57,29.56989247311828,9.729193687429403,29.0,6301,18001,15351.0,13993.222222222223,90,8.748463629942055,9.798182590890704,9.638935897473202
2019,372,16901,110.0,29.57,29.56989247311828,9.735128070758227,29.0,6301,18001,15351.0,13993.222222222223,90,8.748463629942055,9.798182590890704,9.638935897473202
2019,372,17001,110.0,29.57,29.56989247311828,9.741027444837728,29.0,6301,18001,15351.0,13993.222222222223,90,8.748463629942055,9.798182590890704,9.638935897473202
2019,372,17101,110.0,29.57,29.56989247311828,9.746892220313054,29.0,6301,18001,15351.0,13993.222222222223,90,8.748463629942055,9.798182590890704,9.638935897473202
2019,372,17201,110.0,29.57,29.56989247311828,9.75272280064639,29.0,6301,18001,15351.0,13993.222222222223,90,8.748463629942055,9.798182590890704,9.638935897473202
2019,372,17301,109.0,29.3,29.301075268817208,9.758519582283522,29.0,6301,18001,15351.0,13993.222222222223,90,8.748463629942055,9.798182590890704,9.638935897473202
2019,372,17401,109.0,29.3,29.301075268817208,9.76428295481558,29.0,6301,18001,15351.0,13993.222222222223,90,8.748463629942055,9.798182590890704,9.638935897473202
2019,372,17501,109.0,29.3,29.301075268817208,9.770013301136158,29.0,6301,18001,15351.0,13993.222222222223,90,8.748463629942055,9.798182590890704,9.638935897473202
2019,372,17601,109.0,29.3,29.301075268817208,9.77571099759397,29.0,6301,18001,15351.0,13993.222222222223,90,8.748463629942055,9.798182590890704,9.638935897473202
2019,372,17701,108.0,29.03,29.03225806451613,9.781376414141157,29.0,6301,18001,15351.0,13993.222222222223,90,8.748463629942055,9.798182590890704,9.638935897473202
2019,372,17801,108.0,29.03,29.03225806451613,9.787009914477434,29.0,6301,18001,15351.0,13993.222222222223,90,8.748463629942055,9.798182590890704,9.638935897473202
2019,372,17901,108.0,29.03,29.03225806451613,9.792611856190192,29.0,6301,18001,15351.0,13993.222222222223,90,8.748463629942055,9.798182590890704,9.638935897473202
2019,372,18001,108.0,29.03,29.03225806451613,9.798182590890704,29.0,6301,18001,15351.0,13993.222222222223,90,8.748463629942055,9.798182590890704,9.638935897473202
2019,372,18101,107.0,28.76,28.763440860215056,9.803722464346553,28.0,6801,19601,16801.0,15007.796116504855,103,8.824824939175638,9.883335864325275,9.729193687429403
2019,372,18201,107.0,28.76,28.763440860215056,9.809231816610408,28.0,6801,19601,16801.0,15007.796116504855,103,8.824824939175638,9.883335864325275,9.729193687429403
2019,372,18301,107.0,28.76,28.763440860215056,9.814710982145282,28.0,6801,19601,16801.0,15007.796116504855,103,8.824824939175638,9.883335864325275,9.729193687429403
2019,372,18401,107.0,28.76,28.763440860215056,9.820160289946374,28.0,6801,19601,16801.0,15007.796116504855,103,8.824824939175638,9.883335864325275,9.729193687429403
2019,372,18501,106.0,28.49,28.49462365591398,9.825580063659602,28.0,6801,19601,16801.0,15007.796116504855,103,8.824824939175638,9.883335864325275,9.729193687429403
2019,372,18601,106.0,28.49,28.49462365591398,9.83097062169695,28.0,6801,19601,16801.0,15007.796116504855,103,8.824824939175638,9.883335864325275,9.729193687429403
2019,372,18701,106.0,28.49,28.49462365591398,9.83633227734872,28.0,6801,19601,16801.0,15007.796116504855,103,8.824824939175638,9.883335864325275,9.729193687429403
2019,372,18801,106.0,28.49,28.49462365591398,9.841665338892785,28.0,6801,19601,16801.0,15007.796116504855,103,8.824824939175638,9.883335864325275,9.729193687429403
2019,372,18901,106.0,28.49,28.49462365591398,9.846970109700957,28.0,6801,19601,16801.0,15007.796116504855,103,8.824824939175638,9.883335864325275,9.729193687429403
2019,372,19001,105.0,28.23,28.225806451612907,9.852246888342531,28.0,6801,19601,16801.0,15007.796116504855,103,8.824824939175638,9.883335864325275,9.729193687429403
2019,372,19101,105.0,28.23,28.225806451612907,9.857495968685136,28.0,6801,19601,16801.0,15007.796116504855,103,8.824824939175638,9.883335864325275,9.729193687429403
2019,372,19201,105.0,28.23,28.225806451612907,9.862717639992917,28.0,6801,19601,16801.0,15007.796116504855,103,8.824824939175638,9.883335864325275,9.729193687429403
2019,372,19301,105.0,28.23,28.225806451612907,9.867912187022208,28.0,6801,19601,16801.0,15007.796116504855,103,8.824824939175638,9.883335864325275,9.729193687429403
2019,372,19401,104.0,27.96,27.956989247311824,9.873079890114703,27.0,7801,21101,18151.0,16328.0,100,8.962007209588313,9.957075711706057,9.806480934593978
2019,372,19501,104.0,27.96,27.956989247311824,9.87822102528824,27.0,7801,21101,18151.0,16328.0,100,8.962007209588313,9.957075711706057,9.806480934593978
2019,372,19601,104.0,27.96,27.956989247311824,9.883335864325275,27.0,7801,21101,18151.0,16328.0,100,8.962007209588313,9.957075711706057,9.806480934593978
2019,372,19701,104.0,27.96,27.956989247311824,9.888424674859083,27.0,7801,21101,18151.0,16328.0,100,8.962007209588313,9.957075711706057,9.806480934593978
2019,372,19801,104.0,27.96,27.956989247311824,9.893487720457795,27.0,7801,21101,18151.0,16328.0,100,8.962007209588313,9.957075711706057,9.806480934593978
2019,372,19901,103.0,27.69,27.688172043010752,9.898525260706313,27.0,7801,21101,18151.0,16328.0,100,8.962007209588313,9.957075711706057,9.806480934593978
2019,372,20001,103.0,27.69,27.688172043010752,9.90353755128617,27.0,7801,21101,18151.0,16328.0,100,8.962007209588313,9.957075711706057,9.806480934593978
2019,372,20101,103.0,27.69,27.688172043010752,9.908524844053396,27.0,7801,21101,18151.0,16328.0,100,8.962007209588313,9.957075711706057,9.806480934593978
2019,372,20201,103.0,27.69,27.688172043010752,9.913487387114461,27.0,7801,21101,18151.0,16328.0,100,8.962007209588313,9.957075711706057,9.806480934593978
2019,372,20301,102.0,27.42,27.419354838709676,9.918425424900335,27.0,7801,21101,18151.0,16328.0,100,8.962007209588313,9.957075711706057,9.806480934593978
2019,372,20401,102.0,27.42,27.419354838709676,9.923339198238729,27.0,7801,21101,18151.0,16328.0,100,8.962007209588313,9.957075711706057,9.806480934593978
2019,372,20501,102.0,27.42,27.419354838709676,9.928228944424575,27.0,7801,21101,18151.0,16328.0,100,8.962007209588313,9.957075711706057,9.806480934593978
2019,372,20601,102.0,27.42,27.419354838709676,9.933094897288786,27.0,7801,21101,18151.0,16328.0,100,8.962007209588313,9.957075711706057,9.806480934593978
2019,372,20701,102.0,27.42,27.419354838709676,9.937937287265354,27.0,7801,21101,18151.0,16328.0,100,8.962007209588313,9.957075711706057,9.806480934593978
2019,372,20801,101.0,27.15,27.1505376344086,9.942756341456828,27.0,7801,21101,18151.0,16328.0,100,8.962007209588313,9.957075711706057,9.806480934593978
2019,372,20901,101.0,27.15,27.1505376344086,9.94755228369823,27.0,7801,21101,18151.0,16328.0,100,8.962007209588313,9.957075711706057,9.806480934593978
2019,372,21001,101.0,27.15,27.1505376344086,9.952325334619427,27.0,7801,21101,18151.0,16328.0,100,8.962007209588313,9.957075711706057,9.806480934593978
2019,372,21101,101.0,27.15,27.1505376344086,9.957075711706057,27.0,7801,21101,18151.0,16328.0,100,8.962007209588313,9.957075711706057,9.806480934593978
2019,372,21201,100.0,26.88,26.881720430107524,9.961803629358965,26.0,8501,23001,19401.0,17608.69230769231,117,9.04793908261736,10.043292972227004,9.873079890114703
2019,372,21301,100.0,26.88,26.881720430107524,9.966509298952284,26.0,8501,23001,19401.0,17608.69230769231,117,9.04793908261736,10.043292972227004,9.873079890114703
2019,372,21401,100.0,26.88,26.881720430107524,9.97119292889014,26.0,8501,23001,19401.0,17608.69230769231,117,9.04793908261736,10.043292972227004,9.873079890114703
2019,372,21501,100.0,26.88,26.881720430107524,9.975854724662028,26.0,8501,23001,19401.0,17608.69230769231,117,9.04793908261736,10.043292972227004,9.873079890114703
2019,372,21601,99.0,26.61,26.61290322580645,9.980494888896912,26.0,8501,23001,19401.0,17608.69230769231,117,9.04793908261736,10.043292972227004,9.873079890114703
2019,372,21701,99.0,26.61,26.61290322580645,9.985113621416073,26.0,8501,23001,19401.0,17608.69230769231,117,9.04793908261736,10.043292972227004,9.873079890114703
2019,372,21801,99.0,26.61,26.61290322580645,9.989711119284745,26.0,8501,23001,19401.0,17608.69230769231,117,9.04793908261736,10.043292972227004,9.873079890114703
2019,372,21901,99.0,26.61,26.61290322580645,9.994287576862567,26.0,8501,23001,19401.0,17608.69230769231,117,9.04793908261736,10.043292972227004,9.873079890114703
2019,372,22001,99.0,26.61,26.61290322580645,9.99884318585288,26.0,8501,23001,19401.0,17608.69230769231,117,9.04793908261736,10.043292972227004,9.873079890114703
2019,372,22101,98.0,26.34,26.344086021505376,10.003378135350923,26.0,8501,23001,19401.0,17608.69230769231,117,9.04793908261736,10.043292972227004,9.873079890114703
2019,372,22201,98.0,26.34,26.344086021505376,10.007892611890918,26.0,8501,23001,19401.0,17608.69230769231,117,9.04793908261736,10.043292972227004,9.873079890114703
2019,372,22301,98.0,26.34,26.344086021505376,10.012386799492118,26.0,8501,23001,19401.0,17608.69230769231,117,9.04793908261736,10.043292972227004,9.873079890114703
2019,372,22401,98.0,26.34,26.344086021505376,10.016860879703811,26.0,8501,23001,19401.0,17608.69230769231,117,9.04793908261736,10.043292972227004,9.873079890114703
2019,372,22501,98.0,26.34,26.344086021505376,10.021315031649332,26.0,8501,23001,19401.0,17608.69230769231,117,9.04793908261736,10.043292972227004,9.873079890114703
2019,372,22601,97.0,26.08,26.0752688172043,10.025749432069084,26.0,8501,23001,19401.0,17608.69230769231,117,9.04793908261736,10.043292972227004,9.873079890114703
2019,372,22701,97.0,26.08,26.0752688172043,10.030164255362632,26.0,8501,23001,19401.0,17608.69230769231,117,9.04793908261736,10.043292972227004,9.873079890114703
2019,372,22801,97.0,26.08,26.0752688172043,10.034559673629849,26.0,8501,23001,19401.0,17608.69230769231,117,9.04793908261736,10.043292972227004,9.873079890114703
2019,372,22901,97.0,26.08,26.0752688172043,10.038935856711177,26.0,8501,23001,19401.0,17608.69230769231,117,9.04793908261736,10.043292972227004,9.873079890114703
2019,372,23001,97.0,26.08,26.0752688172043,10.043292972227004,26.0,8501,23001,19401.0,17608.69230769231,117,9.04793908261736,10.043292972227004,9.873079890114703
2019,372,23101,96.0,25.81,25.806451612903224,10.047631185616188,25.0,9601,24901,20351.0,19123.131147540982,122,9.169622538697624,10.122663242288953,9.920885329712549
2019,372,23201,96.0,25.81,25.806451612903224,10.05195066017375,25.0,9601,24901,20351.0,19123.131147540982,122,9.169622538697624,10.122663242288953,9.920885329712549
2019,372,23301,96.0,25.81,25.806451612903224,10.056251557087757,25.0,9601,24901,20351.0,19123.131147540982,122,9.169622538697624,10.122663242288953,9.920885329712549
2019,372,23401,96.0,25.81,25.806451612903224,10.060534035475412,25.0,9601,24901,20351.0,19123.131147540982,122,9.169622538697624,10.122663242288953,9.920885329712549
2019,372,23501,96.0,25.81,25.806451612903224,10.064798252418377,25.0,9601,24901,20351.0,19123.131147540982,122,9.169622538697624,10.122663242288953,9.920885329712549
2019,372,23601,95.0,25.54,25.537634408602152,10.069044362997353,25.0,9601,24901,20351.0,19123.131147540982,122,9.169622538697624,10.122663242288953,9.920885329712549
2019,372,23701,95.0,25.54,25.537634408602152,10.073272520325904,25.0,9601,24901,20351.0,19123.131147540982,122,9.169622538697624,10.122663242288953,9.920885329712549
2019,372,23801,95.0,25.54,25.537634408602152,10.077482875583607,25.0,9601,24901,20351.0,19123.131147540982,122,9.169622538697624,10.122663242288953,9.920885329712549
2019,372,23901,95.0,25.54,25.537634408602152,10.081675578048475,25.0,9601,24901,20351.0,19123.131147540982,122,9.169622538697624,10.122663242288953,9.920885329712549
2019,372,24001,95.0,25.54,25.537634408602152,10.085850775128717,25.0,9601,24901,20351.0,19123.131147540982,122,9.169622538697624,10.122663242288953,9.920885329712549
2019,372,24101,94.0,25.27,25.268817204301076,10.090008612393838,25.0,9601,24901,20351.0,19123.131147540982,122,9.169622538697624,10.122663242288953,9.920885329712549
2019,372,24201,94.0,25.27,25.268817204301076,10.094149233605084,25.0,9601,24901,20351.0,19123.131147540982,122,9.169622538697624,10.122663242288953,9.920885329712549
2019,372,24301,94.0,25.27,25.268817204301076,10.098272780745283,25.0,9601,24901,20351.0,19123.131147540982,122,9.169622538697624,10.122663242288953,9.920885329712549
2019,372,24401,94.0,25.27,25.268817204301076,10.102379394048045,25.0,9601,24901,20351.0,19123.131147540982,122,9.169622538697624,10.122663242288953,9.920885329712549
2019,372,24501,94.0,25.27,25.268817204301076,10.106469212026385,25.0,9601,24901,20351.0,19123.131147540982,122,9.169622538697624,10.122663242288953,9.920885329712549
2019,372,24601,93.0,25.0,25.0,10.110542371500753,25.0,9601,24901,20351.0,19123.131147540982,122,9.169622538697624,10.122663242288953,9.920885329712549
2019,372,24701,93.0,25.0,25.0,10.114599007626499,25.0,9601,24901,20351.0,19123.131147540982,122,9.169622538697624,10.122663242288953,9.920885329712549
2019,372,24801,93.0,25.0,25.0,10.118639253920785,25.0,9601,24901,20351.0,19123.131147540982,122,9.169622538697624,10.122663242288953,9.920885329712549
2019,372,24901,93.0,25.0,25.0,10.122663242288953,25.0,9601,24901,20351.0,19123.131147540982,122,9.169622538697624,10.122663242288953,9.920885329712549
2019,372,25001,92.0,24.73,24.731182795698924,10.12667110305036,24.0,10801,25601,17451.0,18621.833333333332,72,9.287394001418473,10.150386692204734,9.767152232578871
2020,396,1,352.0,88.89,88.88888888888889,0.0,88.0,1,11,6.0,6.0,4,0.0,2.3978952727983707,1.791759469228055
2020,396,11,320.0,80.81,80.8080808080808,2.3978952727983707,80.0,11,201,31.0,56.0,6,2.3978952727983707,5.303304908059076,3.4339872044851463
2020,396,51,295.0,74.49,74.4949494949495,3.9318256327243257,74.0,51,701,201.0,251.0,6,3.9318256327243257,6.55250788703459,5.303304908059076
2020,396,101,279.0,70.45,70.45454545454545,4.61512051684126,70.0,51,1301,301.0,431.7692307692308,13,3.9318256327243257,7.170888478512505,5.707110264748875
2020,396,201,262.0,66.16,66.16161616161617,5.303304908059076,66.0,101,2101,551.0,801.0,10,4.61512051684126,7.650168700845001,6.311734809152915
2020,396,301,251.0,63.38,63.38383838383839,5.707110264748875,63.0,301,3001,1001.0,1371.5882352941176,17,5.707110264748875,8.006700845440367,6.90875477931522
2020,396,401,243.0,61.36,61.36363636363637,5.993961427306569,61.0,201,3601,901.0,1305.7619047619048,21,5.303304908059076,8.188966863648876,6.803505257608338
2020,396,501,235.0,59.34,59.34343434343434,6.2166061010848646,59.0,501,4401,1701.0,2232.5789473684213,19,6.2166061010848646,8.38958706681109,7.438971592395862
2020,396,601,229.0,57.83,57.82828282828283,6.398594934535208,57.0,601,5201,1901.0,2273.0,25,6.398594934535208,8.556606193773073,7.550135342488429
2020,396,701,223.0,56.31,56.313131313131315,6.55250788703459,56.0,401,5901,2101.0,2678.1428571428573,35,5.993961427306569,8.682877107057168,7.650168700845001
2020,396,801,218.0,55.05,55.05050505050505,6.68586094706836,55.0,401,6301,2201.0,2607.25,32,5.993961427306569,8.748463629942055,7.696667081526462
2020,396,901,214.0,54.04,54.04040404040404,6.803505257608338,54.0,501,6901,2651.0,3181.5555555555557,36,6.2166061010848646,8.839421607620602,7.8826922062890254
2020,396,1001,210.0,53.03,53.03030303030303,6.90875477931522,53.0,501,7601,2901.0,3366.1162790697676,43,6.2166061010848646,8.936035096566041,7.972810784121404
2020,396,1101,207.0,52.27,52.27272727272727,7.00397413672268,52.0,701,8101,2901.0,3608.317073170732,41,6.55250788703459,8.999742789830492,7.972810784121404
2020,396,1201,204.0,51.52,51.515151515151516,7.0909098220799835,51.0,601,8901,3451.0,3991.740740740741,54,6.398594934535208,9.093918908958932,8.146419323098003
2020,396,1301,201.0,50.76,50.75757575757576,7.170888478512505,50.0,701,9801,3851.0,4534.333333333333,60,6.55250788703459,9.19023970026918,8.25608813381491
2020,396,1401,198.0,50.0,50.0,7.244941546337007,50.0,701,9801,3851.0,4534.333333333333,60,6.55250788703459,9.19023970026918,8.25608813381491
2020,396,1501,195.0,49.24,49.24242424242424,7.313886831633462,49.0,801,10501,4001.0,4608.317073170731,41,6.68586094706836,9.259225769705994,8.294299608857235
2020,396,1601,193.0,48.74,48.73737373737374,7.3783837129967145,48.0,901,11401,4251.0,4716.0,60,6.803505257608338,9.34145634983372,8.35490952835879
2020,396,1701,190.0,47.98,47.97979797979798,7.438971592395862,47.0,1001,12201,4001.0,4997.363636363636,55,6.90875477931522,9.409273194575334,8.294299608857235
2020,396,1801,188.0,47.47,47.474747474747474,7.496097345175956,47.0,1001,12201,4001.0,4997.363636363636,55,6.90875477931522,9.409273194575334,8.294299608857235
2020,396,1901,186.0,46.97,46.96969696969697,7.550135342488429,46.0,1101,13401,5351.0,5896.588235294118,68,7.00397413672268,9.503084610020228,8.585038738311304
2020,396,2001,184.0,46.46,46.464646464646464,7.601402334583733,46.0,1101,13401,5351.0,5896.588235294118,68,7.00397413672268,9.503084610020228,8.585038738311304
2020,396,2101,182.0,45.96,45.95959595959596,7.650168700845001,45.0,1201,14501,5701.0,6161.273972602739,73,7.0909098220799835,9.581972891547895,8.648396877031582
2020,396,2201,180.0,45.45,45.45454545454545,7.696667081526462,45.0,1201,14501,5701.0,6161.273972602739,73,7.0909098220799835,9.581972891547895,8.648396877031582
2020,396,2301,179.0,45.2,45.20202020202021,7.741099090035366,45.0,1201,14501,5701.0,6161.273972602739,73,7.0909098220799835,9.581972891547895,8.648396877031582
2020,396,2401,177.0,44.7,44.696969696969695,7.783640596221253,44.0,1301,15501,5401.0,6494.1506849315065,73,7.170888478512505,9.648659816955295,8.594339400592892
2020,396,2501,175.0,44.19,44.19191919191919,7.824445930877619,44.0,1301,15501,5401.0,6494.1506849315065,73,7.170888478512505,9.648659816955295,8.594339400592892
2020,396,2601,174.0,43.94,43.93939393939394,7.8636512654486515,43.0,1501,16801,6951.0,7356.555555555556,90,7.313886831633462,9.729193687429403,8.846640813100485
2020,396,2701,172.0,43.43,43.43434343434344,7.901377353792616,43.0,1501,16801,6951.0,7356.555555555556,90,7.313886831633462,9.729193687429403,8.846640813100485
2020,396,2801,171.0,43.18,43.18181818181818,7.937731775260109,43.0,1501,16801,6951.0,7356.555555555556,90,7.313886831633462,9.729193687429403,8.846640813100485
2020,396,2901,169.0,42.68,42.676767676767675,7.972810784121404,42.0,1601,18401,7901.0,8481.459770114943,87,7.3783837129967145,9.820160289946374,8.974744612722734
2020,396,3001,168.0,42.42,42.42424242424242,8.006700845440367,42.0,1601,18401,7901.0,8481.459770114943,87,7.3783837129967145,9.820160289946374,8.974744612722734
2020,396,3101,167.0,42.17,42.17171717171717,8.03947991910045,42.0,1601,18401,7901.0,8481.459770114943,87,7.3783837129967145,9.820160289946374,8.974744612722734
2020,396,3201,165.0,41.67,41.66666666666667,8.071218539969863,41.0,1701,19401,7351.0,8254.125,96,7.438971592395862,9.873079890114703,8.902591637374087
2020,396,3301,164.0,41.41,41.41414141414141,8.101980731853192,41.0,1701,19401,7351.0,8254.125,96,7.438971592395862,9.873079890114703,8.902591637374087
2020,396,3401,163.0,41.16,41.16161616161616,8.131824785007195,41.0,1701,19401,7351.0,8254.125,96,7.438971592395862,9.873079890114703,8.902591637374087
2020,396,3501,162.0,40.91,40.909090909090914,8.160803920954665,40.0,1901,21101,8351.0,9465.406779661016,118,7.550135342488429,9.957075711706057,9.03013657115323
2020,396,3601,161.0,40.66,40.65656565656566,8.188966863648876,40.0,1901,21101,8351.0,9465.406779661016,118,7.550135342488429,9.957075711706057,9.03013657115323
2020,396,3701,159.0,40.15,40.15151515151515,8.216358332386156,40.0,1901,21101,8351.0,9465.406779661016,118,7.550135342488429,9.957075711706057,9.03013657115323
2020,396,3801,158.0,39.9,39.8989898989899,8.24301946898925,39.0,2201,22801,9351.0,10543.452830188678,106,7.696667081526462,10.034559673629849,9.143238568435446
2020,396,3901,157.0,39.65,39.64646464646464,8.268988209506656,39.0,2201,22801,9351.0,10543.452830188678,106,7.696667081526462,10.034559673629849,9.143238568435446
2020,396,4001,156.0,39.39,39.39393939393939,8.294299608857235,39.0,2201,22801,9351.0,10543.452830188678,106,7.696667081526462,10.034559673629849,9.143238568435446
2020,396,4101,155.0,39.14,39.141414141414145,8.31898612539206,39.0,2201,22801,9351.0,10543.452830188678,106,7.696667081526462,10.034559673629849,9.143238568435446
2020,396,4201,154.0,38.89,38.88888888888889,8.343077871169383,38.0,2401,24201,11201.0,10851.40650406504,123,7.783640596221253,10.094149233605084,9.32375833901174
2020,396,4301,153.0,38.64,38.63636363636363,8.366602832783736,38.0,2401,24201,11201.0,10851.40650406504,123,7.783640596221253,10.094149233605084,9.32375833901174
2020,396,4401,152.0,38.38,38.38383838383838,8.38958706681109,38.0,2401,24201,11201.0,10851.40650406504,123,7.783640596221253,10.094149233605084,9.32375833901174
2020,396,4501,151.0,38.13,38.131313131313135,8.412054873292933,38.0,2401,24201,11201.0,10851.40650406504,123,7.783640596221253,10.094149233605084,9.32375833901174
2020,396,4601,150.0,37.88,37.878787878787875,8.434028950155469,37.0,2701,26201,12601.0,12353.713178294574,129,7.901377353792616,10.173552856959743,9.441531454869693
2020,396,4701,149.0,37.63,37.62626262626262,8.45553053102413,37.0,2701,26201,12601.0,12353.713178294574,129,7.901377353792616,10.173552856959743,9.441531454869693
2020,396,4801,148.0,37.37,37.37373737373738,8.476579508530941,37.0,2701,26201,12601.0,12353.713178294574,129,7.901377353792616,10.173552856959743,9.441531454869693
2020,396,4901,148.0,37.37,37.37373737373738,8.497194544909547,37.0,2701,26201,12601.0,12353.713178294574,129,7.901377353792616,10.173552856959743,9.441531454869693
2020,396,5001,147.0,37.12,37.121212121212125,8.517393171418904,37.0,2701,26201,12601.0,12353.713178294574,129,7.901377353792616,10.173552856959743,9.441531454869693
2020,396,5101,146.0,36.87,36.868686868686865,8.537191877922927,36.0,2901,28401,13701.0,13498.278911564626,147,7.972810784121404,10.254179634797001,9.525224101853109
2020,396,5201,145.0,36.62,36.61616161616162,8.556606193773073,36.0,2901,28401,13701.0,13498.278911564626,147,7.972810784121404,10.254179634797001,9.525224101853109
2020,396,5301,144.0,36.36,36.36363636363637,8.575650760987806,36.0,2901,28401,13701.0,13498.278911564626,147,7.972810784121404,10.254179634797001,9.525224101853109
2020,396,5401,144.0,36.36,36.36363636363637,8.594339400592892,36.0,2901,28401,13701.0,13498.278911564626,147,7.972810784121404,10.254179634797001,9.525224101853109
2020,396,5501,143.0,36.11,36.11111111111111,8.612685172875459,36.0,2901,28401,13701.0,13498.278911564626,147,7.972810784121404,10.254179634797001,9.525224101853109
2020,396,5601,142.0,35.86,35.858585858585855,8.630700432209832,35.0,3201,30101,15251.0,14490.583333333334,144,8.071218539969863,10.31231367277647,9.632400353656184
2020,396,5701,141.0,35.61,35.60606060606061,8.648396877031582,35.0,3201,30101,15251.0,14490.583333333334,144,8.071218539969863,10.31231367277647,9.632400353656184
2020,396,5801,141.0,35.61,35.60606060606061,8.665785595466064,35.0,3201,30101,15251.0,14490.583333333334,144,8.071218539969863,10.31231367277647,9.632400353656184
2020,396,5901,140.0,35.35,35.35353535353536,8.682877107057168,35.0,3201,30101,15251.0,14490.583333333334,144,8.071218539969863,10.31231367277647,9.632400353656184
2020,396,6001,139.0,35.1,35.1010101010101,8.699681400989514,35.0,3201,30101,15251.0,14490.583333333334,144,8.071218539969863,10.31231367277647,9.632400353656184
2020,396,6101,138.0,34.85,34.84848484848485,8.716207971151853,34.0,3601,30801,11051.0,13145.68085106383,94,8.188966863648876,10.335302435967074,9.310276200588783
2020,396,6201,138.0,34.85,34.84848484848485,8.732465848349879,34.0,3601,30801,11051.0,13145.68085106383,94,8.188966863648876,10.335302435967074,9.310276200588783
2020,396,6301,137.0,34.6,34.5959595959596,8.748463629942055,34.0,3601,30801,11051.0,13145.68085106383,94,8.188966863648876,10.335302435967074,9.310276200588783
2020,396,6401,136.0,34.34,34.34343434343434,8.764209507142004,34.0,3601,30801,11051.0,13145.68085106383,94,8.188966863648876,10.335302435967074,9.310276200588783
2020,396,6501,136.0,34.34,34.34343434343434,8.77971129020447,34.0,3601,30801,11051.0,13145.68085106383,94,8.188966863648876,10.335302435967074,9.310276200588783
2020,396,6601,135.0,34.09,34.090909090909086,8.79497643168877,34.0,3601,30801,11051.0,13145.68085106383,94,8.188966863648876,10.335302435967074,9.310276200588783
2020,396,6701,135.0,34.09,34.090909090909086,8.81001204797317,34.0,3601,30801,11051.0,13145.68085106383,94,8.188966863648876,10.335302435967074,9.310276200588783
2020,396,6801,134.0,33.84,33.83838383838384,8.824824939175638,33.0,3901,20101,11451.0,11791.217391304348,92,8.268988209506656,9.908524844053396,9.34583234141334
2020,396,6901,133.0,33.59,33.58585858585859,8.839421607620602,33.0,3901,20101,11451.0,11791.217391304348,92,8.268988209506656,9.908524844053396,9.34583234141334
2020,396,7001,133.0,33.59,33.58585858585859,8.853808274977197,33.0,3901,20101,11451.0,11791.217391304348,92,8.268988209506656,9.908524844053396,9.34583234141334
2020,396,7101,132.0,33.33,33.33333333333333,8.867990898182093,33.0,3901,20101,11451.0,11791.217391304348,92,8.268988209506656,9.908524844053396,9.34583234141334
2020,396,7201,132.0,33.33,33.33333333333333,8.881975184248867,33.0,3901,20101,11451.0,11791.217391304348,92,8.268988209506656,9.908524844053396,9.34583234141334
2020,396,7301,131.0,33.08,33.08080808080808,8.895766604056085,33.0,3901,20101,11451.0,11791.217391304348,92,8.268988209506656,9.908524844053396,9.34583234141334
2020,396,7401,131.0,33.08,33.08080808080808,8.909370405197466,33.0,3901,20101,11451.0,11791.217391304348,92,8.268988209506656,9.908524844053396,9.34583234141334
2020,396,7501,130.0,32.83,32.82828282828283,8.922791623969637,32.0,4401,21701,12151.0,12598.5,80,8.38958706681109,9.985113621416073,9.405166749908611
2020,396,7601,130.0,32.83,32.82828282828283,8.936035096566041,32.0,4401,21701,12151.0,12598.5,80,8.38958706681109,9.985113621416073,9.405166749908611
2020,396,7701,129.0,32.58,32.57575757575758,8.94910546953925,32.0,4401,21701,12151.0,12598.5,80,8.38958706681109,9.985113621416073,9.405166749908611
2020,396,7801,129.0,32.58,32.57575757575758,8.962007209588313,32.0,4401,21701,12151.0,12598.5,80,8.38958706681109,9.985113621416073,9.405166749908611
2020,396,7901,128.0,32.32,32.323232323232325,8.974744612722734,32.0,4401,21701,12151.0,12598.5,80,8.38958706681109,9.985113621416073,9.405166749908611
2020,396,8001,127.0,32.07,32.07070707070707,8.987321812850125,32.0,4401,21701,12151.0,12598.5,80,8.38958706681109,9.985113621416073,9.405166749908611
2020,396,8101,127.0,32.07,32.07070707070707,8.999742789830492,32.0,4401,21701,12151.0,12598.5,80,8.38958706681109,9.985113621416073,9.405166749908611
2020,396,8201,127.0,32.07,32.07070707070707,9.012011377036412,32.0,4401,21701,12151.0,12598.5,80,8.38958706681109,9.985113621416073,9.405166749908611
2020,396,8301,126.0,31.82,31.818181818181817,9.024131268455035,31.0,4801,24001,13601.0,13990.908256880733,109,8.476579508530941,10.085850775128717,9.517898598432753
2020,396,8401,125.0,31.57,31.565656565656564,9.036106025364846,31.0,4801,24001,13601.0,13990.908256880733,109,8.476579508530941,10.085850775128717,9.517898598432753
2020,396,8501,125.0,31.57,31.565656565656564,9.04793908261736,31.0,4801,24001,13601.0,13990.908256880733,109,8.476579508530941,10.085850775128717,9.517898598432753
2020,396,8601,124.0,31.31,31.313131313131315,9.059633754551479,31.0,4801,24001,13601.0,13990.908256880733,109,8.476579508530941,10.085850775128717,9.517898598432753
2020,396,8701,124.0,31.31,31.313131313131315,9.071193240566025,31.0,4801,24001,13601.0,13990.908256880733,109,8.476579508530941,10.085850775128717,9.517898598432753
2020,396,8801,123.0,31.06,31.060606060606062,9.082620630373812,31.0,4801,24001,13601.0,13990.908256880733,109,8.476579508530941,10.085850775128717,9.517898598432753
2020,396,8901,123.0,31.06,31.060606060606062,9.093918908958932,31.0,4801,24001,13601.0,13990.908256880733,109,8.476579508530941,10.085850775128717,9.517898598432753
2020,396,9001,122.0,30.81,30.808080808080806,9.105090961257085,30.0,5501,26001,14501.0,14815.529914529914,117,8.612685172875459,10.165890277802454,9.581972891547895
2020,396,9101,122.0,30.81,30.808080808080806,9.116139576577355,30.0,5501,26001,14501.0,14815.529914529914,117,8.612685172875459,10.165890277802454,9.581972891547895
2020,396,9201,121.0,30.56,30.555555555555557,9.127067452782361,30.0,5501,26001,14501.0,14815.529914529914,117,8.612685172875459,10.165890277802454,9.581972891547895
2020,396,9301,121.0,30.56,30.555555555555557,9.137877200242468,30.0,5501,26001,14501.0,14815.529914529914,117,8.612685172875459,10.165890277802454,9.581972891547895
2020,396,9401,120.0,30.3,30.303030303030305,9.148571345578551,30.0,5501,26001,14501.0,14815.529914529914,117,8.612685172875459,10.165890277802454,9.581972891547895
2020,396,9501,120.0,30.3,30.303030303030305,9.15915233520675,30.0,5501,26001,14501.0,14815.529914529914,117,8.612685172875459,10.165890277802454,9.581972891547895
2020,396,9601,119.0,30.05,30.05050505050505,9.169622538697624,30.0,5501,26001,14501.0,14815.529914529914,117,8.612685172875459,10.165890277802454,9.581972891547895
2020,396,9701,119.0,30.05,30.05050505050505,9.179984251961283,30.0,5501,26001,14501.0,14815.529914529914,117,8.612685172875459,10.165890277802454,9.581972891547895
2020,396,9801,119.0,30.05,30.05050505050505,9.19023970026918,30.0,5501,26001,14501.0,14815.529914529914,117,8.612685172875459,10.165890277802454,9.581972891547895
2020,396,9901,118.0,29.8,29.797979797979796,9.200391041122515,29.0,6301,18001,15351.0,13993.222222222223,90,8.748463629942055,9.798182590890704,9.638935897473202
2020,396,10001,118.0,29.8,29.797979797979796,9.210440366976517,29.0,6301,18001,15351.0,13993.222222222223,90,8.748463629942055,9.798182590890704,9.638935897473202
2020,396,10101,117.0,29.55,29.545454545454547,9.220389707829185,29.0,6301,18001,15351.0,13993.222222222223,90,8.748463629942055,9.798182590890704,9.638935897473202
2020,396,10201,117.0,29.55,29.545454545454547,9.23024103368252,29.0,6301,18001,15351.0,13993.222222222223,90,8.748463629942055,9.798182590890704,9.638935897473202
2020,396,10301,117.0,29.55,29.545454545454547,9.239996256883693,29.0,6301,18001,15351.0,13993.222222222223,90,8.748463629942055,9.798182590890704,9.638935897473202
2020,396,10401,116.0,29.29,29.292929292929294,9.249657234353133,29.0,6301,18001,15351.0,13993.222222222223,90,8.748463629942055,9.798182590890704,9.638935897473202
2020,396,10501,116.0,29.29,29.292929292929294,9.259225769705994,29.0,6301,18001,15351.0,13993.222222222223,90,8.748463629942055,9.798182590890704,9.638935897473202
2020,396,10601,116.0,29.29,29.292929292929294,9.268703615273097,29.0,6301,18001,15351.0,13993.222222222223,90,8.748463629942055,9.798182590890704,9.638935897473202
2020,396,10701,115.0,29.04,29.040404040404038,9.278092474027002,29.0,6301,18001,15351.0,13993.222222222223,90,8.748463629942055,9.798182590890704,9.638935897473202
2020,396,10801,115.0,29.04,29.040404040404038,9.287394001418473,29.0,6301,18001,15351.0,13993.222222222223,90,8.748463629942055,9.798182590890704,9.638935897473202
2020,396,10901,114.0,28.79,28.78787878787879,9.296609807128359,28.0,6801,19601,16801.0,15007.796116504855,103,8.824824939175638,9.883335864325275,9.729193687429403
2020,396,11001,114.0,28.79,28.78787878787879,9.305741456739435,28.0,6801,19601,16801.0,15007.796116504855,103,8.824824939175638,9.883335864325275,9.729193687429403
2020,396,11101,114.0,28.79,28.78787878787879,9.314790473332646,28.0,6801,19601,16801.0,15007.796116504855,103,8.824824939175638,9.883335864325275,9.729193687429403
2020,396,11201,113.0,28.54,28.535353535353536,9.32375833901174,28.0,6801,19601,16801.0,15007.796116504855,103,8.824824939175638,9.883335864325275,9.729193687429403
2020,396,11301,113.0,28.54,28.535353535353536,9.332646496360152,28.0,6801,19601,16801.0,15007.796116504855,103,8.824824939175638,9.883335864325275,9.729193687429403
2020,396,11401,112.0,28.28,28.28282828282828,9.34145634983372,28.0,6801,19601,16801.0,15007.796116504855,103,8.824824939175638,9.883335864325275,9.729193687429403
2020,396,11501,112.0,28.28,28.28282828282828,9.350189267092581,28.0,6801,19601,16801.0,15007.796116504855,103,8.824824939175638,9.883335864325275,9.729193687429403
2020,396,11601,112.0,28.28,28.28282828282828,9.358846580275406,28.0,6801,19601,16801.0,15007.796116504855,103,8.824824939175638,9.883335864325275,9.729193687429403
2020,396,11701,111.0,28.03,28.030303030303028,9.367429587218957,28.0,6801,19601,16801.0,15007.796116504855,103,8.824824939175638,9.883335864325275,9.729193687429403
2020,396,11801,111.0,28.03,28.030303030303028,9.375939552625749,28.0,6801,19601,16801.0,15007.796116504855,103,8.824824939175638,9.883335864325275,9.729193687429403
2020,396,11901,111.0,28.03,28.030303030303028,9.38437770918244,28.0,6801,19601,16801.0,15007.796116504855,103,8.824824939175638,9.883335864325275,9.729193687429403
2020,396,12001,110.0,27.78,27.77777777777778,9.392745258631441,27.0,7801,21101,18151.0,16328.0,100,8.962007209588313,9.957075711706057,9.806480934593978
2020,396,12101,110.0,27.78,27.77777777777778,9.401043372798053,27.0,7801,21101,18151.0,16328.0,100,8.962007209588313,9.957075711706057,9.806480934593978
2020,396,12201,109.0,27.53,27.525252525252526,9.409273194575334,27.0,7801,21101,18151.0,16328.0,100,8.962007209588313,9.957075711706057,9.806480934593978
2020,396,12301,109.0,27.53,27.525252525252526,9.417435838868785,27.0,7801,21101,18151.0,16328.0,100,8.962007209588313,9.957075711706057,9.806480934593978
2020,396,12401,109.0,27.53,27.525252525252526,9.425532393502772,27.0,7801,21101,18151.0,16328.0,100,8.962007209588313,9.957075711706057,9.806480934593978
2020,396,12501,109.0,27.53,27.525252525252526,9.433563920090563,27.0,7801,21101,18151.0,16328.0,100,8.962007209588313,9.957075711706057,9.806480934593978
2020,396,12601,108.0,27.27,27.27272727272727,9.441531454869693,27.0,7801,21101,18151.0,16328.0,100,8.962007209588313,9.957075711706057,9.806480934593978
2020,396,12701,108.0,27.27,27.27272727272727,9.44943600950432,27.0,7801,21101,18151.0,16328.0,100,8.962007209588313,9.957075711706057,9.806480934593978
2020,396,12801,108.0,27.27,27.27272727272727,9.45727857185611,27.0,7801,21101,18151.0,16328.0,100,8.962007209588313,9.957075711706057,9.806480934593978
2020,396,12901,107.0,27.02,27.02020202020202,9.465060106725137,27.0,7801,21101,18151.0,16328.0,100,8.962007209588313,9.957075711706057,9.806480934593978
2020,396,13001,107.0,27.02,27.02020202020202,9.472781556562168,27.0,7801,21101,18151.0,16328.0,100,8.962007209588313,9.957075711706057,9.806480934593978
2020,396,13101,107.0,27.02,27.02020202020202,9.48044384215367,27.0,7801,21101,18151.0,16328.0,100,8.962007209588313,9.957075711706057,9.806480934593978
2020,396,13201,106.0,26.77,26.767676767676768,9.488047863280759,26.0,8501,23001,19401.0,17608.69230769231,117,9.04793908261736,10.043292972227004,9.873079890114703
2020,396,13301,106.0,26.77,26.767676767676768,9.495594499353297,26.0,8501,23001,19401.0,17608.69230769231,117,9.04793908261736,10.043292972227004,9.873079890114703
2020,396,13401,106.0,26.77,26.767676767676768,9.503084610020228,26.0,8501,23001,19401.0,17608.69230769231,117,9.04793908261736,10.043292972227004,9.873079890114703
2020,396,13501,105.0,26.52,26.515151515151516,9.510519035757246,26.0,8501,23001,19401.0,17608.69230769231,117,9.04793908261736,10.043292972227004,9.873079890114703
2020,396,13601,105.0,26.52,26.515151515151516,9.517898598432753,26.0,8501,23001,19401.0,17608.69230769231,117,9.04793908261736,10.043292972227004,9.873079890114703
2020,396,13701,105.0,26.52,26.515151515151516,9.525224101853109,26.0,8501,23001,19401.0,17608.69230769231,117,9.04793908261736,10.043292972227004,9.873079890114703
2020,396,13801,104.0,26.26,26.262626262626267,9.53249633228804,26.0,8501,23001,19401.0,17608.69230769231,117,9.04793908261736,10.043292972227004,9.873079890114703
2020,396,13901,104.0,26.26,26.262626262626267,9.539716058977092,26.0,8501,23001,19401.0,17608.69230769231,117,9.04793908261736,10.043292972227004,9.873079890114703
2020,396,14001,104.0,26.26,26.262626262626267,9.546884034617925,26.0,8501,23001,19401.0,17608.69230769231,117,9.04793908261736,10.043292972227004,9.873079890114703
2020,396,14101,103.0,26.01,26.01010101010101,9.55400099583723,26.0,8501,23001,19401.0,17608.69230769231,117,9.04793908261736,10.043292972227004,9.873079890114703
2020,396,14201,103.0,26.01,26.01010101010101,9.561067663645012,26.0,8501,23001,19401.0,17608.69230769231,117,9.04793908261736,10.043292972227004,9.873079890114703
2020,396,14301,103.0,26.01,26.01010101010101,9.568084743872936,26.0,8501,23001,19401.0,17608.69230769231,117,9.04793908261736,10.043292972227004,9.873079890114703
2020,396,14401,103.0,26.01,26.01010101010101,9.575052927597383,26.0,8501,23001,19401.0,17608.69230769231,117,9.04793908261736,10.043292972227004,9.873079890114703
2020,396,14501,102.0,25.76,25.757575757575758,9.581972891547895,25.0,9601,24901,20351.0,19123.131147540982,122,9.169622538697624,10.122663242288953,9.920885329712549
2020,396,14601,102.0,25.76,25.757575757575758,9.588845298501564,25.0,9601,24901,20351.0,19123.131147540982,122,9.169622538697624,10.122663242288953,9.920885329712549
2020,396,14701,102.0,25.76,25.757575757575758,9.595670797663967,25.0,9601,24901,20351.0,19123.131147540982,122,9.169622538697624,10.122663242288953,9.920885329712549
2020,396,14801,101.0,25.51,25.5050505050505,9.60245002503719,25.0,9601,24901,20351.0,19123.131147540982,122,9.169622538697624,10.122663242288953,9.920885329712549
2020,396,14901,101.0,25.51,25.5050505050505,9.60918360377546,25.0,9601,24901,20351.0,19123.131147540982,122,9.169622538697624,10.122663242288953,9.920885329712549
2020,396,15001,101.0,25.51,25.5050505050505,9.61587214452889,25.0,9601,24901,20351.0,19123.131147540982,122,9.169622538697624,10.122663242288953,9.920885329712549
2020,396,15101,101.0,25.51,25.5050505050505,9.62251624577579,25.0,9601,24901,20351.0,19123.131147540982,122,9.169622538697624,10.122663242288953,9.920885329712549
2020,396,15201,100.0,25.25,25.252525252525253,9.62911649414402,25.0,9601,24901,20351.0,19123.131147540982,122,9.169622538697624,10.122663242288953,9.920885329712549
2020,396,15301,100.0,25.25,25.252525252525253,9.635673464721814,25.0,9601,24901,20351.0,19123.131147540982,122,9.169622538697624,10.122663242288953,9.920885329712549
2020,396,15401,100.0,25.25,25.252525252525253,9.642187721358466,25.0,9601,24901,20351.0,19123.131147540982,122,9.169622538697624,10.122663242288953,9.920885329712549
2020,396,15501,99.0,25.0,25.0,9.648659816955295,25.0,9601,24901,20351.0,19123.131147540982,122,9.169622538697624,10.122663242288953,9.920885329712549
2020,396,15601,99.0,25.0,25.0,9.65509029374725,25.0,9601,24901,20351.0,19123.131147540982,122,9.169622538697624,10.122663242288953,9.920885329712549
2020,396,15701,99.0,25.0,25.0,9.661479683575521,25.0,9601,24901,20351.0,19123.131147540982,122,9.169622538697624,10.122663242288953,9.920885329712549
2020,396,15801,99.0,25.0,25.0,9.6678285081515,25.0,9601,24901,20351.0,19123.131147540982,122,9.169622538697624,10.122663242288953,9.920885329712549
2020,396,15901,98.0,24.75,24.747474747474747,9.674137279312397,24.0,10801,25601,17451.0,18621.833333333332,72,9.287394001418473,10.150386692204734,9.767152232578871
2020,396,16001,98.0,24.75,24.747474747474747,9.680406499268875,24.0,10801,25601,17451.0,18621.833333333332,72,9.287394001418473,10.150386692204734,9.767152232578871
2020,396,16101,98.0,24.75,24.747474747474747,9.686636660844938,24.0,10801,25601,17451.0,18621.833333333332,72,9.287394001418473,10.150386692204734,9.767152232578871
2020,396,16201,97.0,24.49,24.494949494949495,9.692828247710418,24.0,10801,25601,17451.0,18621.833333333332,72,9.287394001418473,10.150386692204734,9.767152232578871
2020,396,16301,97.0,24.49,24.494949494949495,9.69898173460629,24.0,10801,25601,17451.0,18621.833333333332,72,9.287394001418473,10.150386692204734,9.767152232578871
2020,396,16401,97.0,24.49,24.494949494949495,9.70509758756311,24.0,10801,25601,17451.0,18621.833333333332,72,9.287394001418473,10.150386692204734,9.767152232578871
2020,396,16501,97.0,24.49,24.494949494949495,9.711176264112805,24.0,10801,25601,17451.0,18621.833333333332,72,9.287394001418473,10.150386692204734,9.767152232578871
2020,396,16601,96.0,24.24,24.242424242424242,9.717218213494077,24.0,10801,25601,17451.0,18621.833333333332,72,9.287394001418473,10.150386692204734,9.767152232578871
2020,396,16701,96.0,24.24,24.242424242424242,9.723223876851618,24.0,10801,25601,17451.0,18621.833333333332,72,9.287394001418473,10.150386692204734,9.767152232578871
2020,396,16801,96.0,24.24,24.242424242424242,9.729193687429403,24.0,10801,25601,17451.0,18621.833333333332,72,9.287394001418473,10.150386692204734,9.767152232578871
2020,396,16901,96.0,24.24,24.242424242424242,9.735128070758227,24.0,10801,25601,17451.0,18621.833333333332,72,9.287394001418473,10.150386692204734,9.767152232578871
2020,396,17001,95.0,23.99,23.98989898989899,9.741027444837728,23.0,11801,26401,18401.0,18192.780821917808,73,9.375939552625749,10.181157167204903,9.820160289946374
2020,396,17101,95.0,23.99,23.98989898989899,9.746892220313054,23.0,11801,26401,18401.0,18192.780821917808,73,9.375939552625749,10.181157167204903,9.820160289946374
2020,396,17201,95.0,23.99,23.98989898989899,9.75272280064639,23.0,11801,26401,18401.0,18192.780821917808,73,9.375939552625749,10.181157167204903,9.820160289946374
2020,396,17301,95.0,23.99,23.98989898989899,9.758519582283522,23.0,11801,26401,18401.0,18192.780821917808,73,9.375939552625749,10.181157167204903,9.820160289946374
2020,396,17401,94.0,23.74,23.737373737373737,9.76428295481558,23.0,11801,26401,18401.0,18192.780821917808,73,9.375939552625749,10.181157167204903,9.820160289946374
2020,396,17501,94.0,23.74,23.737373737373737,9.770013301136158,23.0,11801,26401,18401.0,18192.780821917808,73,9.375939552625749,10.181157167204903,9.820160289946374
2020,396,17601,94.0,23.74,23.737373737373737,9.77571099759397,23.0,11801,26401,18401.0,18192.780821917808,73,9.375939552625749,10.181157167204903,9.820160289946374
2020,396,17701,94.0,23.74,23.737373737373737,9.781376414141157,23.0,11801,26401,18401.0,18192.780821917808,73,9.375939552625749,10.181157167204903,9.820160289946374
2020,396,17801,93.0,23.48,23.484848484848484,9.787009914477434,23.0,11801,26401,18401.0,18192.780821917808,73,9.375939552625749,10.181157167204903,9.820160289946374
2020,396,17901,93.0,23.48,23.484848484848484,9.792611856190192,23.0,11801,26401,18401.0,18192.780821917808,73,9.375939552625749,10.181157167204903,9.820160289946374
2020,396,18001,93.0,23.48,23.484848484848484,9.798182590890704,23.0,11801,26401,18401.0,18192.780821917808,73,9.375939552625749,10.181157167204903,9.820160289946374
2020,396,18101,93.0,23.48,23.484848484848484,9.803722464346553,23.0,11801,26401,18401.0,18192.780821917808,73,9.375939552625749,10.181157167204903,9.820160289946374
2020,396,18201,92.0,23.23,23.232323232323232,9.809231816610408,23.0,11801,26401,18401.0,18192.780821917808,73,9.375939552625749,10.181157167204903,9.820160289946374
2020,396,18301,92.0,23.23,23.232323232323232,9.814710982145282,23.0,11801,26401,18401.0,18192.780821917808,73,9.375939552625749,10.181157167204903,9.820160289946374
2020,396,18401,92.0,23.23,23.232323232323232,9.820160289946374,23.0,11801,26401,18401.0,18192.780821917808,73,9.375939552625749,10.181157167204903,9.820160289946374
2020,396,18501,92.0,23.23,23.232323232323232,9.825580063659602,23.0,11801,26401,18401.0,18192.780821917808,73,9.375939552625749,10.181157167204903,9.820160289946374
2020,396,18601,91.0,22.98,22.97979797979798,9.83097062169695,22.0,13201,22001,20001.0,19007.349206349205,63,9.488047863280759,9.99884318585288,9.90353755128617
2020,396,18701,91.0,22.98,22.97979797979798,9.83633227734872,22.0,13201,22001,20001.0,19007.349206349205,63,9.488047863280759,9.99884318585288,9.90353755128617
2020,396,18801,91.0,22.98,22.97979797979798,9.841665338892785,22.0,13201,22001,20001.0,19007.349206349205,63,9.488047863280759,9.99884318585288,9.90353755128617
2020,396,18901,91.0,22.98,22.97979797979798,9.846970109700957,22.0,13201,22001,20001.0,19007.349206349205,63,9.488047863280759,9.99884318585288,9.90353755128617
2020,396,19001,91.0,22.98,22.97979797979798,9.852246888342531,22.0,13201,22001,20001.0,19007.349206349205,63,9.488047863280759,9.99884318585288,9.90353755128617
2020,396,19101,90.0,22.73,22.727272727272727,9.857495968685136,22.0,13201,22001,20001.0,19007.349206349205,63,9.488047863280759,9.99884318585288,9.90353755128617
2020,396,19201,90.0,22.73,22.727272727272727,9.862717639992917,22.0,13201,22001,20001.0,19007.349206349205,63,9.488047863280759,9.99884318585288,9.90353755128617
2020,396,19301,90.0,22.73,22.727272727272727,9.867912187022208,22.0,13201,22001,20001.0,19007.349206349205,63,9.488047863280759,9.99884318585288,9.90353755128617
2020,396,19401,90.0,22.73,22.727272727272727,9.873079890114703,22.0,13201,22001,20001.0,19007.349206349205,63,9.488047863280759,9.99884318585288,9.90353755128617
2020,396,19501,89.0,22.47,22.474747474747474,9.87822102528824,22.0,13201,22001,20001.0,19007.349206349205,63,9.488047863280759,9.99884318585288,9.90353755128617
2020,396,19601,89.0,22.47,22.474747474747474,9.883335864325275,22.0,13201,22001,20001.0,19007.349206349205,63,9.488047863280759,9.99884318585288,9.90353755128617
2020,396,19701,89.0,22.47,22.474747474747474,9.888424674859083,22.0,13201,22001,20001.0,19007.349206349205,63,9.488047863280759,9.99884318585288,9.90353755128617
2020,396,19801,89.0,22.47,22.474747474747474,9.893487720457795,22.0,13201,22001,20001.0,19007.349206349205,63,9.488047863280759,9.99884318585288,9.90353755128617
2020,396,19901,89.0,22.47,22.474747474747474,9.898525260706313,22.0,13201,22001,20001.0,19007.349206349205,63,9.488047863280759,9.99884318585288,9.90353755128617
2020,396,20001,88.0,22.22,22.22222222222222,9.90353755128617,22.0,13201,22001,20001.0,19007.349206349205,63,9.488047863280759,9.99884318585288,9.90353755128617
2020,396,20101,88.0,22.22,22.22222222222222,9.908524844053396,22.0,13201,22001,20001.0,19007.349206349205,63,9.488047863280759,9.99884318585288,9.90353755128617
2020,396,20201,88.0,22.22,22.22222222222222,9.913487387114461,22.0,13201,22001,20001.0,19007.349206349205,63,9.488047863280759,9.99884318585288,9.90353755128617
2020,396,20301,88.0,22.22,22.22222222222222,9.918425424900335,22.0,13201,22001,20001.0,19007.349206349205,63,9.488047863280759,9.99884318585288,9.90353755128617
2020,396,20401,87.0,21.97,21.96969696969697,9.923339198238729,21.0,14401,23601,21501.0,20296.774647887323,71,9.575052927597383,10.069044362997353,9.975854724662028
2020,396,20501,87.0,21.97,21.96969696969697,9.928228944424575,21.0,14401,23601,21501.0,20296.774647887323,71,9.575052927597383,10.069044362997353,9.975854724662028
2020,396,20601,87.0,21.97,21.96969696969697,9.933094897288786,21.0,14401,23601,21501.0,20296.774647887323,71,9.575052927597383,10.069044362997353,9.975854724662028
2020,396,20701,87.0,21.97,21.96969696969697,9.937937287265354,21.0,14401,23601,21501.0,20296.774647887323,71,9.575052927597383,10.069044362997353,9.975854724662028
2020,396,20801,87.0,21.97,21.96969696969697,9.942756341456828,21.0,14401,23601,21501.0,20296.774647887323,71,9.575052927597383,10.069044362997353,9.975854724662028
2020,396,20901,86.0,21.72,21.71717171717172,9.94755228369823,21.0,14401,23601,21501.0,20296.774647887323,71,9.575052927597383,10.069044362997353,9.975854724662028
2020,396,21001,86.0,21.72,21.71717171717172,9.952325334619427,21.0,14401,23601,21501.0,20296.774647887323,71,9.575052927597383,10.069044362997353,9.975854724662028
2020,396,21101,86.0,21.72,21.71717171717172,9.957075711706057,21.0,14401,23601,21501.0,20296.774647887323,71,9.575052927597383,10.069044362997353,9.975854724662028
2020,396,21201,86.0,21.72,21.71717171717172,9.961803629358965,21.0,14401,23601,21501.0,20296.774647887323,71,9.575052927597383,10.069044362997353,9.975854724662028
2020,396,21301,86.0,21.72,21.71717171717172,9.966509298952284,21.0,14401,23601,21501.0,20296.774647887323,71,9.575052927597383,10.069044362997353,9.975854724662028
2020,396,21401,85.0,21.46,21.464646464646464,9.97119292889014,21.0,14401,23601,21501.0,20296.774647887323,71,9.575052927597383,10.069044362997353,9.975854724662028
2020,396,21501,85.0,21.46,21.464646464646464,9.975854724662028,21.0,14401,23601,21501.0,20296.774647887323,71,9.575052927597383,10.069044362997353,9.975854724662028
2020,396,21601,85.0,21.46,21.464646464646464,9.980494888896912,21.0,14401,23601,21501.0,20296.774647887323,71,9.575052927597383,10.069044362997353,9.975854724662028
2020,396,21701,85.0,21.46,21.464646464646464,9.985113621416073,21.0,14401,23601,21501.0,20296.774647887323,71,9.575052927597383,10.069044362997353,9.975854724662028
2020,396,21801,85.0,21.46,21.464646464646464,9.989711119284745,21.0,14401,23601,21501.0,20296.774647887323,71,9.575052927597383,10.069044362997353,9.975854724662028
2020,396,21901,84.0,21.21,21.21212121212121,9.994287576862567,21.0,14401,23601,21501.0,20296.774647887323,71,9.575052927597383,10.069044362997353,9.975854724662028
2020,396,22001,84.0,21.21,21.21212121212121,9.99884318585288,21.0,14401,23601,21501.0,20296.774647887323,71,9.575052927597383,10.069044362997353,9.975854724662028
2020,396,22101,84.0,21.21,21.21212121212121,10.003378135350923,21.0,14401,23601,21501.0,20296.774647887323,71,9.575052927597383,10.069044362997353,9.975854724662028
2020,396,22201,84.0,21.21,21.21212121212121,10.007892611890918,21.0,14401,23601,21501.0,20296.774647887323,71,9.575052927597383,10.069044362997353,9.975854724662028
2020,396,22301,83.0,20.96,20.95959595959596,10.012386799492118,20.0,16101,25801,23551.0,22292.666666666668,84,9.686636660844938,10.158168529848494,10.066923561388053
2020,396,22401,83.0,20.96,20.95959595959596,10.016860879703811,20.0,16101,25801,23551.0,22292.666666666668,84,9.686636660844938,10.158168529848494,10.066923561388053
2020,396,22501,83.0,20.96,20.95959595959596,10.021315031649332,20.0,16101,25801,23551.0,22292.666666666668,84,9.686636660844938,10.158168529848494,10.066923561388053
2020,396,22601,83.0,20.96,20.95959595959596,10.025749432069084,20.0,16101,25801,23551.0,22292.666666666668,84,9.686636660844938,10.158168529848494,10.066923561388053
2020,396,22701,83.0,20.96,20.95959595959596,10.030164255362632,20.0,16101,25801,23551.0,22292.666666666668,84,9.686636660844938,10.158168529848494,10.066923561388053
2020,396,22801,83.0,20.96,20.95959595959596,10.034559673629849,20.0,16101,25801,23551.0,22292.666666666668,84,9.686636660844938,10.158168529848494,10.066923561388053
2020,396,22901,82.0,20.71,20.707070707070706,10.038935856711177,20.0,16101,25801,23551.0,22292.666666666668,84,9.686636660844938,10.158168529848494,10.066923561388053
2020,396,23001,82.0,20.71,20.707070707070706,10.043292972227004,20.0,16101,25801,23551.0,22292.666666666668,84,9.686636660844938,10.158168529848494,10.066923561388053
2020,396,23101,82.0,20.71,20.707070707070706,10.047631185616188,20.0,16101,25801,23551.0,22292.666666666668,84,9.686636660844938,10.158168529848494,10.066923561388053
2020,396,23201,82.0,20.71,20.707070707070706,10.05195066017375,20.0,16101,25801,23551.0,22292.666666666668,84,9.686636660844938,10.158168529848494,10.066923561388053
2020,396,23301,82.0,20.71,20.707070707070706,10.056251557087757,20.0,16101,25801,23551.0,22292.666666666668,84,9.686636660844938,10.158168529848494,10.066923561388053
2020,396,23401,81.0,20.45,20.454545454545457,10.060534035475412,20.0,16101,25801,23551.0,22292.666666666668,84,9.686636660844938,10.158168529848494,10.066923561388053
2020,396,23501,81.0,20.45,20.454545454545457,10.064798252418377,20.0,16101,25801,23551.0,22292.666666666668,84,9.686636660844938,10.158168529848494,10.066923561388053
2020,396,23601,81.0,20.45,20.454545454545457,10.069044362997353,20.0,16101,25801,23551.0,22292.666666666668,84,9.686636660844938,10.158168529848494,10.066923561388053
2020,396,23701,81.0,20.45,20.454545454545457,10.073272520325904,20.0,16101,25801,23551.0,22292.666666666668,84,9.686636660844938,10.158168529848494,10.066923561388053
2020,396,23801,81.0,20.45,20.454545454545457,10.077482875583607,20.0,16101,25801,23551.0,22292.666666666668,84,9.686636660844938,10.158168529848494,10.066923561388053
2020,396,23901,80.0,20.2,20.2020202020202,10.081675578048475,20.0,16101,25801,23551.0,22292.666666666668,84,9.686636660844938,10.158168529848494,10.066923561388053
2020,396,24001,80.0,20.2,20.2020202020202,10.085850775128717,20.0,16101,25801,23551.0,22292.666666666668,84,9.686636660844938,10.158168529848494,10.066923561388053
2020,396,24101,80.0,20.2,20.2020202020202,10.090008612393838,20.0,16101,25801,23551.0,22292.666666666668,84,9.686636660844938,10.158168529848494,10.066923561388053
2020,396,24201,80.0,20.2,20.2020202020202,10.094149233605084,20.0,16101,25801,23551.0,22292.666666666668,84,9.686636660844938,10.158168529848494,10.066923561388053
2020,396,24301,80.0,20.2,20.2020202020202,10.098272780745283,20.0,16101,25801,23551.0,22292.666666666668,84,9.686636660844938,10.158168529848494,10.066923561388053
2020,396,24401,79.0,19.95,19.94949494949495,10.102379394048045,19.0,18101,26601,25201.0,23671.175438596492,57,9.803722464346553,10.188704088048116,10.134638955251866
2020,396,24501,79.0,19.95,19.94949494949495,10.106469212026385,19.0,18101,26601,25201.0,23671.175438596492,57,9.803722464346553,10.188704088048116,10.134638955251866
2020,396,24601,79.0,19.95,19.94949494949495,10.110542371500753,19.0,18101,26601,25201.0,23671.175438596492,57,9.803722464346553,10.188704088048116,10.134638955251866
2020,396,24701,79.0,19.95,19.94949494949495,10.114599007626499,19.0,18101,26601,25201.0,23671.175438596492,57,9.803722464346553,10.188704088048116,10.134638955251866
2020,396,24801,79.0,19.95,19.94949494949495,10.118639253920785,19.0,18101,26601,25201.0,23671.175438596492,57,9.803722464346553,10.188704088048116,10.134638955251866
2020,396,24901,78.0,19.7,19.696969696969695,10.122663242288953,19.0,18101,26601,25201.0,23671.175438596492,57,9.803722464346553,10.188704088048116,10.134638955251866
2020,396,25001,78.0,19.7,19.696969696969695,10.12667110305036,19.0,18101,26601,25201.0,23671.175438596492,57,9.803722464346553,10.188704088048116,10.134638955251866
2020,396,25101,78.0,19.7,19.696969696969695,10.130662964963708,19.0,18101,26601,25201.0,23671.175438596492,57,9.803722464346553,10.188704088048116,10.134638955251866
2020,396,25201,78.0,19.7,19.696969696969695,10.134638955251866,19.0,18101,26601,25201.0,23671.175438596492,57,9.803722464346553,10.188704088048116,10.134638955251866
2020,396,25301,78.0,19.7,19.696969696969695,10.138599199626192,19.0,18101,26601,25201.0,23671.175438596492,57,9.803722464346553,10.188704088048116,10.134638955251866
2020,396,25401,78.0,19.7,19.696969696969695,10.142543822310387,19.0,18101,26601,25201.0,23671.175438596492,57,9.803722464346553,10.188704088048116,10.134638955251866
2020,396,25501,77.0,19.44,19.444444444444446,10.146472946063877,19.0,18101,26601,25201.0,23671.175438596492,57,9.803722464346553,10.188704088048116,10.134638955251866
2020,396,25601,77.0,19.44,19.444444444444446,10.150386692204734,19.0,18101,26601,25201.0,23671.175438596492,57,9.803722464346553,10.188704088048116,10.134638955251866
2020,396,25701,77.0,19.44,19.444444444444446,10.154285180632154,19.0,18101,26601,25201.0,23671.175438596492,57,9.803722464346553,10.188704088048116,10.134638955251866
2020,396,25801,77.0,19.44,19.444444444444446,10.158168529848494,19.0,18101,26601,25201.0,23671.175438596492,57,9.803722464346553,10.188704088048116,10.134638955251866
2020,396,25901,77.0,19.44,19.444444444444446,10.16203685698089,19.0,18101,26601,25201.0,23671.175438596492,57,9.803722464346553,10.188704088048116,10.134638955251866
2020,396,26001,77.0,19.44,19.444444444444446,10.165890277802454,19.0,18101,26601,25201.0,23671.175438596492,57,9.803722464346553,10.188704088048116,10.134638955251866
2020,396,26101,76.0,19.19,19.19191919191919,10.169728906753061,19.0,18101,26601,25201.0,23671.175438596492,57,9.803722464346553,10.188704088048116,10.134638955251866
2020,396,26201,76.0,19.19,19.19191919191919,10.173552856959743,19.0,18101,26601,25201.0,23671.175438596492,57,9.803722464346553,10.188704088048116,10.134638955251866
2020,396,26301,76.0,19.19,19.19191919191919,10.177362240256695,19.0,18101,26601,25201.0,23671.175438596492,57,9.803722464346553,10.188704088048116,10.134638955251866
2020,396,26401,76.0,19.19,19.19191919191919,10.181157167204903,19.0,18101,26601,25201.0,23671.175438596492,57,9.803722464346553,10.188704088048116,10.134638955251866
2020,396,26501,76.0,19.19,19.19191919191919,10.184937747111391,19.0,18101,26601,25201.0,23671.175438596492,57,9.803722464346553,10.188704088048116,10.134638955251866
2020,396,26601,76.0,19.19,19.19191919191919,10.188704088048116,19.0,18101,26601,25201.0,23671.175438596492,57,9.803722464346553,10.188704088048116,10.134638955251866
2020,396,26701,75.0,18.94,18.939393939393938,10.192456296870509,18.0,19701,29001,27101.0,25403.816901408452,71,9.888424674859083,10.275085591132715,10.207325906555994
2020,396,26801,75.0,18.94,18.939393939393938,10.196194479235656,18.0,19701,29001,27101.0,25403.816901408452,71,9.888424674859083,10.275085591132715,10.207325906555994
2020,396,26901,75.0,18.94,18.939393939393938,10.199918739620157,18.0,19701,29001,27101.0,25403.816901408452,71,9.888424674859083,10.275085591132715,10.207325906555994
2020,396,27001,75.0,18.94,18.939393939393938,10.203629181337648,18.0,19701,29001,27101.0,25403.816901408452,71,9.888424674859083,10.275085591132715,10.207325906555994
2020,396,27101,75.0,18.94,18.939393939393938,10.207325906555994,18.0,19701,29001,27101.0,25403.816901408452,71,9.888424674859083,10.275085591132715,10.207325906555994
2020,396,27201,75.0,18.94,18.939393939393938,10.211009016314167,18.0,19701,29001,27101.0,25403.816901408452,71,9.888424674859083,10.275085591132715,10.207325906555994
2020,396,27301,74.0,18.69,18.68686868686869,10.214678610538817,18.0,19701,29001,27101.0,25403.816901408452,71,9.888424674859083,10.275085591132715,10.207325906555994
2020,396,27401,74.0,18.69,18.68686868686869,10.21833478806055,18.0,19701,29001,27101.0,25403.816901408452,71,9.888424674859083,10.275085591132715,10.207325906555994
2020,396,27501,74.0,18.69,18.68686868686869,10.221977646629885,18.0,19701,29001,27101.0,25403.816901408452,71,9.888424674859083,10.275085591132715,10.207325906555994
2020,396,27601,74.0,18.69,18.68686868686869,10.225607282932941,18.0,19701,29001,27101.0,25403.816901408452,71,9.888424674859083,10.275085591132715,10.207325906555994
2020,396,27701,74.0,18.69,18.68686868686869,10.229223792606835,18.0,19701,29001,27101.0,25403.816901408452,71,9.888424674859083,10.275085591132715,10.207325906555994
2020,396,27801,74.0,18.69,18.68686868686869,10.2328272702548,18.0,19701,29001,27101.0,25403.816901408452,71,9.888424674859083,10.275085591132715,10.207325906555994
2020,396,27901,73.0,18.43,18.434343434343432,10.236417809461043,18.0,19701,29001,27101.0,25403.816901408452,71,9.888424674859083,10.275085591132715,10.207325906555994
2020,396,28001,73.0,18.43,18.434343434343432,10.239995502805316,18.0,19701,29001,27101.0,25403.816901408452,71,9.888424674859083,10.275085591132715,10.207325906555994
2020,396,28101,73.0,18.43,18.434343434343432,10.243560441877241,18.0,19701,29001,27101.0,25403.816901408452,71,9.888424674859083,10.275085591132715,10.207325906555994
2020,396,28201,73.0,18.43,18.434343434343432,10.247112717290387,18.0,19701,29001,27101.0,25403.816901408452,71,9.888424674859083,10.275085591132715,10.207325906555994
2020,396,28301,73.0,18.43,18.434343434343432,10.250652418696085,18.0,19701,29001,27101.0,25403.816901408452,71,9.888424674859083,10.275085591132715,10.207325906555994
2020,396,28401,73.0,18.43,18.434343434343432,10.254179634797001,18.0,19701,29001,27101.0,25403.816901408452,71,9.888424674859083,10.275085591132715,10.207325906555994
2020,396,28501,72.0,18.18,18.181818181818183,10.25769445336048,18.0,19701,29001,27101.0,25403.816901408452,71,9.888424674859083,10.275085591132715,10.207325906555994
2020,396,28601,72.0,18.18,18.181818181818183,10.261196961231647,18.0,19701,29001,27101.0,25403.816901408452,71,9.888424674859083,10.275085591132715,10.207325906555994
2020,396,28701,72.0,18.18,18.181818181818183,10.264687244346277,18.0,19701,29001,27101.0,25403.816901408452,71,9.888424674859083,10.275085591132715,10.207325906555994
2020,396,28801,72.0,18.18,18.181818181818183,10.268165387743457,18.0,19701,29001,27101.0,25403.816901408452,71,9.888424674859083,10.275085591132715,10.207325906555994
2020,396,28901,72.0,18.18,18.181818181818183,10.27163147557801,18.0,19701,29001,27101.0,25403.816901408452,71,9.888424674859083,10.275085591132715,10.207325906555994
2020,396,29001,72.0,18.18,18.181818181818183,10.275085591132715,18.0,19701,29001,27101.0,25403.816901408452,71,9.888424674859083,10.275085591132715,10.207325906555994
2020,396,29101,71.0,17.93,17.929292929292927,10.278527816830314,17.0,22101,31101,29301.0,27434.333333333332,54,10.003378135350923,10.344995251991222,10.285376924115587
2020,396,29201,71.0,17.93,17.929292929292927,10.281958234245314,17.0,22101,31101,29301.0,27434.333333333332,54,10.003378135350923,10.344995251991222,10.285376924115587
2020,396,29301,71.0,17.93,17.929292929292927,10.285376924115587,17.0,22101,31101,29301.0,27434.333333333332,54,10.003378135350923,10.344995251991222,10.285376924115587
2020,396,29401,71.0,17.93,17.929292929292927,10.288783966353765,17.0,22101,31101,29301.0,27434.333333333332,54,10.003378135350923,10.344995251991222,10.285376924115587
2020,396,29501,71.0,17.93,17.929292929292927,10.292179440058462,17.0,22101,31101,29301.0,27434.333333333332,54,10.003378135350923,10.344995251991222,10.285376924115587
2020,396,29601,71.0,17.93,17.929292929292927,10.295563423525277,17.0,22101,31101,29301.0,27434.333333333332,54,10.003378135350923,10.344995251991222,10.285376924115587
2020,396,29701,70.0,17.68,17.67676767676768,10.298935994257638,17.0,22101,31101,29301.0,27434.333333333332,54,10.003378135350923,10.344995251991222,10.285376924115587
2020,396,29801,70.0,17.68,17.67676767676768,10.30229722897745,17.0,22101,31101,29301.0,27434.333333333332,54,10.003378135350923,10.344995251991222,10.285376924115587
2020,396,29901,70.0,17.68,17.67676767676768,10.305647203635566,17.0,22101,31101,29301.0,27434.333333333332,54,10.003378135350923,10.344995251991222,10.285376924115587
2020,396,30001,70.0,17.68,17.67676767676768,10.308985993422082,17.0,22101,31101,29301.0,27434.333333333332,54,10.003378135350923,10.344995251991222,10.285376924115587
2020,396,30101,70.0,17.68,17.67676767676768,10.31231367277647,17.0,22101,31101,29301.0,27434.333333333332,54,10.003378135350923,10.344995251991222,10.285376924115587
2020,396,30201,70.0,17.68,17.67676767676768,10.315630315397533,17.0,22101,31101,29301.0,27434.333333333332,54,10.003378135350923,10.344995251991222,10.285376924115587
2020,396,30301,69.0,17.42,17.424242424242426,10.318935994253193,17.0,22101,31101,29301.0,27434.333333333332,54,10.003378135350923,10.344995251991222,10.285376924115587
2020,396,30401,69.0,17.42,17.424242424242426,10.322230781590136,17.0,22101,31101,29301.0,27434.333333333332,54,10.003378135350923,10.344995251991222,10.285376924115587
2020,396,30501,69.0,17.42,17.424242424242426,10.32551474894327,17.0,22101,31101,29301.0,27434.333333333332,54,10.003378135350923,10.344995251991222,10.285376924115587
2020,396,30601,69.0,17.42,17.424242424242426,10.328787967145063,17.0,22101,31101,29301.0,27434.333333333332,54,10.003378135350923,10.344995251991222,10.285376924115587
2020,396,30701,69.0,17.42,17.424242424242426,10.332050506334692,17.0,22101,31101,29301.0,27434.333333333332,54,10.003378135350923,10.344995251991222,10.285376924115587
2020,396,30801,69.0,17.42,17.424242424242426,10.335302435967074,17.0,22101,31101,29301.0,27434.333333333332,54,10.003378135350923,10.344995251991222,10.285376924115587
2020,396,30901,69.0,17.42,17.424242424242426,10.33854382482173,17.0,22101,31101,29301.0,27434.333333333332,54,10.003378135350923,10.344995251991222,10.285376924115587
2020,396,31001,69.0,17.42,17.424242424242426,10.34177474101152,17.0,22101,31101,29301.0,27434.333333333332,54,10.003378135350923,10.344995251991222,10.285376924115587
2020,396,31101,68.0,17.17,17.17171717171717,10.344995251991222,17.0,22101,31101,29301.0,27434.333333333332,54,10.003378135350923,10.344995251991222,10.285376924115587
2021,360,1,348.0,96.67,96.66666666666667,0.0,96.0,1,1,1.0,1.0,1,0.0,0.0,0.0
2021,360,11,323.0,89.72,89.72222222222223,2.3978952727983707,89.0,11,11,11.0,11.0,5,2.3978952727983707,2.3978952727983707,2.3978952727983707
2021,360,51,300.0,83.33,83.33333333333334,3.9318256327243257,83.0,51,101,51.0,71.0,5,3.9318256327243257,4.61512051684126,3.9318256327243257
2021,360,101,285.0,79.17,79.16666666666666,4.61512051684126,79.0,11,101,101.0,78.5,4,2.3978952727983707,4.61512051684126,4.61512051684126
2021,360,201,266.0,73.89,73.88888888888889,5.303304908059076,73.0,101,801,401.0,381.0,5,4.61512051684126,6.68586094706836,5.993961427306569
2021,360,301,254.0,70.56,70.55555555555556,5.707110264748875,70.0,51,1301,301.0,431.7692307692308,13,3.9318256327243257,7.170888478512505,5.707110264748875
2021,360,401,245.0,68.06,68.05555555555556,5.993961427306569,68.0,201,1701,401.0,616.3846153846154,13,5.303304908059076,7.438971592395862,5.993961427306569
2021,360,501,237.0,65.83,65.83333333333333,6.2166061010848646,65.0,101,2401,801.0,1014.3333333333334,15,4.61512051684126,7.783640596221253,6.68586094706836
2021,360,601,231.0,64.17,64.16666666666667,6.398594934535208,64.0,301,2601,701.0,1047.1538461538462,13,5.707110264748875,7.8636512654486515,6.55250788703459
2021,360,701,225.0,62.5,62.5,6.55250788703459,62.0,401,3301,1201.0,1521.0,15,5.993961427306569,8.101980731853192,7.0909098220799835
2021,360,801,221.0,61.39,61.38888888888889,6.68586094706836,61.0,201,3601,901.0,1305.7619047619048,21,5.303304908059076,8.188966863648876,6.803505257608338
2021,360,901,216.0,60.0,60.0,6.803505257608338,60.0,501,3901,1401.0,1687.9565217391305,23,6.2166061010848646,8.268988209506656,7.244941546337007
2021,360,1001,212.0,58.89,58.88888888888889,6.90875477931522,58.0,301,4801,1501.0,1926.9259259259259,27,5.707110264748875,8.476579508530941,7.313886831633462
2021,360,1101,209.0,58.06,58.05555555555556,7.00397413672268,58.0,301,4801,1501.0,1926.9259259259259,27,5.707110264748875,8.476579508530941,7.313886831633462
2021,360,1201,206.0,57.22,57.22222222222222,7.0909098220799835,57.0,601,5201,1901.0,2273.0,25,6.398594934535208,8.556606193773073,7.550135342488429
2021,360,1301,203.0,56.39,56.388888888888886,7.170888478512505,56.0,401,5901,2101.0,2678.1428571428573,35,5.993961427306569,8.682877107057168,7.650168700845001
2021,360,1401,200.0,55.56,55.55555555555556,7.244941546337007,55.0,401,6301,2201.0,2607.25,32,5.993961427306569,8.748463629942055,7.696667081526462
2021,360,1501,198.0,55.0,55.00000000000001,7.313886831633462,55.0,401,6301,2201.0,2607.25,32,5.993961427306569,8.748463629942055,7.696667081526462
2021,360,1601,195.0,54.17,54.166666666666664,7.3783837129967145,54.0,501,6901,2651.0,3181.5555555555557,36,6.2166061010848646,8.839421607620602,7.8826922062890254
2021,360,1701,192.0,53.33,53.333333333333336,7.438971592395862,53.0,501,7601,2901.0,3366.1162790697676,43,6.2166061010848646,8.936035096566041,7.972810784121404
2021,360,1801,190.0,52.78,52.77777777777778,7.496097345175956,52.0,701,8101,2901.0,3608.317073170732,41,6.55250788703459,8.999742789830492,7.972810784121404
2021,360,1901,188.0,52.22,52.22222222222223,7.550135342488429,52.0,701,8101,2901.0,3608.317073170732,41,6.55250788703459,8.999742789830492,7.972810784121404
2021,360,2001,186.0,51.67,51.66666666666667,7.601402334583733,51.0,601,8901,3451.0,3991.740740740741,54,6.398594934535208,9.093918908958932,8.146419323098003
2021,360,2101,184.0,51.11,51.11111111111111,7.650168700845001,51.0,601,8901,3451.0,3991.740740740741,54,6.398594934535208,9.093918908958932,8.146419323098003
2021,360,2201,182.0,50.56,50.55555555555556,7.696667081526462,50.0,701,9801,3851.0,4534.333333333333,60,6.55250788703459,9.19023970026918,8.25608813381491
2021,360,2301,180.0,50.0,50.0,7.741099090035366,50.0,701,9801,3851.0,4534.333333333333,60,6.55250788703459,9.19023970026918,8.25608813381491
2021,360,2401,178.0,49.44,49.44444444444444,7.783640596221253,49.0,801,10501,4001.0,4608.317073170731,41,6.68586094706836,9.259225769705994,8.294299608857235
2021,360,2501,176.0,48.89,48.888888888888886,7.824445930877619,48.0,901,11401,4251.0,4716.0,60,6.803505257608338,9.34145634983372,8.35490952835879
2021,360,2601,175.0,48.61,48.61111111111111,7.8636512654486515,48.0,901,11401,4251.0,4716.0,60,6.803505257608338,9.34145634983372,8.35490952835879
2021,360,2701,173.0,48.06,48.05555555555556,7.901377353792616,48.0,901,11401,4251.0,4716.0,60,6.803505257608338,9.34145634983372,8.35490952835879
2021,360,2801,171.0,47.5,47.5,7.937731775260109,47.0,1001,12201,4001.0,4997.363636363636,55,6.90875477931522,9.409273194575334,8.294299608857235
2021,360,2901,169.0,46.94,46.94444444444444,7.972810784121404,46.0,1101,13401,5351.0,5896.588235294118,68,7.00397413672268,9.503084610020228,8.585038738311304
2021,360,3001,168.0,46.67,46.666666666666664,8.006700845440367,46.0,1101,13401,5351.0,5896.588235294118,68,7.00397413672268,9.503084610020228,8.585038738311304
2021,360,3101,167.0,46.39,46.38888888888889,8.03947991910045,46.0,1101,13401,5351.0,5896.588235294118,68,7.00397413672268,9.503084610020228,8.585038738311304
2021,360,3201,165.0,45.83,45.83333333333333,8.071218539969863,45.0,1201,14501,5701.0,6161.273972602739,73,7.0909098220799835,9.581972891547895,8.648396877031582
2021,360,3301,163.0,45.28,45.27777777777778,8.101980731853192,45.0,1201,14501,5701.0,6161.273972602739,73,7.0909098220799835,9.581972891547895,8.648396877031582
2021,360,3401,162.0,45.0,45.0,8.131824785007195,45.0,1201,14501,5701.0,6161.273972602739,73,7.0909098220799835,9.581972891547895,8.648396877031582
2021,360,3501,161.0,44.72,44.72222222222222,8.160803920954665,44.0,1301,15501,5401.0,6494.1506849315065,73,7.170888478512505,9.648659816955295,8.594339400592892
2021,360,3601,160.0,44.44,44.44444444444444,8.188966863648876,44.0,1301,15501,5401.0,6494.1506849315065,73,7.170888478512505,9.648659816955295,8.594339400592892
2021,360,3701,159.0,44.17,44.166666666666664,8.216358332386156,44.0,1301,15501,5401.0,6494.1506849315065,73,7.170888478512505,9.648659816955295,8.594339400592892
2021,360,3801,157.0,43.61,43.611111111111114,8.24301946898925,43.0,1501,16801,6951.0,7356.555555555556,90,7.313886831633462,9.729193687429403,8.846640813100485
2021,360,3901,156.0,43.33,43.333333333333336,8.268988209506656,43.0,1501,16801,6951.0,7356.555555555556,90,7.313886831633462,9.729193687429403,8.846640813100485
2021,360,4001,155.0,43.06,43.05555555555556,8.294299608857235,43.0,1501,16801,6951.0,7356.555555555556,90,7.313886831633462,9.729193687429403,8.846640813100485
2021,360,4101,154.0,42.78,42.77777777777778,8.31898612539206,42.0,1601,18401,7901.0,8481.459770114943,87,7.3783837129967145,9.820160289946374,8.974744612722734
2021,360,4201,153.0,42.5,42.5,8.343077871169383,42.0,1601,18401,7901.0,8481.459770114943,87,7.3783837129967145,9.820160289946374,8.974744612722734
2021,360,4301,152.0,42.22,42.22222222222222,8.366602832783736,42.0,1601,18401,7901.0,8481.459770114943,87,7.3783837129967145,9.820160289946374,8.974744612722734
2021,360,4401,151.0,41.94,41.94444444444444,8.38958706681109,41.0,1701,19401,7351.0,8254.125,96,7.438971592395862,9.873079890114703,8.902591637374087
2021,360,4501,150.0,41.67,41.66666666666667,8.412054873292933,41.0,1701,19401,7351.0,8254.125,96,7.438971592395862,9.873079890114703,8.902591637374087
2021,360,4601,149.0,41.39,41.388888888888886,8.434028950155469,41.0,1701,19401,7351.0,8254.125,96,7.438971592395862,9.873079890114703,8.902591637374087
2021,360,4701,148.0,41.11,41.11111111111111,8.45553053102413,41.0,1701,19401,7351.0,8254.125,96,7.438971592395862,9.873079890114703,8.902591637374087
2021,360,4801,147.0,40.83,40.833333333333336,8.476579508530941,40.0,1901,21101,8351.0,9465.406779661016,118,7.550135342488429,9.957075711706057,9.03013657115323
2021,360,4901,146.0,40.56,40.55555555555556,8.497194544909547,40.0,1901,21101,8351.0,9465.406779661016,118,7.550135342488429,9.957075711706057,9.03013657115323
2021,360,5001,145.0,40.28,40.27777777777778,8.517393171418904,40.0,1901,21101,8351.0,9465.406779661016,118,7.550135342488429,9.957075711706057,9.03013657115323
2021,360,5101,144.0,40.0,40.0,8.537191877922927,40.0,1901,21101,8351.0,9465.406779661016,118,7.550135342488429,9.957075711706057,9.03013657115323
2021,360,5201,143.0,39.72,39.72222222222222,8.556606193773073,39.0,2201,22801,9351.0,10543.452830188678,106,7.696667081526462,10.034559673629849,9.143238568435446
2021,360,5301,142.0,39.44,39.44444444444444,8.575650760987806,39.0,2201,22801,9351.0,10543.452830188678,106,7.696667081526462,10.034559673629849,9.143238568435446
2021,360,5401,141.0,39.17,39.166666666666664,8.594339400592892,39.0,2201,22801,9351.0,10543.452830188678,106,7.696667081526462,10.034559673629849,9.143238568435446
2021,360,5501,141.0,39.17,39.166666666666664,8.612685172875459,39.0,2201,22801,9351.0,10543.452830188678,106,7.696667081526462,10.034559673629849,9.143238568435446
2021,360,5601,140.0,38.89,38.88888888888889,8.630700432209832,38.0,2401,24201,11201.0,10851.40650406504,123,7.783640596221253,10.094149233605084,9.32375833901174
2021,360,5701,139.0,38.61,38.611111111111114,8.648396877031582,38.0,2401,24201,11201.0,10851.40650406504,123,7.783640596221253,10.094149233605084,9.32375833901174
2021,360,5801,138.0,38.33,38.333333333333336,8.665785595466064,38.0,2401,24201,11201.0,10851.40650406504,123,7.783640596221253,10.094149233605084,9.32375833901174
2021,360,5901,137.0,38.06,38.05555555555556,8.682877107057168,38.0,2401,24201,11201.0,10851.40650406504,123,7.783640596221253,10.094149233605084,9.32375833901174
2021,360,6001,136.0,37.78,37.77777777777778,8.699681400989514,37.0,2701,26201,12601.0,12353.713178294574,129,7.901377353792616,10.173552856959743,9.441531454869693
2021,360,6101,136.0,37.78,37.77777777777778,8.716207971151853,37.0,2701,26201,12601.0,12353.713178294574,129,7.901377353792616,10.173552856959743,9.441531454869693
2021,360,6201,135.0,37.5,37.5,8.732465848349879,37.0,2701,26201,12601.0,12353.713178294574,129,7.901377353792616,10.173552856959743,9.441531454869693
2021,360,6301,134.0,37.22,37.22222222222222,8.748463629942055,37.0,2701,26201,12601.0,12353.713178294574,129,7.901377353792616,10.173552856959743,9.441531454869693
2021,360,6401,134.0,37.22,37.22222222222222,8.764209507142004,37.0,2701,26201,12601.0,12353.713178294574,129,7.901377353792616,10.173552856959743,9.441531454869693
2021,360,6501,133.0,36.94,36.94444444444444,8.77971129020447,36.0,2901,28401,13701.0,13498.278911564626,147,7.972810784121404,10.254179634797001,9.525224101853109
2021,360,6601,132.0,36.67,36.666666666666664,8.79497643168877,36.0,2901,28401,13701.0,13498.278911564626,147,7.972810784121404,10.254179634797001,9.525224101853109
2021,360,6701,132.0,36.67,36.666666666666664,8.81001204797317,36.0,2901,28401,13701.0,13498.278911564626,147,7.972810784121404,10.254179634797001,9.525224101853109
2021,360,6801,131.0,36.39,36.388888888888886,8.824824939175638,36.0,2901,28401,13701.0,13498.278911564626,147,7.972810784121404,10.254179634797001,9.525224101853109
2021,360,6901,130.0,36.11,36.11111111111111,8.839421607620602,36.0,2901,28401,13701.0,13498.278911564626,147,7.972810784121404,10.254179634797001,9.525224101853109
2021,360,7001,130.0,36.11,36.11111111111111,8.853808274977197,36.0,2901,28401,13701.0,13498.278911564626,147,7.972810784121404,10.254179634797001,9.525224101853109
2021,360,7101,129.0,35.83,35.833333333333336,8.867990898182093,35.0,3201,30101,15251.0,14490.583333333334,144,8.071218539969863,10.31231367277647,9.632400353656184
2021,360,7201,128.0,35.56,35.55555555555556,8.881975184248867,35.0,3201,30101,15251.0,14490.583333333334,144,8.071218539969863,10.31231367277647,9.632400353656184
2021,360,7301,128.0,35.56,35.55555555555556,8.895766604056085,35.0,3201,30101,15251.0,14490.583333333334,144,8.071218539969863,10.31231367277647,9.632400353656184
2021,360,7401,127.0,35.28,35.27777777777778,8.909370405197466,35.0,3201,30101,15251.0,14490.583333333334,144,8.071218539969863,10.31231367277647,9.632400353656184
2021,360,7501,126.0,35.0,35.0,8.922791623969637,35.0,3201,30101,15251.0,14490.583333333334,144,8.071218539969863,10.31231367277647,9.632400353656184
2021,360,7601,126.0,35.0,35.0,8.936035096566041,35.0,3201,30101,15251.0,14490.583333333334,144,8.071218539969863,10.31231367277647,9.632400353656184
2021,360,7701,125.0,34.72,34.72222222222222,8.94910546953925,34.0,3601,30801,11051.0,13145.68085106383,94,8.188966863648876,10.335302435967074,9.310276200588783
2021,360,7801,124.0,34.44,34.44444444444444,8.962007209588313,34.0,3601,30801,11051.0,13145.68085106383,94,8.188966863648876,10.335302435967074,9.310276200588783
2021,360,7901,124.0,34.44,34.44444444444444,8.974744612722734,34.0,3601,30801,11051.0,13145.68085106383,94,8.188966863648876,10.335302435967074,9.310276200588783
2021,360,8001,123.0,34.17,34.166666666666664,8.987321812850125,34.0,3601,30801,11051.0,13145.68085106383,94,8.188966863648876,10.335302435967074,9.310276200588783
2021,360,8101,123.0,34.17,34.166666666666664,8.999742789830492,34.0,3601,30801,11051.0,13145.68085106383,94,8.188966863648876,10.335302435967074,9.310276200588783
2021,360,8201,122.0,33.89,33.88888888888889,9.012011377036412,33.0,3901,20101,11451.0,11791.217391304348,92,8.268988209506656,9.908524844053396,9.34583234141334
2021,360,8301,122.0,33.89,33.88888888888889,9.024131268455035,33.0,3901,20101,11451.0,11791.217391304348,92,8.268988209506656,9.908524844053396,9.34583234141334
2021,360,8401,121.0,33.61,33.611111111111114,9.036106025364846,33.0,3901,20101,11451.0,11791.217391304348,92,8.268988209506656,9.908524844053396,9.34583234141334
2021,360,8501,121.0,33.61,33.611111111111114,9.04793908261736,33.0,3901,20101,11451.0,11791.217391304348,92,8.268988209506656,9.908524844053396,9.34583234141334
2021,360,8601,120.0,33.33,33.33333333333333,9.059633754551479,33.0,3901,20101,11451.0,11791.217391304348,92,8.268988209506656,9.908524844053396,9.34583234141334
2021,360,8701,119.0,33.06,33.05555555555556,9.071193240566025,33.0,3901,20101,11451.0,11791.217391304348,92,8.268988209506656,9.908524844053396,9.34583234141334
2021,360,8801,119.0,33.06,33.05555555555556,9.082620630373812,33.0,3901,20101,11451.0,11791.217391304348,92,8.268988209506656,9.908524844053396,9.34583234141334
2021,360,8901,118.0,32.78,32.77777777777778,9.093918908958932,32.0,4401,21701,12151.0,12598.5,80,8.38958706681109,9.985113621416073,9.405166749908611
2021,360,9001,118.0,32.78,32.77777777777778,9.105090961257085,32.0,4401,21701,12151.0,12598.5,80,8.38958706681109,9.985113621416073,9.405166749908611
2021,360,9101,117.0,32.5,32.5,9.116139576577355,32.0,4401,21701,12151.0,12598.5,80,8.38958706681109,9.985113621416073,9.405166749908611
2021,360,9201,117.0,32.5,32.5,9.127067452782361,32.0,4401,21701,12151.0,12598.5,80,8.38958706681109,9.985113621416073,9.405166749908611
2021,360,9301,116.0,32.22,32.22222222222222,9.137877200242468,32.0,4401,21701,12151.0,12598.5,80,8.38958706681109,9.985113621416073,9.405166749908611
2021,360,9401,116.0,32.22,32.22222222222222,9.148571345578551,32.0,4401,21701,12151.0,12598.5,80,8.38958706681109,9.985113621416073,9.405166749908611
2021,360,9501,115.0,31.94,31.944444444444443,9.15915233520675,31.0,4801,24001,13601.0,13990.908256880733,109,8.476579508530941,10.085850775128717,9.517898598432753
2021,360,9601,115.0,31.94,31.944444444444443,9.169622538697624,31.0,4801,24001,13601.0,13990.908256880733,109,8.476579508530941,10.085850775128717,9.517898598432753
2021,360,9701,114.0,31.67,31.666666666666664,9.179984251961283,31.0,4801,24001,13601.0,13990.908256880733,109,8.476579508530941,10.085850775128717,9.517898598432753
2021,360,9801,114.0,31.67,31.666666666666664,9.19023970026918,31.0,4801,24001,13601.0,13990.908256880733,109,8.476579508530941,10.085850775128717,9.517898598432753
2021,360,9901,113.0,31.39,31.38888888888889,9.200391041122515,31.0,4801,24001,13601.0,13990.908256880733,109,8.476579508530941,10.085850775128717,9.517898598432753
2021,360,10001,113.0,31.39,31.38888888888889,9.210440366976517,31.0,4801,24001,13601.0,13990.908256880733,109,8.476579508530941,10.085850775128717,9.517898598432753
2021,360,10101,112.0,31.11,31.11111111111111,9.220389707829185,31.0,4801,24001,13601.0,13990.908256880733,109,8.476579508530941,10.085850775128717,9.517898598432753
2021,360,10201,112.0,31.11,31.11111111111111,9.23024103368252,31.0,4801,24001,13601.0,13990.908256880733,109,8.476579508530941,10.085850775128717,9.517898598432753
2021,360,10301,112.0,31.11,31.11111111111111,9.239996256883693,31.0,4801,24001,13601.0,13990.908256880733,109,8.476579508530941,10.085850775128717,9.517898598432753
2021,360,10401,111.0,30.83,30.833333333333336,9.249657234353133,30.0,5501,26001,14501.0,14815.529914529914,117,8.612685172875459,10.165890277802454,9.581972891547895
2021,360,10501,111.0,30.83,30.833333333333336,9.259225769705994,30.0,5501,26001,14501.0,14815.529914529914,117,8.612685172875459,10.165890277802454,9.581972891547895
2021,360,10601,110.0,30.56,30.555555555555557,9.268703615273097,30.0,5501,26001,14501.0,14815.529914529914,117,8.612685172875459,10.165890277802454,9.581972891547895
2021,360,10701,110.0,30.56,30.555555555555557,9.278092474027002,30.0,5501,26001,14501.0,14815.529914529914,117,8.612685172875459,10.165890277802454,9.581972891547895
2021,360,10801,109.0,30.28,30.277777777777775,9.287394001418473,30.0,5501,26001,14501.0,14815.529914529914,117,8.612685172875459,10.165890277802454,9.581972891547895
2021,360,10901,109.0,30.28,30.277777777777775,9.296609807128359,30.0,5501,26001,14501.0,14815.529914529914,117,8.612685172875459,10.165890277802454,9.581972891547895
2021,360,11001,109.0,30.28,30.277777777777775,9.305741456739435,30.0,5501,26001,14501.0,14815.529914529914,117,8.612685172875459,10.165890277802454,9.581972891547895
2021,360,11101,108.0,30.0,30.0,9.314790473332646,30.0,5501,26001,14501.0,14815.529914529914,117,8.612685172875459,10.165890277802454,9.581972891547895
2021,360,11201,108.0,30.0,30.0,9.32375833901174,30.0,5501,26001,14501.0,14815.529914529914,117,8.612685172875459,10.165890277802454,9.581972891547895
2021,360,11301,107.0,29.72,29.72222222222222,9.332646496360152,29.0,6301,18001,15351.0,13993.222222222223,90,8.748463629942055,9.798182590890704,9.638935897473202
2021,360,11401,107.0,29.72,29.72222222222222,9.34145634983372,29.0,6301,18001,15351.0,13993.222222222223,90,8.748463629942055,9.798182590890704,9.638935897473202
2021,360,11501,107.0,29.72,29.72222222222222,9.350189267092581,29.0,6301,18001,15351.0,13993.222222222223,90,8.748463629942055,9.798182590890704,9.638935897473202
2021,360,11601,106.0,29.44,29.444444444444446,9.358846580275406,29.0,6301,18001,15351.0,13993.222222222223,90,8.748463629942055,9.798182590890704,9.638935897473202
2021,360,11701,106.0,29.44,29.444444444444446,9.367429587218957,29.0,6301,18001,15351.0,13993.222222222223,90,8.748463629942055,9.798182590890704,9.638935897473202
2021,360,11801,105.0,29.17,29.166666666666668,9.375939552625749,29.0,6301,18001,15351.0,13993.222222222223,90,8.748463629942055,9.798182590890704,9.638935897473202
2021,360,11901,105.0,29.17,29.166666666666668,9.38437770918244,29.0,6301,18001,15351.0,13993.222222222223,90,8.748463629942055,9.798182590890704,9.638935897473202
2021,360,12001,105.0,29.17,29.166666666666668,9.392745258631441,29.0,6301,18001,15351.0,13993.222222222223,90,8.748463629942055,9.798182590890704,9.638935897473202
2021,360,12101,104.0,28.89,28.888888888888886,9.401043372798053,28.0,6801,19601,16801.0,15007.796116504855,103,8.824824939175638,9.883335864325275,9.729193687429403
2021,360,12201,104.0,28.89,28.888888888888886,9.409273194575334,28.0,6801,19601,16801.0,15007.796116504855,103,8.824824939175638,9.883335864325275,9.729193687429403
2021,360,12301,104.0,28.89,28.888888888888886,9.417435838868785,28.0,6801,19601,16801.0,15007.796116504855,103,8.824824939175638,9.883335864325275,9.729193687429403
2021,360,12401,103.0,28.61,28.61111111111111,9.425532393502772,28.0,6801,19601,16801.0,15007.796116504855,103,8.824824939175638,9.883335864325275,9.729193687429403
2021,360,12501,103.0,28.61,28.61111111111111,9.433563920090563,28.0,6801,19601,16801.0,15007.796116504855,103,8.824824939175638,9.883335864325275,9.729193687429403
2021,360,12601,103.0,28.61,28.61111111111111,9.441531454869693,28.0,6801,19601,16801.0,15007.796116504855,103,8.824824939175638,9.883335864325275,9.729193687429403
2021,360,12701,102.0,28.33,28.333333333333332,9.44943600950432,28.0,6801,19601,16801.0,15007.796116504855,103,8.824824939175638,9.883335864325275,9.729193687429403
2021,360,12801,102.0,28.33,28.333333333333332,9.45727857185611,28.0,6801,19601,16801.0,15007.796116504855,103,8.824824939175638,9.883335864325275,9.729193687429403
2021,360,12901,101.0,28.06,28.055555555555557,9.465060106725137,28.0,6801,19601,16801.0,15007.796116504855,103,8.824824939175638,9.883335864325275,9.729193687429403
2021,360,13001,101.0,28.06,28.055555555555557,9.472781556562168,28.0,6801,19601,16801.0,15007.796116504855,103,8.824824939175638,9.883335864325275,9.729193687429403
2021,360,13101,101.0,28.06,28.055555555555557,9.48044384215367,28.0,6801,19601,16801.0,15007.796116504855,103,8.824824939175638,9.883335864325275,9.729193687429403
2021,360,13201,100.0,27.78,27.77777777777778,9.488047863280759,27.0,7801,21101,18151.0,16328.0,100,8.962007209588313,9.957075711706057,9.806480934593978
2021,360,13301,100.0,27.78,27.77777777777778,9.495594499353297,27.0,7801,21101,18151.0,16328.0,100,8.962007209588313,9.957075711706057,9.806480934593978
2021,360,13401,100.0,27.78,27.77777777777778,9.503084610020228,27.0,7801,21101,18151.0,16328.0,100,8.962007209588313,9.957075711706057,9.806480934593978
2021,360,13501,99.0,27.5,27.500000000000004,9.510519035757246,27.0,7801,21101,18151.0,16328.0,100,8.962007209588313,9.957075711706057,9.806480934593978
2021,360,13601,99.0,27.5,27.500000000000004,9.517898598432753,27.0,7801,21101,18151.0,16328.0,100,8.962007209588313,9.957075711706057,9.806480934593978
2021,360,13701,99.0,27.5,27.500000000000004,9.525224101853109,27.0,7801,21101,18151.0,16328.0,100,8.962007209588313,9.957075711706057,9.806480934593978
2021,360,13801,98.0,27.22,27.22222222222222,9.53249633228804,27.0,7801,21101,18151.0,16328.0,100,8.962007209588313,9.957075711706057,9.806480934593978
2021,360,13901,98.0,27.22,27.22222222222222,9.539716058977092,27.0,7801,21101,18151.0,16328.0,100,8.962007209588313,9.957075711706057,9.806480934593978
2021,360,14001,98.0,27.22,27.22222222222222,9.546884034617925,27.0,7801,21101,18151.0,16328.0,100,8.962007209588313,9.957075711706057,9.806480934593978
2021,360,14101,97.0,26.94,26.944444444444443,9.55400099583723,26.0,8501,23001,19401.0,17608.69230769231,117,9.04793908261736,10.043292972227004,9.873079890114703
2021,360,14201,97.0,26.94,26.944444444444443,9.561067663645012,26.0,8501,23001,19401.0,17608.69230769231,117,9.04793908261736,10.043292972227004,9.873079890114703
2021,360,14301,97.0,26.94,26.944444444444443,9.568084743872936,26.0,8501,23001,19401.0,17608.69230769231,117,9.04793908261736,10.043292972227004,9.873079890114703
2021,360,14401,96.0,26.67,26.666666666666668,9.575052927597383,26.0,8501,23001,19401.0,17608.69230769231,117,9.04793908261736,10.043292972227004,9.873079890114703
2021,360,14501,96.0,26.67,26.666666666666668,9.581972891547895,26.0,8501,23001,19401.0,17608.69230769231,117,9.04793908261736,10.043292972227004,9.873079890114703
2021,360,14601,96.0,26.67,26.666666666666668,9.588845298501564,26.0,8501,23001,19401.0,17608.69230769231,117,9.04793908261736,10.043292972227004,9.873079890114703
2021,360,14701,95.0,26.39,26.38888888888889,9.595670797663967,26.0,8501,23001,19401.0,17608.69230769231,117,9.04793908261736,10.043292972227004,9.873079890114703
2021,360,14801,95.0,26.39,26.38888888888889,9.60245002503719,26.0,8501,23001,19401.0,17608.69230769231,117,9.04793908261736,10.043292972227004,9.873079890114703
2021,360,14901,95.0,26.39,26.38888888888889,9.60918360377546,26.0,8501,23001,19401.0,17608.69230769231,117,9.04793908261736,10.043292972227004,9.873079890114703
2021,360,15001,94.0,26.11,26.111111111111114,9.61587214452889,26.0,8501,23001,19401.0,17608.69230769231,117,9.04793908261736,10.043292972227004,9.873079890114703
2021,360,15101,94.0,26.11,26.111111111111114,9.62251624577579,26.0,8501,23001,19401.0,17608.69230769231,117,9.04793908261736,10.043292972227004,9.873079890114703
2021,360,15201,94.0,26.11,26.111111111111114,9.62911649414402,26.0,8501,23001,19401.0,17608.69230769231,117,9.04793908261736,10.043292972227004,9.873079890114703
2021,360,15301,94.0,26.11,26.111111111111114,9.635673464721814,26.0,8501,23001,19401.0,17608.69230769231,117,9.04793908261736,10.043292972227004,9.873079890114703
2021,360,15401,93.0,25.83,25.833333333333336,9.642187721358466,25.0,9601,24901,20351.0,19123.131147540982,122,9.169622538697624,10.122663242288953,9.920885329712549
2021,360,15501,93.0,25.83,25.833333333333336,9.648659816955295,25.0,9601,24901,20351.0,19123.131147540982,122,9.169622538697624,10.122663242288953,9.920885329712549
2021,360,15601,93.0,25.83,25.833333333333336,9.65509029374725,25.0,9601,24901,20351.0,19123.131147540982,122,9.169622538697624,10.122663242288953,9.920885329712549
2021,360,15701,92.0,25.56,25.555555555555554,9.661479683575521,25.0,9601,24901,20351.0,19123.131147540982,122,9.169622538697624,10.122663242288953,9.920885329712549
2021,360,15801,92.0,25.56,25.555555555555554,9.6678285081515,25.0,9601,24901,20351.0,19123.131147540982,122,9.169622538697624,10.122663242288953,9.920885329712549
2021,360,15901,92.0,25.56,25.555555555555554,9.674137279312397,25.0,9601,24901,20351.0,19123.131147540982,122,9.169622538697624,10.122663242288953,9.920885329712549
2021,360,16001,91.0,25.28,25.27777777777778,9.680406499268875,25.0,9601,24901,20351.0,19123.131147540982,122,9.169622538697624,10.122663242288953,9.920885329712549
2021,360,16101,91.0,25.28,25.27777777777778,9.686636660844938,25.0,9601,24901,20351.0,19123.131147540982,122,9.169622538697624,10.122663242288953,9.920885329712549
2021,360,16201,91.0,25.28,25.27777777777778,9.692828247710418,25.0,9601,24901,20351.0,19123.131147540982,122,9.169622538697624,10.122663242288953,9.920885329712549
2021,360,16301,91.0,25.28,25.27777777777778,9.69898173460629,25.0,9601,24901,20351.0,19123.131147540982,122,9.169622538697624,10.122663242288953,9.920885329712549
2021,360,16401,90.0,25.0,25.0,9.70509758756311,25.0,9601,24901,20351.0,19123.131147540982,122,9.169622538697624,10.122663242288953,9.920885329712549
2021,360,16501,90.0,25.0,25.0,9.711176264112805,25.0,9601,24901,20351.0,19123.131147540982,122,9.169622538697624,10.122663242288953,9.920885329712549
2021,360,16601,90.0,25.0,25.0,9.717218213494077,25.0,9601,24901,20351.0,19123.131147540982,122,9.169622538697624,10.122663242288953,9.920885329712549
2021,360,16701,89.0,24.72,24.72222222222222,9.723223876851618,24.0,10801,25601,17451.0,18621.833333333332,72,9.287394001418473,10.150386692204734,9.767152232578871
2021,360,16801,89.0,24.72,24.72222222222222,9.729193687429403,24.0,10801,25601,17451.0,18621.833333333332,72,9.287394001418473,10.150386692204734,9.767152232578871
2021,360,16901,89.0,24.72,24.72222222222222,9.735128070758227,24.0,10801,25601,17451.0,18621.833333333332,72,9.287394001418473,10.150386692204734,9.767152232578871
2021,360,17001,89.0,24.72,24.72222222222222,9.741027444837728,24.0,10801,25601,17451.0,18621.833333333332,72,9.287394001418473,10.150386692204734,9.767152232578871
2021,360,17101,88.0,24.44,24.444444444444443,9.746892220313054,24.0,10801,25601,17451.0,18621.833333333332,72,9.287394001418473,10.150386692204734,9.767152232578871
2021,360,17201,88.0,24.44,24.444444444444443,9.75272280064639,24.0,10801,25601,17451.0,18621.833333333332,72,9.287394001418473,10.150386692204734,9.767152232578871
2021,360,17301,88.0,24.44,24.444444444444443,9.758519582283522,24.0,10801,25601,17451.0,18621.833333333332,72,9.287394001418473,10.150386692204734,9.767152232578871
2021,360,17401,88.0,24.44,24.444444444444443,9.76428295481558,24.0,10801,25601,17451.0,18621.833333333332,72,9.287394001418473,10.150386692204734,9.767152232578871
2021,360,17501,87.0,24.17,24.166666666666668,9.770013301136158,24.0,10801,25601,17451.0,18621.833333333332,72,9.287394001418473,10.150386692204734,9.767152232578871
2021,360,17601,87.0,24.17,24.166666666666668,9.77571099759397,24.0,10801,25601,17451.0,18621.833333333332,72,9.287394001418473,10.150386692204734,9.767152232578871
2021,360,17701,87.0,24.17,24.166666666666668,9.781376414141157,24.0,10801,25601,17451.0,18621.833333333332,72,9.287394001418473,10.150386692204734,9.767152232578871
2021,360,17801,87.0,24.17,24.166666666666668,9.787009914477434,24.0,10801,25601,17451.0,18621.833333333332,72,9.287394001418473,10.150386692204734,9.767152232578871
2021,360,17901,86.0,23.89,23.88888888888889,9.792611856190192,23.0,11801,26401,18401.0,18192.780821917808,73,9.375939552625749,10.181157167204903,9.820160289946374
2021,360,18001,86.0,23.89,23.88888888888889,9.798182590890704,23.0,11801,26401,18401.0,18192.780821917808,73,9.375939552625749,10.181157167204903,9.820160289946374
2021,360,18101,86.0,23.89,23.88888888888889,9.803722464346553,23.0,11801,26401,18401.0,18192.780821917808,73,9.375939552625749,10.181157167204903,9.820160289946374
2021,360,18201,85.0,23.61,23.61111111111111,9.809231816610408,23.0,11801,26401,18401.0,18192.780821917808,73,9.375939552625749,10.181157167204903,9.820160289946374
2021,360,18301,85.0,23.61,23.61111111111111,9.814710982145282,23.0,11801,26401,18401.0,18192.780821917808,73,9.375939552625749,10.181157167204903,9.820160289946374
2021,360,18401,85.0,23.61,23.61111111111111,9.820160289946374,23.0,11801,26401,18401.0,18192.780821917808,73,9.375939552625749,10.181157167204903,9.820160289946374
2021,360,18501,85.0,23.61,23.61111111111111,9.825580063659602,23.0,11801,26401,18401.0,18192.780821917808,73,9.375939552625749,10.181157167204903,9.820160289946374
2021,360,18601,85.0,23.61,23.61111111111111,9.83097062169695,23.0,11801,26401,18401.0,18192.780821917808,73,9.375939552625749,10.181157167204903,9.820160289946374
2021,360,18701,84.0,23.33,23.333333333333332,9.83633227734872,23.0,11801,26401,18401.0,18192.780821917808,73,9.375939552625749,10.181157167204903,9.820160289946374
2021,360,18801,84.0,23.33,23.333333333333332,9.841665338892785,23.0,11801,26401,18401.0,18192.780821917808,73,9.375939552625749,10.181157167204903,9.820160289946374
2021,360,18901,84.0,23.33,23.333333333333332,9.846970109700957,23.0,11801,26401,18401.0,18192.780821917808,73,9.375939552625749,10.181157167204903,9.820160289946374
2021,360,19001,83.0,23.06,23.055555555555557,9.852246888342531,23.0,11801,26401,18401.0,18192.780821917808,73,9.375939552625749,10.181157167204903,9.820160289946374
2021,360,19101,83.0,23.06,23.055555555555557,9.857495968685136,23.0,11801,26401,18401.0,18192.780821917808,73,9.375939552625749,10.181157167204903,9.820160289946374
2021,360,19201,83.0,23.06,23.055555555555557,9.862717639992917,23.0,11801,26401,18401.0,18192.780821917808,73,9.375939552625749,10.181157167204903,9.820160289946374
2021,360,19301,83.0,23.06,23.055555555555557,9.867912187022208,23.0,11801,26401,18401.0,18192.780821917808,73,9.375939552625749,10.181157167204903,9.820160289946374
2021,360,19401,83.0,23.06,23.055555555555557,9.873079890114703,23.0,11801,26401,18401.0,18192.780821917808,73,9.375939552625749,10.181157167204903,9.820160289946374
2021,360,19501,82.0,22.78,22.77777777777778,9.87822102528824,22.0,13201,22001,20001.0,19007.349206349205,63,9.488047863280759,9.99884318585288,9.90353755128617
2021,360,19601,82.0,22.78,22.77777777777778,9.883335864325275,22.0,13201,22001,20001.0,19007.349206349205,63,9.488047863280759,9.99884318585288,9.90353755128617
2021,360,19701,82.0,22.78,22.77777777777778,9.888424674859083,22.0,13201,22001,20001.0,19007.349206349205,63,9.488047863280759,9.99884318585288,9.90353755128617
2021,360,19801,82.0,22.78,22.77777777777778,9.893487720457795,22.0,13201,22001,20001.0,19007.349206349205,63,9.488047863280759,9.99884318585288,9.90353755128617
2021,360,19901,81.0,22.5,22.5,9.898525260706313,22.0,13201,22001,20001.0,19007.349206349205,63,9.488047863280759,9.99884318585288,9.90353755128617
2021,360,20001,81.0,22.5,22.5,9.90353755128617,22.0,13201,22001,20001.0,19007.349206349205,63,9.488047863280759,9.99884318585288,9.90353755128617
2021,360,20101,81.0,22.5,22.5,9.908524844053396,22.0,13201,22001,20001.0,19007.349206349205,63,9.488047863280759,9.99884318585288,9.90353755128617
2021,360,20201,81.0,22.5,22.5,9.913487387114461,22.0,13201,22001,20001.0,19007.349206349205,63,9.488047863280759,9.99884318585288,9.90353755128617
2021,360,20301,81.0,22.5,22.5,9.918425424900335,22.0,13201,22001,20001.0,19007.349206349205,63,9.488047863280759,9.99884318585288,9.90353755128617
2021,360,20401,80.0,22.22,22.22222222222222,9.923339198238729,22.0,13201,22001,20001.0,19007.349206349205,63,9.488047863280759,9.99884318585288,9.90353755128617
2021,360,20501,80.0,22.22,22.22222222222222,9.928228944424575,22.0,13201,22001,20001.0,19007.349206349205,63,9.488047863280759,9.99884318585288,9.90353755128617
2021,360,20601,80.0,22.22,22.22222222222222,9.933094897288786,22.0,13201,22001,20001.0,19007.349206349205,63,9.488047863280759,9.99884318585288,9.90353755128617
2021,360,20701,80.0,22.22,22.22222222222222,9.937937287265354,22.0,13201,22001,20001.0,19007.349206349205,63,9.488047863280759,9.99884318585288,9.90353755128617
2021,360,20801,79.0,21.94,21.944444444444443,9.942756341456828,21.0,14401,23601,21501.0,20296.774647887323,71,9.575052927597383,10.069044362997353,9.975854724662028
2021,360,20901,79.0,21.94,21.944444444444443,9.94755228369823,21.0,14401,23601,21501.0,20296.774647887323,71,9.575052927597383,10.069044362997353,9.975854724662028
2021,360,21001,79.0,21.94,21.944444444444443,9.952325334619427,21.0,14401,23601,21501.0,20296.774647887323,71,9.575052927597383,10.069044362997353,9.975854724662028
2021,360,21101,79.0,21.94,21.944444444444443,9.957075711706057,21.0,14401,23601,21501.0,20296.774647887323,71,9.575052927597383,10.069044362997353,9.975854724662028
2021,360,21201,78.0,21.67,21.666666666666668,9.961803629358965,21.0,14401,23601,21501.0,20296.774647887323,71,9.575052927597383,10.069044362997353,9.975854724662028
2021,360,21301,78.0,21.67,21.666666666666668,9.966509298952284,21.0,14401,23601,21501.0,20296.774647887323,71,9.575052927597383,10.069044362997353,9.975854724662028
2021,360,21401,78.0,21.67,21.666666666666668,9.97119292889014,21.0,14401,23601,21501.0,20296.774647887323,71,9.575052927597383,10.069044362997353,9.975854724662028
2021,360,21501,78.0,21.67,21.666666666666668,9.975854724662028,21.0,14401,23601,21501.0,20296.774647887323,71,9.575052927597383,10.069044362997353,9.975854724662028
2021,360,21601,78.0,21.67,21.666666666666668,9.980494888896912,21.0,14401,23601,21501.0,20296.774647887323,71,9.575052927597383,10.069044362997353,9.975854724662028
2021,360,21701,77.0,21.39,21.38888888888889,9.985113621416073,21.0,14401,23601,21501.0,20296.774647887323,71,9.575052927597383,10.069044362997353,9.975854724662028
2021,360,21801,77.0,21.39,21.38888888888889,9.989711119284745,21.0,14401,23601,21501.0,20296.774647887323,71,9.575052927597383,10.069044362997353,9.975854724662028
2021,360,21901,77.0,21.39,21.38888888888889,9.994287576862567,21.0,14401,23601,21501.0,20296.774647887323,71,9.575052927597383,10.069044362997353,9.975854724662028
2021,360,22001,77.0,21.39,21.38888888888889,9.99884318585288,21.0,14401,23601,21501.0,20296.774647887323,71,9.575052927597383,10.069044362997353,9.975854724662028
2021,360,22101,77.0,21.39,21.38888888888889,10.003378135350923,21.0,14401,23601,21501.0,20296.774647887323,71,9.575052927597383,10.069044362997353,9.975854724662028
2021,360,22201,76.0,21.11,21.11111111111111,10.007892611890918,21.0,14401,23601,21501.0,20296.774647887323,71,9.575052927597383,10.069044362997353,9.975854724662028
2021,360,22301,76.0,21.11,21.11111111111111,10.012386799492118,21.0,14401,23601,21501.0,20296.774647887323,71,9.575052927597383,10.069044362997353,9.975854724662028
2021,360,22401,76.0,21.11,21.11111111111111,10.016860879703811,21.0,14401,23601,21501.0,20296.774647887323,71,9.575052927597383,10.069044362997353,9.975854724662028
2021,360,22501,76.0,21.11,21.11111111111111,10.021315031649332,21.0,14401,23601,21501.0,20296.774647887323,71,9.575052927597383,10.069044362997353,9.975854724662028
2021,360,22601,76.0,21.11,21.11111111111111,10.025749432069084,21.0,14401,23601,21501.0,20296.774647887323,71,9.575052927597383,10.069044362997353,9.975854724662028
2021,360,22701,75.0,20.83,20.833333333333336,10.030164255362632,20.0,16101,25801,23551.0,22292.666666666668,84,9.686636660844938,10.158168529848494,10.066923561388053
2021,360,22801,75.0,20.83,20.833333333333336,10.034559673629849,20.0,16101,25801,23551.0,22292.666666666668,84,9.686636660844938,10.158168529848494,10.066923561388053
2021,360,22901,75.0,20.83,20.833333333333336,10.038935856711177,20.0,16101,25801,23551.0,22292.666666666668,84,9.686636660844938,10.158168529848494,10.066923561388053
2021,360,23001,75.0,20.83,20.833333333333336,10.043292972227004,20.0,16101,25801,23551.0,22292.666666666668,84,9.686636660844938,10.158168529848494,10.066923561388053
2021,360,23101,75.0,20.83,20.833333333333336,10.047631185616188,20.0,16101,25801,23551.0,22292.666666666668,84,9.686636660844938,10.158168529848494,10.066923561388053
2021,360,23201,74.0,20.56,20.555555555555554,10.05195066017375,20.0,16101,25801,23551.0,22292.666666666668,84,9.686636660844938,10.158168529848494,10.066923561388053
2021,360,23301,74.0,20.56,20.555555555555554,10.056251557087757,20.0,16101,25801,23551.0,22292.666666666668,84,9.686636660844938,10.158168529848494,10.066923561388053
2021,360,23401,74.0,20.56,20.555555555555554,10.060534035475412,20.0,16101,25801,23551.0,22292.666666666668,84,9.686636660844938,10.158168529848494,10.066923561388053
2021,360,23501,74.0,20.56,20.555555555555554,10.064798252418377,20.0,16101,25801,23551.0,22292.666666666668,84,9.686636660844938,10.158168529848494,10.066923561388053
2021,360,23601,74.0,20.56,20.555555555555554,10.069044362997353,20.0,16101,25801,23551.0,22292.666666666668,84,9.686636660844938,10.158168529848494,10.066923561388053
2021,360,23701,73.0,20.28,20.27777777777778,10.073272520325904,20.0,16101,25801,23551.0,22292.666666666668,84,9.686636660844938,10.158168529848494,10.066923561388053
2021,360,23801,73.0,20.28,20.27777777777778,10.077482875583607,20.0,16101,25801,23551.0,22292.666666666668,84,9.686636660844938,10.158168529848494,10.066923561388053
2021,360,23901,73.0,20.28,20.27777777777778,10.081675578048475,20.0,16101,25801,23551.0,22292.666666666668,84,9.686636660844938,10.158168529848494,10.066923561388053
2021,360,24001,73.0,20.28,20.27777777777778,10.085850775128717,20.0,16101,25801,23551.0,22292.666666666668,84,9.686636660844938,10.158168529848494,10.066923561388053
2021,360,24101,73.0,20.28,20.27777777777778,10.090008612393838,20.0,16101,25801,23551.0,22292.666666666668,84,9.686636660844938,10.158168529848494,10.066923561388053
2021,360,24201,72.0,20.0,20.0,10.094149233605084,20.0,16101,25801,23551.0,22292.666666666668,84,9.686636660844938,10.158168529848494,10.066923561388053
2021,360,24301,72.0,20.0,20.0,10.098272780745283,20.0,16101,25801,23551.0,22292.666666666668,84,9.686636660844938,10.158168529848494,10.066923561388053
2021,360,24401,72.0,20.0,20.0,10.102379394048045,20.0,16101,25801,23551.0,22292.666666666668,84,9.686636660844938,10.158168529848494,10.066923561388053
2021,360,24501,72.0,20.0,20.0,10.106469212026385,20.0,16101,25801,23551.0,22292.666666666668,84,9.686636660844938,10.158168529848494,10.066923561388053
2021,360,24601,72.0,20.0,20.0,10.110542371500753,20.0,16101,25801,23551.0,22292.666666666668,84,9.686636660844938,10.158168529848494,10.066923561388053
2021,360,24701,72.0,20.0,20.0,10.114599007626499,20.0,16101,25801,23551.0,22292.666666666668,84,9.686636660844938,10.158168529848494,10.066923561388053
2021,360,24801,71.0,19.72,19.72222222222222,10.118639253920785,19.0,18101,26601,25201.0,23671.175438596492,57,9.803722464346553,10.188704088048116,10.134638955251866
2021,360,24901,71.0,19.72,19.72222222222222,10.122663242288953,19.0,18101,26601,25201.0,23671.175438596492,57,9.803722464346553,10.188704088048116,10.134638955251866
2021,360,25001,71.0,19.72,19.72222222222222,10.12667110305036,19.0,18101,26601,25201.0,23671.175438596492,57,9.803722464346553,10.188704088048116,10.134638955251866
2021,360,25101,71.0,19.72,19.72222222222222,10.130662964963708,19.0,18101,26601,25201.0,23671.175438596492,57,9.803722464346553,10.188704088048116,10.134638955251866
2021,360,25201,71.0,19.72,19.72222222222222,10.134638955251866,19.0,18101,26601,25201.0,23671.175438596492,57,9.803722464346553,10.188704088048116,10.134638955251866
2021,360,25301,70.0,19.44,19.444444444444446,10.138599199626192,19.0,18101,26601,25201.0,23671.175438596492,57,9.803722464346553,10.188704088048116,10.134638955251866
2021,360,25401,70.0,19.44,19.444444444444446,10.142543822310387,19.0,18101,26601,25201.0,23671.175438596492,57,9.803722464346553,10.188704088048116,10.134638955251866
2021,360,25501,70.0,19.44,19.444444444444446,10.146472946063877,19.0,18101,26601,25201.0,23671.175438596492,57,9.803722464346553,10.188704088048116,10.134638955251866
2021,360,25601,70.0,19.44,19.444444444444446,10.150386692204734,19.0,18101,26601,25201.0,23671.175438596492,57,9.803722464346553,10.188704088048116,10.134638955251866
2021,360,25701,70.0,19.44,19.444444444444446,10.154285180632154,19.0,18101,26601,25201.0,23671.175438596492,57,9.803722464346553,10.188704088048116,10.134638955251866
2021,360,25801,70.0,19.44,19.444444444444446,10.158168529848494,19.0,18101,26601,25201.0,23671.175438596492,57,9.803722464346553,10.188704088048116,10.134638955251866
2021,360,25901,69.0,19.17,19.166666666666668,10.16203685698089,19.0,18101,26601,25201.0,23671.175438596492,57,9.803722464346553,10.188704088048116,10.134638955251866
2021,360,26001,69.0,19.17,19.166666666666668,10.165890277802454,19.0,18101,26601,25201.0,23671.175438596492,57,9.803722464346553,10.188704088048116,10.134638955251866
2021,360,26101,69.0,19.17,19.166666666666668,10.169728906753061,19.0,18101,26601,25201.0,23671.175438596492,57,9.803722464346553,10.188704088048116,10.134638955251866
2021,360,26201,69.0,19.17,19.166666666666668,10.173552856959743,19.0,18101,26601,25201.0,23671.175438596492,57,9.803722464346553,10.188704088048116,10.134638955251866
2021,360,26301,69.0,19.17,19.166666666666668,10.177362240256695,19.0,18101,26601,25201.0,23671.175438596492,57,9.803722464346553,10.188704088048116,10.134638955251866
2021,360,26401,69.0,19.17,19.166666666666668,10.181157167204903,19.0,18101,26601,25201.0,23671.175438596492,57,9.803722464346553,10.188704088048116,10.134638955251866
2021,360,26501,68.0,18.89,18.88888888888889,10.184937747111391,18.0,19701,29001,27101.0,25403.816901408452,71,9.888424674859083,10.275085591132715,10.207325906555994
2021,360,26601,68.0,18.89,18.88888888888889,10.188704088048116,18.0,19701,29001,27101.0,25403.816901408452,71,9.888424674859083,10.275085591132715,10.207325906555994
2021,360,26701,68.0,18.89,18.88888888888889,10.192456296870509,18.0,19701,29001,27101.0,25403.816901408452,71,9.888424674859083,10.275085591132715,10.207325906555994
2021,360,26801,68.0,18.89,18.88888888888889,10.196194479235656,18.0,19701,29001,27101.0,25403.816901408452,71,9.888424674859083,10.275085591132715,10.207325906555994
2021,360,26901,68.0,18.89,18.88888888888889,10.199918739620157,18.0,19701,29001,27101.0,25403.816901408452,71,9.888424674859083,10.275085591132715,10.207325906555994
2021,360,27001,67.0,18.61,18.61111111111111,10.203629181337648,18.0,19701,29001,27101.0,25403.816901408452,71,9.888424674859083,10.275085591132715,10.207325906555994
2021,360,27101,67.0,18.61,18.61111111111111,10.207325906555994,18.0,19701,29001,27101.0,25403.816901408452,71,9.888424674859083,10.275085591132715,10.207325906555994
2021,360,27201,67.0,18.61,18.61111111111111,10.211009016314167,18.0,19701,29001,27101.0,25403.816901408452,71,9.888424674859083,10.275085591132715,10.207325906555994
2021,360,27301,67.0,18.61,18.61111111111111,10.214678610538817,18.0,19701,29001,27101.0,25403.816901408452,71,9.888424674859083,10.275085591132715,10.207325906555994
2021,360,27401,67.0,18.61,18.61111111111111,10.21833478806055,18.0,19701,29001,27101.0,25403.816901408452,71,9.888424674859083,10.275085591132715,10.207325906555994
2021,360,27501,67.0,18.61,18.61111111111111,10.221977646629885,18.0,19701,29001,27101.0,25403.816901408452,71,9.888424674859083,10.275085591132715,10.207325906555994
2021,360,27601,66.0,18.33,18.333333333333332,10.225607282932941,18.0,19701,29001,27101.0,25403.816901408452,71,9.888424674859083,10.275085591132715,10.207325906555994
2021,360,27701,66.0,18.33,18.333333333333332,10.229223792606835,18.0,19701,29001,27101.0,25403.816901408452,71,9.888424674859083,10.275085591132715,10.207325906555994
2021,360,27801,66.0,18.33,18.333333333333332,10.2328272702548,18.0,19701,29001,27101.0,25403.816901408452,71,9.888424674859083,10.275085591132715,10.207325906555994
2021,360,27901,66.0,18.33,18.333333333333332,10.236417809461043,18.0,19701,29001,27101.0,25403.816901408452,71,9.888424674859083,10.275085591132715,10.207325906555994
2021,360,28001,66.0,18.33,18.333333333333332,10.239995502805316,18.0,19701,29001,27101.0,25403.816901408452,71,9.888424674859083,10.275085591132715,10.207325906555994
2021,360,28101,66.0,18.33,18.333333333333332,10.243560441877241,18.0,19701,29001,27101.0,25403.816901408452,71,9.888424674859083,10.275085591132715,10.207325906555994
2021,360,28201,65.0,18.06,18.055555555555554,10.247112717290387,18.0,19701,29001,27101.0,25403.816901408452,71,9.888424674859083,10.275085591132715,10.207325906555994
2021,360,28301,65.0,18.06,18.055555555555554,10.250652418696085,18.0,19701,29001,27101.0,25403.816901408452,71,9.888424674859083,10.275085591132715,10.207325906555994
2021,360,28401,65.0,18.06,18.055555555555554,10.254179634797001,18.0,19701,29001,27101.0,25403.816901408452,71,9.888424674859083,10.275085591132715,10.207325906555994
2021,360,28501,65.0,18.06,18.055555555555554,10.25769445336048,18.0,19701,29001,27101.0,25403.816901408452,71,9.888424674859083,10.275085591132715,10.207325906555994
2021,360,28601,65.0,18.06,18.055555555555554,10.261196961231647,18.0,19701,29001,27101.0,25403.816901408452,71,9.888424674859083,10.275085591132715,10.207325906555994
2021,360,28701,65.0,18.06,18.055555555555554,10.264687244346277,18.0,19701,29001,27101.0,25403.816901408452,71,9.888424674859083,10.275085591132715,10.207325906555994
2021,360,28801,64.0,17.78,17.77777777777778,10.268165387743457,17.0,22101,31101,29301.0,27434.333333333332,54,10.003378135350923,10.344995251991222,10.285376924115587
2021,360,28901,64.0,17.78,17.77777777777778,10.27163147557801,17.0,22101,31101,29301.0,27434.333333333332,54,10.003378135350923,10.344995251991222,10.285376924115587
2021,360,29001,64.0,17.78,17.77777777777778,10.275085591132715,17.0,22101,31101,29301.0,27434.333333333332,54,10.003378135350923,10.344995251991222,10.285376924115587
2021,360,29101,64.0,17.78,17.77777777777778,10.278527816830314,17.0,22101,31101,29301.0,27434.333333333332,54,10.003378135350923,10.344995251991222,10.285376924115587
2021,360,29201,64.0,17.78,17.77777777777778,10.281958234245314,17.0,22101,31101,29301.0,27434.333333333332,54,10.003378135350923,10.344995251991222,10.285376924115587
2021,360,29301,64.0,17.78,17.77777777777778,10.285376924115587,17.0,22101,31101,29301.0,27434.333333333332,54,10.003378135350923,10.344995251991222,10.285376924115587
2021,360,29401,64.0,17.78,17.77777777777778,10.288783966353765,17.0,22101,31101,29301.0,27434.333333333332,54,10.003378135350923,10.344995251991222,10.285376924115587
2021,360,29501,63.0,17.5,17.5,10.292179440058462,17.0,22101,31101,29301.0,27434.333333333332,54,10.003378135350923,10.344995251991222,10.285376924115587
2021,360,29601,63.0,17.5,17.5,10.295563423525277,17.0,22101,31101,29301.0,27434.333333333332,54,10.003378135350923,10.344995251991222,10.285376924115587
2021,360,29701,63.0,17.5,17.5,10.298935994257638,17.0,22101,31101,29301.0,27434.333333333332,54,10.003378135350923,10.344995251991222,10.285376924115587
2021,360,29801,63.0,17.5,17.5,10.30229722897745,17.0,22101,31101,29301.0,27434.333333333332,54,10.003378135350923,10.344995251991222,10.285376924115587
2021,360,29901,63.0,17.5,17.5,10.305647203635566,17.0,22101,31101,29301.0,27434.333333333332,54,10.003378135350923,10.344995251991222,10.285376924115587
2021,360,30001,63.0,17.5,17.5,10.308985993422082,17.0,22101,31101,29301.0,27434.333333333332,54,10.003378135350923,10.344995251991222,10.285376924115587
2021,360,30101,62.0,17.22,17.22222222222222,10.31231367277647,17.0,22101,31101,29301.0,27434.333333333332,54,10.003378135350923,10.344995251991222,10.285376924115587
2022,360,1,314.0,87.22,87.22222222222223,0.0,87.0,1,1,1.0,1.0,1,0.0,0.0,0.0
2022,360,11,285.0,79.17,79.16666666666666,2.3978952727983707,79.0,11,101,101.0,78.5,4,2.3978952727983707,4.61512051684126,4.61512051684126
2022,360,51,252.0,70.0,70.0,3.9318256327243257,70.0,51,1301,301.0,431.7692307692308,13,3.9318256327243257,7.170888478512505,5.707110264748875
2022,360,101,236.0,65.56,65.55555555555556,4.61512051684126,65.0,101,2401,801.0,1014.3333333333334,15,4.61512051684126,7.783640596221253,6.68586094706836
2022,360,201,221.0,61.39,61.38888888888889,5.303304908059076,61.0,201,3601,901.0,1305.7619047619048,21,5.303304908059076,8.188966863648876,6.803505257608338
2022,360,301,209.0,58.06,58.05555555555556,5.707110264748875,58.0,301,4801,1501.0,1926.9259259259259,27,5.707110264748875,8.476579508530941,7.313886831633462
2022,360,401,199.0,55.28,55.27777777777778,5.993961427306569,55.0,401,6301,2201.0,2607.25,32,5.993961427306569,8.748463629942055,7.696667081526462
2022,360,501,192.0,53.33,53.333333333333336,6.2166061010848646,53.0,501,7601,2901.0,3366.1162790697676,43,6.2166061010848646,8.936035096566041,7.972810784121404
2022,360,601,186.0,51.67,51.66666666666667,6.398594934535208,51.0,601,8901,3451.0,3991.740740740741,54,6.398594934535208,9.093918908958932,8.146419323098003
2022,360,701,182.0,50.56,50.55555555555556,6.55250788703459,50.0,701,9801,3851.0,4534.333333333333,60,6.55250788703459,9.19023970026918,8.25608813381491
2022,360,801,177.0,49.17,49.166666666666664,6.68586094706836,49.0,801,10501,4001.0,4608.317073170731,41,6.68586094706836,9.259225769705994,8.294299608857235
2022,360,901,173.0,48.06,48.05555555555556,6.803505257608338,48.0,901,11401,4251.0,4716.0,60,6.803505257608338,9.34145634983372,8.35490952835879
2022,360,1001,170.0,47.22,47.22222222222222,6.90875477931522,47.0,1001,12201,4001.0,4997.363636363636,55,6.90875477931522,9.409273194575334,8.294299608857235
2022,360,1101,167.0,46.39,46.38888888888889,7.00397413672268,46.0,1101,13401,5351.0,5896.588235294118,68,7.00397413672268,9.503084610020228,8.585038738311304
2022,360,1201,163.0,45.28,45.27777777777778,7.0909098220799835,45.0,1201,14501,5701.0,6161.273972602739,73,7.0909098220799835,9.581972891547895,8.648396877031582
2022,360,1301,161.0,44.72,44.72222222222222,7.170888478512505,44.0,1301,15501,5401.0,6494.1506849315065,73,7.170888478512505,9.648659816955295,8.594339400592892
2022,360,1401,159.0,44.17,44.166666666666664,7.244941546337007,44.0,1301,15501,5401.0,6494.1506849315065,73,7.170888478512505,9.648659816955295,8.594339400592892
2022,360,1501,156.0,43.33,43.333333333333336,7.313886831633462,43.0,1501,16801,6951.0,7356.555555555556,90,7.313886831633462,9.729193687429403,8.846640813100485
2022,360,1601,153.0,42.5,42.5,7.3783837129967145,42.0,1601,18401,7901.0,8481.459770114943,87,7.3783837129967145,9.820160289946374,8.974744612722734
2022,360,1701,151.0,41.94,41.94444444444444,7.438971592395862,41.0,1701,19401,7351.0,8254.125,96,7.438971592395862,9.873079890114703,8.902591637374087
2022,360,1801,149.0,41.39,41.388888888888886,7.496097345175956,41.0,1701,19401,7351.0,8254.125,96,7.438971592395862,9.873079890114703,8.902591637374087
2022,360,1901,147.0,40.83,40.833333333333336,7.550135342488429,40.0,1901,21101,8351.0,9465.406779661016,118,7.550135342488429,9.957075711706057,9.03013657115323
2022,360,2001,146.0,40.56,40.55555555555556,7.601402334583733,40.0,1901,21101,8351.0,9465.406779661016,118,7.550135342488429,9.957075711706057,9.03013657115323
2022,360,2101,144.0,40.0,40.0,7.650168700845001,40.0,1901,21101,8351.0,9465.406779661016,118,7.550135342488429,9.957075711706057,9.03013657115323
2022,360,2201,143.0,39.72,39.72222222222222,7.696667081526462,39.0,2201,22801,9351.0,10543.452830188678,106,7.696667081526462,10.034559673629849,9.143238568435446
2022,360,2301,141.0,39.17,39.166666666666664,7.741099090035366,39.0,2201,22801,9351.0,10543.452830188678,106,7.696667081526462,10.034559673629849,9.143238568435446
2022,360,2401,140.0,38.89,38.88888888888889,7.783640596221253,38.0,2401,24201,11201.0,10851.40650406504,123,7.783640596221253,10.094149233605084,9.32375833901174
2022,360,2501,138.0,38.33,38.333333333333336,7.824445930877619,38.0,2401,24201,11201.0,10851.40650406504,123,7.783640596221253,10.094149233605084,9.32375833901174
2022,360,2601,137.0,38.06,38.05555555555556,7.8636512654486515,38.0,2401,24201,11201.0,10851.40650406504,123,7.783640596221253,10.094149233605084,9.32375833901174
2022,360,2701,136.0,37.78,37.77777777777778,7.901377353792616,37.0,2701,26201,12601.0,12353.713178294574,129,7.901377353792616,10.173552856959743,9.441531454869693
2022,360,2801,134.0,37.22,37.22222222222222,7.937731775260109,37.0,2701,26201,12601.0,12353.713178294574,129,7.901377353792616,10.173552856959743,9.441531454869693
2022,360,2901,133.0,36.94,36.94444444444444,7.972810784121404,36.0,2901,28401,13701.0,13498.278911564626,147,7.972810784121404,10.254179634797001,9.525224101853109
2022,360,3001,132.0,36.67,36.666666666666664,8.006700845440367,36.0,2901,28401,13701.0,13498.278911564626,147,7.972810784121404,10.254179634797001,9.525224101853109
2022,360,3101,131.0,36.39,36.388888888888886,8.03947991910045,36.0,2901,28401,13701.0,13498.278911564626,147,7.972810784121404,10.254179634797001,9.525224101853109
2022,360,3201,129.0,35.83,35.833333333333336,8.071218539969863,35.0,3201,30101,15251.0,14490.583333333334,144,8.071218539969863,10.31231367277647,9.632400353656184
2022,360,3301,128.0,35.56,35.55555555555556,8.101980731853192,35.0,3201,30101,15251.0,14490.583333333334,144,8.071218539969863,10.31231367277647,9.632400353656184
2022,360,3401,127.0,35.28,35.27777777777778,8.131824785007195,35.0,3201,30101,15251.0,14490.583333333334,144,8.071218539969863,10.31231367277647,9.632400353656184
2022,360,3501,126.0,35.0,35.0,8.160803920954665,35.0,3201,30101,15251.0,14490.583333333334,144,8.071218539969863,10.31231367277647,9.632400353656184
2022,360,3601,125.0,34.72,34.72222222222222,8.188966863648876,34.0,3601,30801,11051.0,13145.68085106383,94,8.188966863648876,10.335302435967074,9.310276200588783
2022,360,3701,124.0,34.44,34.44444444444444,8.216358332386156,34.0,3601,30801,11051.0,13145.68085106383,94,8.188966863648876,10.335302435967074,9.310276200588783
2022,360,3801,123.0,34.17,34.166666666666664,8.24301946898925,34.0,3601,30801,11051.0,13145.68085106383,94,8.188966863648876,10.335302435967074,9.310276200588783
2022,360,3901,122.0,33.89,33.88888888888889,8.268988209506656,33.0,3901,20101,11451.0,11791.217391304348,92,8.268988209506656,9.908524844053396,9.34583234141334
2022,360,4001,121.0,33.61,33.611111111111114,8.294299608857235,33.0,3901,20101,11451.0,11791.217391304348,92,8.268988209506656,9.908524844053396,9.34583234141334
2022,360,4101,120.0,33.33,33.33333333333333,8.31898612539206,33.0,3901,20101,11451.0,11791.217391304348,92,8.268988209506656,9.908524844053396,9.34583234141334
2022,360,4201,120.0,33.33,33.33333333333333,8.343077871169383,33.0,3901,20101,11451.0,11791.217391304348,92,8.268988209506656,9.908524844053396,9.34583234141334
2022,360,4301,119.0,33.06,33.05555555555556,8.366602832783736,33.0,3901,20101,11451.0,11791.217391304348,92,8.268988209506656,9.908524844053396,9.34583234141334
2022,360,4401,118.0,32.78,32.77777777777778,8.38958706681109,32.0,4401,21701,12151.0,12598.5,80,8.38958706681109,9.985113621416073,9.405166749908611
2022,360,4501,118.0,32.78,32.77777777777778,8.412054873292933,32.0,4401,21701,12151.0,12598.5,80,8.38958706681109,9.985113621416073,9.405166749908611
2022,360,4601,117.0,32.5,32.5,8.434028950155469,32.0,4401,21701,12151.0,12598.5,80,8.38958706681109,9.985113621416073,9.405166749908611
2022,360,4701,116.0,32.22,32.22222222222222,8.45553053102413,32.0,4401,21701,12151.0,12598.5,80,8.38958706681109,9.985113621416073,9.405166749908611
2022,360,4801,115.0,31.94,31.944444444444443,8.476579508530941,31.0,4801,24001,13601.0,13990.908256880733,109,8.476579508530941,10.085850775128717,9.517898598432753
2022,360,4901,115.0,31.94,31.944444444444443,8.497194544909547,31.0,4801,24001,13601.0,13990.908256880733,109,8.476579508530941,10.085850775128717,9.517898598432753
2022,360,5001,114.0,31.67,31.666666666666664,8.517393171418904,31.0,4801,24001,13601.0,13990.908256880733,109,8.476579508530941,10.085850775128717,9.517898598432753
2022,360,5101,114.0,31.67,31.666666666666664,8.537191877922927,31.0,4801,24001,13601.0,13990.908256880733,109,8.476579508530941,10.085850775128717,9.517898598432753
2022,360,5201,113.0,31.39,31.38888888888889,8.556606193773073,31.0,4801,24001,13601.0,13990.908256880733,109,8.476579508530941,10.085850775128717,9.517898598432753
2022,360,5301,113.0,31.39,31.38888888888889,8.575650760987806,31.0,4801,24001,13601.0,13990.908256880733,109,8.476579508530941,10.085850775128717,9.517898598432753
2022,360,5401,112.0,31.11,31.11111111111111,8.594339400592892,31.0,4801,24001,13601.0,13990.908256880733,109,8.476579508530941,10.085850775128717,9.517898598432753
2022,360,5501,111.0,30.83,30.833333333333336,8.612685172875459,30.0,5501,26001,14501.0,14815.529914529914,117,8.612685172875459,10.165890277802454,9.581972891547895
2022,360,5601,111.0,30.83,30.833333333333336,8.630700432209832,30.0,5501,26001,14501.0,14815.529914529914,117,8.612685172875459,10.165890277802454,9.581972891547895
2022,360,5701,110.0,30.56,30.555555555555557,8.648396877031582,30.0,5501,26001,14501.0,14815.529914529914,117,8.612685172875459,10.165890277802454,9.581972891547895
2022,360,5801,110.0,30.56,30.555555555555557,8.665785595466064,30.0,5501,26001,14501.0,14815.529914529914,117,8.612685172875459,10.165890277802454,9.581972891547895
2022,360,5901,109.0,30.28,30.277777777777775,8.682877107057168,30.0,5501,26001,14501.0,14815.529914529914,117,8.612685172875459,10.165890277802454,9.581972891547895
2022,360,6001,108.0,30.0,30.0,8.699681400989514,30.0,5501,26001,14501.0,14815.529914529914,117,8.612685172875459,10.165890277802454,9.581972891547895
2022,360,6101,108.0,30.0,30.0,8.716207971151853,30.0,5501,26001,14501.0,14815.529914529914,117,8.612685172875459,10.165890277802454,9.581972891547895
2022,360,6201,108.0,30.0,30.0,8.732465848349879,30.0,5501,26001,14501.0,14815.529914529914,117,8.612685172875459,10.165890277802454,9.581972891547895
2022,360,6301,107.0,29.72,29.72222222222222,8.748463629942055,29.0,6301,18001,15351.0,13993.222222222223,90,8.748463629942055,9.798182590890704,9.638935897473202
2022,360,6401,107.0,29.72,29.72222222222222,8.764209507142004,29.0,6301,18001,15351.0,13993.222222222223,90,8.748463629942055,9.798182590890704,9.638935897473202
2022,360,6501,106.0,29.44,29.444444444444446,8.77971129020447,29.0,6301,18001,15351.0,13993.222222222223,90,8.748463629942055,9.798182590890704,9.638935897473202
2022,360,6601,106.0,29.44,29.444444444444446,8.79497643168877,29.0,6301,18001,15351.0,13993.222222222223,90,8.748463629942055,9.798182590890704,9.638935897473202
2022,360,6701,105.0,29.17,29.166666666666668,8.81001204797317,29.0,6301,18001,15351.0,13993.222222222223,90,8.748463629942055,9.798182590890704,9.638935897473202
2022,360,6801,104.0,28.89,28.888888888888886,8.824824939175638,28.0,6801,19601,16801.0,15007.796116504855,103,8.824824939175638,9.883335864325275,9.729193687429403
2022,360,6901,104.0,28.89,28.888888888888886,8.839421607620602,28.0,6801,19601,16801.0,15007.796116504855,103,8.824824939175638,9.883335864325275,9.729193687429403
2022,360,7001,104.0,28.89,28.888888888888886,8.853808274977197,28.0,6801,19601,16801.0,15007.796116504855,103,8.824824939175638,9.883335864325275,9.729193687429403
2022,360,7101,103.0,28.61,28.61111111111111,8.867990898182093,28.0,6801,19601,16801.0,15007.796116504855,103,8.824824939175638,9.883335864325275,9.729193687429403
2022,360,7201,103.0,28.61,28.61111111111111,8.881975184248867,28.0,6801,19601,16801.0,15007.796116504855,103,8.824824939175638,9.883335864325275,9.729193687429403
2022,360,7301,102.0,28.33,28.333333333333332,8.895766604056085,28.0,6801,19601,16801.0,15007.796116504855,103,8.824824939175638,9.883335864325275,9.729193687429403
2022,360,7401,102.0,28.33,28.333333333333332,8.909370405197466,28.0,6801,19601,16801.0,15007.796116504855,103,8.824824939175638,9.883335864325275,9.729193687429403
2022,360,7501,101.0,28.06,28.055555555555557,8.922791623969637,28.0,6801,19601,16801.0,15007.796116504855,103,8.824824939175638,9.883335864325275,9.729193687429403
2022,360,7601,101.0,28.06,28.055555555555557,8.936035096566041,28.0,6801,19601,16801.0,15007.796116504855,103,8.824824939175638,9.883335864325275,9.729193687429403
2022,360,7701,101.0,28.06,28.055555555555557,8.94910546953925,28.0,6801,19601,16801.0,15007.796116504855,103,8.824824939175638,9.883335864325275,9.729193687429403
2022,360,7801,100.0,27.78,27.77777777777778,8.962007209588313,27.0,7801,21101,18151.0,16328.0,100,8.962007209588313,9.957075711706057,9.806480934593978
2022,360,7901,100.0,27.78,27.77777777777778,8.974744612722734,27.0,7801,21101,18151.0,16328.0,100,8.962007209588313,9.957075711706057,9.806480934593978
2022,360,8001,99.0,27.5,27.500000000000004,8.987321812850125,27.0,7801,21101,18151.0,16328.0,100,8.962007209588313,9.957075711706057,9.806480934593978
2022,360,8101,99.0,27.5,27.500000000000004,8.999742789830492,27.0,7801,21101,18151.0,16328.0,100,8.962007209588313,9.957075711706057,9.806480934593978
2022,360,8201,98.0,27.22,27.22222222222222,9.012011377036412,27.0,7801,21101,18151.0,16328.0,100,8.962007209588313,9.957075711706057,9.806480934593978
2022,360,8301,98.0,27.22,27.22222222222222,9.024131268455035,27.0,7801,21101,18151.0,16328.0,100,8.962007209588313,9.957075711706057,9.806480934593978
2022,360,8401,98.0,27.22,27.22222222222222,9.036106025364846,27.0,7801,21101,18151.0,16328.0,100,8.962007209588313,9.957075711706057,9.806480934593978
2022,360,8501,97.0,26.94,26.944444444444443,9.04793908261736,26.0,8501,23001,19401.0,17608.69230769231,117,9.04793908261736,10.043292972227004,9.873079890114703
2022,360,8601,97.0,26.94,26.944444444444443,9.059633754551479,26.0,8501,23001,19401.0,17608.69230769231,117,9.04793908261736,10.043292972227004,9.873079890114703
2022,360,8701,96.0,26.67,26.666666666666668,9.071193240566025,26.0,8501,23001,19401.0,17608.69230769231,117,9.04793908261736,10.043292972227004,9.873079890114703
2022,360,8801,96.0,26.67,26.666666666666668,9.082620630373812,26.0,8501,23001,19401.0,17608.69230769231,117,9.04793908261736,10.043292972227004,9.873079890114703
2022,360,8901,96.0,26.67,26.666666666666668,9.093918908958932,26.0,8501,23001,19401.0,17608.69230769231,117,9.04793908261736,10.043292972227004,9.873079890114703
2022,360,9001,95.0,26.39,26.38888888888889,9.105090961257085,26.0,8501,23001,19401.0,17608.69230769231,117,9.04793908261736,10.043292972227004,9.873079890114703
2022,360,9101,95.0,26.39,26.38888888888889,9.116139576577355,26.0,8501,23001,19401.0,17608.69230769231,117,9.04793908261736,10.043292972227004,9.873079890114703
2022,360,9201,95.0,26.39,26.38888888888889,9.127067452782361,26.0,8501,23001,19401.0,17608.69230769231,117,9.04793908261736,10.043292972227004,9.873079890114703
2022,360,9301,94.0,26.11,26.111111111111114,9.137877200242468,26.0,8501,23001,19401.0,17608.69230769231,117,9.04793908261736,10.043292972227004,9.873079890114703
2022,360,9401,94.0,26.11,26.111111111111114,9.148571345578551,26.0,8501,23001,19401.0,17608.69230769231,117,9.04793908261736,10.043292972227004,9.873079890114703
2022,360,9501,94.0,26.11,26.111111111111114,9.15915233520675,26.0,8501,23001,19401.0,17608.69230769231,117,9.04793908261736,10.043292972227004,9.873079890114703
2022,360,9601,93.0,25.83,25.833333333333336,9.169622538697624,25.0,9601,24901,20351.0,19123.131147540982,122,9.169622538697624,10.122663242288953,9.920885329712549
2022,360,9701,93.0,25.83,25.833333333333336,9.179984251961283,25.0,9601,24901,20351.0,19123.131147540982,122,9.169622538697624,10.122663242288953,9.920885329712549
2022,360,9801,93.0,25.83,25.833333333333336,9.19023970026918,25.0,9601,24901,20351.0,19123.131147540982,122,9.169622538697624,10.122663242288953,9.920885329712549
2022,360,9901,92.0,25.56,25.555555555555554,9.200391041122515,25.0,9601,24901,20351.0,19123.131147540982,122,9.169622538697624,10.122663242288953,9.920885329712549
2022,360,10001,92.0,25.56,25.555555555555554,9.210440366976517,25.0,9601,24901,20351.0,19123.131147540982,122,9.169622538697624,10.122663242288953,9.920885329712549
2022,360,10101,91.0,25.28,25.27777777777778,9.220389707829185,25.0,9601,24901,20351.0,19123.131147540982,122,9.169622538697624,10.122663242288953,9.920885329712549
2022,360,10201,91.0,25.28,25.27777777777778,9.23024103368252,25.0,9601,24901,20351.0,19123.131147540982,122,9.169622538697624,10.122663242288953,9.920885329712549
2022,360,10301,91.0,25.28,25.27777777777778,9.239996256883693,25.0,9601,24901,20351.0,19123.131147540982,122,9.169622538697624,10.122663242288953,9.920885329712549
2022,360,10401,91.0,25.28,25.27777777777778,9.249657234353133,25.0,9601,24901,20351.0,19123.131147540982,122,9.169622538697624,10.122663242288953,9.920885329712549
2022,360,10501,90.0,25.0,25.0,9.259225769705994,25.0,9601,24901,20351.0,19123.131147540982,122,9.169622538697624,10.122663242288953,9.920885329712549
2022,360,10601,90.0,25.0,25.0,9.268703615273097,25.0,9601,24901,20351.0,19123.131147540982,122,9.169622538697624,10.122663242288953,9.920885329712549
2022,360,10701,90.0,25.0,25.0,9.278092474027002,25.0,9601,24901,20351.0,19123.131147540982,122,9.169622538697624,10.122663242288953,9.920885329712549
2022,360,10801,89.0,24.72,24.72222222222222,9.287394001418473,24.0,10801,25601,17451.0,18621.833333333332,72,9.287394001418473,10.150386692204734,9.767152232578871
2022,360,10901,89.0,24.72,24.72222222222222,9.296609807128359,24.0,10801,25601,17451.0,18621.833333333332,72,9.287394001418473,10.150386692204734,9.767152232578871
2022,360,11001,89.0,24.72,24.72222222222222,9.305741456739435,24.0,10801,25601,17451.0,18621.833333333332,72,9.287394001418473,10.150386692204734,9.767152232578871
2022,360,11101,88.0,24.44,24.444444444444443,9.314790473332646,24.0,10801,25601,17451.0,18621.833333333332,72,9.287394001418473,10.150386692204734,9.767152232578871
2022,360,11201,88.0,24.44,24.444444444444443,9.32375833901174,24.0,10801,25601,17451.0,18621.833333333332,72,9.287394001418473,10.150386692204734,9.767152232578871
2022,360,11301,88.0,24.44,24.444444444444443,9.332646496360152,24.0,10801,25601,17451.0,18621.833333333332,72,9.287394001418473,10.150386692204734,9.767152232578871
2022,360,11401,87.0,24.17,24.166666666666668,9.34145634983372,24.0,10801,25601,17451.0,18621.833333333332,72,9.287394001418473,10.150386692204734,9.767152232578871
2022,360,11501,87.0,24.17,24.166666666666668,9.350189267092581,24.0,10801,25601,17451.0,18621.833333333332,72,9.287394001418473,10.150386692204734,9.767152232578871
2022,360,11601,87.0,24.17,24.166666666666668,9.358846580275406,24.0,10801,25601,17451.0,18621.833333333332,72,9.287394001418473,10.150386692204734,9.767152232578871
2022,360,11701,87.0,24.17,24.166666666666668,9.367429587218957,24.0,10801,25601,17451.0,18621.833333333332,72,9.287394001418473,10.150386692204734,9.767152232578871
2022,360,11801,86.0,23.89,23.88888888888889,9.375939552625749,23.0,11801,26401,18401.0,18192.780821917808,73,9.375939552625749,10.181157167204903,9.820160289946374
2022,360,11901,86.0,23.89,23.88888888888889,9.38437770918244,23.0,11801,26401,18401.0,18192.780821917808,73,9.375939552625749,10.181157167204903,9.820160289946374
2022,360,12001,86.0,23.89,23.88888888888889,9.392745258631441,23.0,11801,26401,18401.0,18192.780821917808,73,9.375939552625749,10.181157167204903,9.820160289946374
2022,360,12101,85.0,23.61,23.61111111111111,9.401043372798053,23.0,11801,26401,18401.0,18192.780821917808,73,9.375939552625749,10.181157167204903,9.820160289946374
2022,360,12201,85.0,23.61,23.61111111111111,9.409273194575334,23.0,11801,26401,18401.0,18192.780821917808,73,9.375939552625749,10.181157167204903,9.820160289946374
2022,360,12301,85.0,23.61,23.61111111111111,9.417435838868785,23.0,11801,26401,18401.0,18192.780821917808,73,9.375939552625749,10.181157167204903,9.820160289946374
2022,360,12401,85.0,23.61,23.61111111111111,9.425532393502772,23.0,11801,26401,18401.0,18192.780821917808,73,9.375939552625749,10.181157167204903,9.820160289946374
2022,360,12501,84.0,23.33,23.333333333333332,9.433563920090563,23.0,11801,26401,18401.0,18192.780821917808,73,9.375939552625749,10.181157167204903,9.820160289946374
2022,360,12601,84.0,23.33,23.333333333333332,9.441531454869693,23.0,11801,26401,18401.0,18192.780821917808,73,9.375939552625749,10.181157167204903,9.820160289946374
2022,360,12701,84.0,23.33,23.333333333333332,9.44943600950432,23.0,11801,26401,18401.0,18192.780821917808,73,9.375939552625749,10.181157167204903,9.820160289946374
2022,360,12801,83.0,23.06,23.055555555555557,9.45727857185611,23.0,11801,26401,18401.0,18192.780821917808,73,9.375939552625749,10.181157167204903,9.820160289946374
2022,360,12901,83.0,23.06,23.055555555555557,9.465060106725137,23.0,11801,26401,18401.0,18192.780821917808,73,9.375939552625749,10.181157167204903,9.820160289946374
2022,360,13001,83.0,23.06,23.055555555555557,9.472781556562168,23.0,11801,26401,18401.0,18192.780821917808,73,9.375939552625749,10.181157167204903,9.820160289946374
2022,360,13101,83.0,23.06,23.055555555555557,9.48044384215367,23.0,11801,26401,18401.0,18192.780821917808,73,9.375939552625749,10.181157167204903,9.820160289946374
2022,360,13201,82.0,22.78,22.77777777777778,9.488047863280759,22.0,13201,22001,20001.0,19007.349206349205,63,9.488047863280759,9.99884318585288,9.90353755128617
2022,360,13301,82.0,22.78,22.77777777777778,9.495594499353297,22.0,13201,22001,20001.0,19007.349206349205,63,9.488047863280759,9.99884318585288,9.90353755128617
2022,360,13401,82.0,22.78,22.77777777777778,9.503084610020228,22.0,13201,22001,20001.0,19007.349206349205,63,9.488047863280759,9.99884318585288,9.90353755128617
2022,360,13501,82.0,22.78,22.77777777777778,9.510519035757246,22.0,13201,22001,20001.0,19007.349206349205,63,9.488047863280759,9.99884318585288,9.90353755128617
2022,360,13601,81.0,22.5,22.5,9.517898598432753,22.0,13201,22001,20001.0,19007.349206349205,63,9.488047863280759,9.99884318585288,9.90353755128617
2022,360,13701,81.0,22.5,22.5,9.525224101853109,22.0,13201,22001,20001.0,19007.349206349205,63,9.488047863280759,9.99884318585288,9.90353755128617
2022,360,13801,81.0,22.5,22.5,9.53249633228804,22.0,13201,22001,20001.0,19007.349206349205,63,9.488047863280759,9.99884318585288,9.90353755128617
2022,360,13901,81.0,22.5,22.5,9.539716058977092,22.0,13201,22001,20001.0,19007.349206349205,63,9.488047863280759,9.99884318585288,9.90353755128617
2022,360,14001,80.0,22.22,22.22222222222222,9.546884034617925,22.0,13201,22001,20001.0,19007.349206349205,63,9.488047863280759,9.99884318585288,9.90353755128617
2022,360,14101,80.0,22.22,22.22222222222222,9.55400099583723,22.0,13201,22001,20001.0,19007.349206349205,63,9.488047863280759,9.99884318585288,9.90353755128617
2022,360,14201,80.0,22.22,22.22222222222222,9.561067663645012,22.0,13201,22001,20001.0,19007.349206349205,63,9.488047863280759,9.99884318585288,9.90353755128617
2022,360,14301,80.0,22.22,22.22222222222222,9.568084743872936,22.0,13201,22001,20001.0,19007.349206349205,63,9.488047863280759,9.99884318585288,9.90353755128617
2022,360,14401,79.0,21.94,21.944444444444443,9.575052927597383,21.0,14401,23601,21501.0,20296.774647887323,71,9.575052927597383,10.069044362997353,9.975854724662028
2022,360,14501,79.0,21.94,21.944444444444443,9.581972891547895,21.0,14401,23601,21501.0,20296.774647887323,71,9.575052927597383,10.069044362997353,9.975854724662028
2022,360,14601,79.0,21.94,21.944444444444443,9.588845298501564,21.0,14401,23601,21501.0,20296.774647887323,71,9.575052927597383,10.069044362997353,9.975854724662028
2022,360,14701,79.0,21.94,21.944444444444443,9.595670797663967,21.0,14401,23601,21501.0,20296.774647887323,71,9.575052927597383,10.069044362997353,9.975854724662028
2022,360,14801,79.0,21.94,21.944444444444443,9.60245002503719,21.0,14401,23601,21501.0,20296.774647887323,71,9.575052927597383,10.069044362997353,9.975854724662028
2022,360,14901,78.0,21.67,21.666666666666668,9.60918360377546,21.0,14401,23601,21501.0,20296.774647887323,71,9.575052927597383,10.069044362997353,9.975854724662028
2022,360,15001,78.0,21.67,21.666666666666668,9.61587214452889,21.0,14401,23601,21501.0,20296.774647887323,71,9.575052927597383,10.069044362997353,9.975854724662028
2022,360,15101,78.0,21.67,21.666666666666668,9.62251624577579,21.0,14401,23601,21501.0,20296.774647887323,71,9.575052927597383,10.069044362997353,9.975854724662028
2022,360,15201,78.0,21.67,21.666666666666668,9.62911649414402,21.0,14401,23601,21501.0,20296.774647887323,71,9.575052927597383,10.069044362997353,9.975854724662028
2022,360,15301,77.0,21.39,21.38888888888889,9.635673464721814,21.0,14401,23601,21501.0,20296.774647887323,71,9.575052927597383,10.069044362997353,9.975854724662028
2022,360,15401,77.0,21.39,21.38888888888889,9.642187721358466,21.0,14401,23601,21501.0,20296.774647887323,71,9.575052927597383,10.069044362997353,9.975854724662028
2022,360,15501,77.0,21.39,21.38888888888889,9.648659816955295,21.0,14401,23601,21501.0,20296.774647887323,71,9.575052927597383,10.069044362997353,9.975854724662028
2022,360,15601,77.0,21.39,21.38888888888889,9.65509029374725,21.0,14401,23601,21501.0,20296.774647887323,71,9.575052927597383,10.069044362997353,9.975854724662028
2022,360,15701,76.0,21.11,21.11111111111111,9.661479683575521,21.0,14401,23601,21501.0,20296.774647887323,71,9.575052927597383,10.069044362997353,9.975854724662028
2022,360,15801,76.0,21.11,21.11111111111111,9.6678285081515,21.0,14401,23601,21501.0,20296.774647887323,71,9.575052927597383,10.069044362997353,9.975854724662028
2022,360,15901,76.0,21.11,21.11111111111111,9.674137279312397,21.0,14401,23601,21501.0,20296.774647887323,71,9.575052927597383,10.069044362997353,9.975854724662028
2022,360,16001,76.0,21.11,21.11111111111111,9.680406499268875,21.0,14401,23601,21501.0,20296.774647887323,71,9.575052927597383,10.069044362997353,9.975854724662028
2022,360,16101,75.0,20.83,20.833333333333336,9.686636660844938,20.0,16101,25801,23551.0,22292.666666666668,84,9.686636660844938,10.158168529848494,10.066923561388053
2022,360,16201,75.0,20.83,20.833333333333336,9.692828247710418,20.0,16101,25801,23551.0,22292.666666666668,84,9.686636660844938,10.158168529848494,10.066923561388053
2022,360,16301,75.0,20.83,20.833333333333336,9.69898173460629,20.0,16101,25801,23551.0,22292.666666666668,84,9.686636660844938,10.158168529848494,10.066923561388053
2022,360,16401,75.0,20.83,20.833333333333336,9.70509758756311,20.0,16101,25801,23551.0,22292.666666666668,84,9.686636660844938,10.158168529848494,10.066923561388053
2022,360,16501,75.0,20.83,20.833333333333336,9.711176264112805,20.0,16101,25801,23551.0,22292.666666666668,84,9.686636660844938,10.158168529848494,10.066923561388053
2022,360,16601,74.0,20.56,20.555555555555554,9.717218213494077,20.0,16101,25801,23551.0,22292.666666666668,84,9.686636660844938,10.158168529848494,10.066923561388053
2022,360,16701,74.0,20.56,20.555555555555554,9.723223876851618,20.0,16101,25801,23551.0,22292.666666666668,84,9.686636660844938,10.158168529848494,10.066923561388053
2022,360,16801,74.0,20.56,20.555555555555554,9.729193687429403,20.0,16101,25801,23551.0,22292.666666666668,84,9.686636660844938,10.158168529848494,10.066923561388053
2022,360,16901,74.0,20.56,20.555555555555554,9.735128070758227,20.0,16101,25801,23551.0,22292.666666666668,84,9.686636660844938,10.158168529848494,10.066923561388053
2022,360,17001,74.0,20.56,20.555555555555554,9.741027444837728,20.0,16101,25801,23551.0,22292.666666666668,84,9.686636660844938,10.158168529848494,10.066923561388053
2022,360,17101,73.0,20.28,20.27777777777778,9.746892220313054,20.0,16101,25801,23551.0,22292.666666666668,84,9.686636660844938,10.158168529848494,10.066923561388053
2022,360,17201,73.0,20.28,20.27777777777778,9.75272280064639,20.0,16101,25801,23551.0,22292.666666666668,84,9.686636660844938,10.158168529848494,10.066923561388053
2022,360,17301,73.0,20.28,20.27777777777778,9.758519582283522,20.0,16101,25801,23551.0,22292.666666666668,84,9.686636660844938,10.158168529848494,10.066923561388053
2022,360,17401,73.0,20.28,20.27777777777778,9.76428295481558,20.0,16101,25801,23551.0,22292.666666666668,84,9.686636660844938,10.158168529848494,10.066923561388053
2022,360,17501,73.0,20.28,20.27777777777778,9.770013301136158,20.0,16101,25801,23551.0,22292.666666666668,84,9.686636660844938,10.158168529848494,10.066923561388053
2022,360,17601,72.0,20.0,20.0,9.77571099759397,20.0,16101,25801,23551.0,22292.666666666668,84,9.686636660844938,10.158168529848494,10.066923561388053
2022,360,17701,72.0,20.0,20.0,9.781376414141157,20.0,16101,25801,23551.0,22292.666666666668,84,9.686636660844938,10.158168529848494,10.066923561388053
2022,360,17801,72.0,20.0,20.0,9.787009914477434,20.0,16101,25801,23551.0,22292.666666666668,84,9.686636660844938,10.158168529848494,10.066923561388053
2022,360,17901,72.0,20.0,20.0,9.792611856190192,20.0,16101,25801,23551.0,22292.666666666668,84,9.686636660844938,10.158168529848494,10.066923561388053
2022,360,18001,72.0,20.0,20.0,9.798182590890704,20.0,16101,25801,23551.0,22292.666666666668,84,9.686636660844938,10.158168529848494,10.066923561388053
2022,360,18101,71.0,19.72,19.72222222222222,9.803722464346553,19.0,18101,26601,25201.0,23671.175438596492,57,9.803722464346553,10.188704088048116,10.134638955251866
2022,360,18201,71.0,19.72,19.72222222222222,9.809231816610408,19.0,18101,26601,25201.0,23671.175438596492,57,9.803722464346553,10.188704088048116,10.134638955251866
2022,360,18301,71.0,19.72,19.72222222222222,9.814710982145282,19.0,18101,26601,25201.0,23671.175438596492,57,9.803722464346553,10.188704088048116,10.134638955251866
2022,360,18401,71.0,19.72,19.72222222222222,9.820160289946374,19.0,18101,26601,25201.0,23671.175438596492,57,9.803722464346553,10.188704088048116,10.134638955251866
2022,360,18501,71.0,19.72,19.72222222222222,9.825580063659602,19.0,18101,26601,25201.0,23671.175438596492,57,9.803722464346553,10.188704088048116,10.134638955251866
2022,360,18601,71.0,19.72,19.72222222222222,9.83097062169695,19.0,18101,26601,25201.0,23671.175438596492,57,9.803722464346553,10.188704088048116,10.134638955251866
2022,360,18701,70.0,19.44,19.444444444444446,9.83633227734872,19.0,18101,26601,25201.0,23671.175438596492,57,9.803722464346553,10.188704088048116,10.134638955251866
2022,360,18801,70.0,19.44,19.444444444444446,9.841665338892785,19.0,18101,26601,25201.0,23671.175438596492,57,9.803722464346553,10.188704088048116,10.134638955251866
2022,360,18901,70.0,19.44,19.444444444444446,9.846970109700957,19.0,18101,26601,25201.0,23671.175438596492,57,9.803722464346553,10.188704088048116,10.134638955251866
2022,360,19001,70.0,19.44,19.444444444444446,9.852246888342531,19.0,18101,26601,25201.0,23671.175438596492,57,9.803722464346553,10.188704088048116,10.134638955251866
2022,360,19101,70.0,19.44,19.444444444444446,9.857495968685136,19.0,18101,26601,25201.0,23671.175438596492,57,9.803722464346553,10.188704088048116,10.134638955251866
2022,360,19201,69.0,19.17,19.166666666666668,9.862717639992917,19.0,18101,26601,25201.0,23671.175438596492,57,9.803722464346553,10.188704088048116,10.134638955251866
2022,360,19301,69.0,19.17,19.166666666666668,9.867912187022208,19.0,18101,26601,25201.0,23671.175438596492,57,9.803722464346553,10.188704088048116,10.134638955251866
2022,360,19401,69.0,19.17,19.166666666666668,9.873079890114703,19.0,18101,26601,25201.0,23671.175438596492,57,9.803722464346553,10.188704088048116,10.134638955251866
2022,360,19501,69.0,19.17,19.166666666666668,9.87822102528824,19.0,18101,26601,25201.0,23671.175438596492,57,9.803722464346553,10.188704088048116,10.134638955251866
2022,360,19601,69.0,19.17,19.166666666666668,9.883335864325275,19.0,18101,26601,25201.0,23671.175438596492,57,9.803722464346553,10.188704088048116,10.134638955251866
2022,360,19701,68.0,18.89,18.88888888888889,9.888424674859083,18.0,19701,29001,27101.0,25403.816901408452,71,9.888424674859083,10.275085591132715,10.207325906555994
2022,360,19801,68.0,18.89,18.88888888888889,9.893487720457795,18.0,19701,29001,27101.0,25403.816901408452,71,9.888424674859083,10.275085591132715,10.207325906555994
2022,360,19901,68.0,18.89,18.88888888888889,9.898525260706313,18.0,19701,29001,27101.0,25403.816901408452,71,9.888424674859083,10.275085591132715,10.207325906555994
2022,360,20001,68.0,18.89,18.88888888888889,9.90353755128617,18.0,19701,29001,27101.0,25403.816901408452,71,9.888424674859083,10.275085591132715,10.207325906555994
2022,360,20101,68.0,18.89,18.88888888888889,9.908524844053396,18.0,19701,29001,27101.0,25403.816901408452,71,9.888424674859083,10.275085591132715,10.207325906555994
2022,360,20201,68.0,18.89,18.88888888888889,9.913487387114461,18.0,19701,29001,27101.0,25403.816901408452,71,9.888424674859083,10.275085591132715,10.207325906555994
2022,360,20301,67.0,18.61,18.61111111111111,9.918425424900335,18.0,19701,29001,27101.0,25403.816901408452,71,9.888424674859083,10.275085591132715,10.207325906555994
2022,360,20401,67.0,18.61,18.61111111111111,9.923339198238729,18.0,19701,29001,27101.0,25403.816901408452,71,9.888424674859083,10.275085591132715,10.207325906555994
2022,360,20501,67.0,18.61,18.61111111111111,9.928228944424575,18.0,19701,29001,27101.0,25403.816901408452,71,9.888424674859083,10.275085591132715,10.207325906555994
2022,360,20601,67.0,18.61,18.61111111111111,9.933094897288786,18.0,19701,29001,27101.0,25403.816901408452,71,9.888424674859083,10.275085591132715,10.207325906555994
2022,360,20701,67.0,18.61,18.61111111111111,9.937937287265354,18.0,19701,29001,27101.0,25403.816901408452,71,9.888424674859083,10.275085591132715,10.207325906555994
2022,360,20801,67.0,18.61,18.61111111111111,9.942756341456828,18.0,19701,29001,27101.0,25403.816901408452,71,9.888424674859083,10.275085591132715,10.207325906555994
2022,360,20901,66.0,18.33,18.333333333333332,9.94755228369823,18.0,19701,29001,27101.0,25403.816901408452,71,9.888424674859083,10.275085591132715,10.207325906555994
2022,360,21001,66.0,18.33,18.333333333333332,9.952325334619427,18.0,19701,29001,27101.0,25403.816901408452,71,9.888424674859083,10.275085591132715,10.207325906555994
2022,360,21101,66.0,18.33,18.333333333333332,9.957075711706057,18.0,19701,29001,27101.0,25403.816901408452,71,9.888424674859083,10.275085591132715,10.207325906555994
2022,360,21201,66.0,18.33,18.333333333333332,9.961803629358965,18.0,19701,29001,27101.0,25403.816901408452,71,9.888424674859083,10.275085591132715,10.207325906555994
2022,360,21301,66.0,18.33,18.333333333333332,9.966509298952284,18.0,19701,29001,27101.0,25403.816901408452,71,9.888424674859083,10.275085591132715,10.207325906555994
2022,360,21401,65.0,18.06,18.055555555555554,9.97119292889014,18.0,19701,29001,27101.0,25403.816901408452,71,9.888424674859083,10.275085591132715,10.207325906555994
2022,360,21501,65.0,18.06,18.055555555555554,9.975854724662028,18.0,19701,29001,27101.0,25403.816901408452,71,9.888424674859083,10.275085591132715,10.207325906555994
2022,360,21601,65.0,18.06,18.055555555555554,9.980494888896912,18.0,19701,29001,27101.0,25403.816901408452,71,9.888424674859083,10.275085591132715,10.207325906555994
2022,360,21701,65.0,18.06,18.055555555555554,9.985113621416073,18.0,19701,29001,27101.0,25403.816901408452,71,9.888424674859083,10.275085591132715,10.207325906555994
2022,360,21801,65.0,18.06,18.055555555555554,9.989711119284745,18.0,19701,29001,27101.0,25403.816901408452,71,9.888424674859083,10.275085591132715,10.207325906555994
2022,360,21901,65.0,18.06,18.055555555555554,9.994287576862567,18.0,19701,29001,27101.0,25403.816901408452,71,9.888424674859083,10.275085591132715,10.207325906555994
2022,360,22001,65.0,18.06,18.055555555555554,9.99884318585288,18.0,19701,29001,27101.0,25403.816901408452,71,9.888424674859083,10.275085591132715,10.207325906555994
2022,360,22101,64.0,17.78,17.77777777777778,10.003378135350923,17.0,22101,31101,29301.0,27434.333333333332,54,10.003378135350923,10.344995251991222,10.285376924115587
2022,360,22201,64.0,17.78,17.77777777777778,10.007892611890918,17.0,22101,31101,29301.0,27434.333333333332,54,10.003378135350923,10.344995251991222,10.285376924115587
2022,360,22301,64.0,17.78,17.77777777777778,10.012386799492118,17.0,22101,31101,29301.0,27434.333333333332,54,10.003378135350923,10.344995251991222,10.285376924115587
2022,360,22401,64.0,17.78,17.77777777777778,10.016860879703811,17.0,22101,31101,29301.0,27434.333333333332,54,10.003378135350923,10.344995251991222,10.285376924115587
2022,360,22501,64.0,17.78,17.77777777777778,10.021315031649332,17.0,22101,31101,29301.0,27434.333333333332,54,10.003378135350923,10.344995251991222,10.285376924115587
2022,360,22601,64.0,17.78,17.77777777777778,10.025749432069084,17.0,22101,31101,29301.0,27434.333333333332,54,10.003378135350923,10.344995251991222,10.285376924115587
2022,360,22701,63.0,17.5,17.5,10.030164255362632,17.0,22101,31101,29301.0,27434.333333333332,54,10.003378135350923,10.344995251991222,10.285376924115587
2022,360,22801,63.0,17.5,17.5,10.034559673629849,17.0,22101,31101,29301.0,27434.333333333332,54,10.003378135350923,10.344995251991222,10.285376924115587
2022,360,22901,63.0,17.5,17.5,10.038935856711177,17.0,22101,31101,29301.0,27434.333333333332,54,10.003378135350923,10.344995251991222,10.285376924115587
2022,360,23001,63.0,17.5,17.5,10.043292972227004,17.0,22101,31101,29301.0,27434.333333333332,54,10.003378135350923,10.344995251991222,10.285376924115587
2022,360,23101,63.0,17.5,17.5,10.047631185616188,17.0,22101,31101,29301.0,27434.333333333332,54,10.003378135350923,10.344995251991222,10.285376924115587
2022,360,23201,63.0,17.5,17.5,10.05195066017375,17.0,22101,31101,29301.0,27434.333333333332,54,10.003378135350923,10.344995251991222,10.285376924115587
2022,360,23301,63.0,17.5,17.5,10.056251557087757,17.0,22101,31101,29301.0,27434.333333333332,54,10.003378135350923,10.344995251991222,10.285376924115587
2022,360,23401,62.0,17.22,17.22222222222222,10.060534035475412,17.0,22101,31101,29301.0,27434.333333333332,54,10.003378135350923,10.344995251991222,10.285376924115587
2022,360,23501,62.0,17.22,17.22222222222222,10.064798252418377,17.0,22101,31101,29301.0,27434.333333333332,54,10.003378135350923,10.344995251991222,10.285376924115587
2022,360,23601,62.0,17.22,17.22222222222222,10.069044362997353,17.0,22101,31101,29301.0,27434.333333333332,54,10.003378135350923,10.344995251991222,10.285376924115587
2022,360,23701,62.0,17.22,17.22222222222222,10.073272520325904,17.0,22101,31101,29301.0,27434.333333333332,54,10.003378135350923,10.344995251991222,10.285376924115587
2022,360,23801,62.0,17.22,17.22222222222222,10.077482875583607,17.0,22101,31101,29301.0,27434.333333333332,54,10.003378135350923,10.344995251991222,10.285376924115587
2022,360,23901,62.0,17.22,17.22222222222222,10.081675578048475,17.0,22101,31101,29301.0,27434.333333333332,54,10.003378135350923,10.344995251991222,10.285376924115587
2022,360,24001,61.0,16.94,16.944444444444446,10.085850775128717,16.0,24001,26501,25251.0,25251.0,26,10.085850775128717,10.184937747111391,10.136621037879685
2022,360,24101,61.0,16.94,16.944444444444446,10.090008612393838,16.0,24001,26501,25251.0,25251.0,26,10.085850775128717,10.184937747111391,10.136621037879685
2022,360,24201,61.0,16.94,16.944444444444446,10.094149233605084,16.0,24001,26501,25251.0,25251.0,26,10.085850775128717,10.184937747111391,10.136621037879685
2022,360,24301,61.0,16.94,16.944444444444446,10.098272780745283,16.0,24001,26501,25251.0,25251.0,26,10.085850775128717,10.184937747111391,10.136621037879685
2022,360,24401,61.0,16.94,16.944444444444446,10.102379394048045,16.0,24001,26501,25251.0,25251.0,26,10.085850775128717,10.184937747111391,10.136621037879685
2022,360,24501,60.0,16.67,16.666666666666664,10.106469212026385,16.0,24001,26501,25251.0,25251.0,26,10.085850775128717,10.184937747111391,10.136621037879685
2022,360,24601,60.0,16.67,16.666666666666664,10.110542371500753,16.0,24001,26501,25251.0,25251.0,26,10.085850775128717,10.184937747111391,10.136621037879685
2022,360,24701,60.0,16.67,16.666666666666664,10.114599007626499,16.0,24001,26501,25251.0,25251.0,26,10.085850775128717,10.184937747111391,10.136621037879685
2022,360,24801,60.0,16.67,16.666666666666664,10.118639253920785,16.0,24001,26501,25251.0,25251.0,26,10.085850775128717,10.184937747111391,10.136621037879685
2022,360,24901,60.0,16.67,16.666666666666664,10.122663242288953,16.0,24001,26501,25251.0,25251.0,26,10.085850775128717,10.184937747111391,10.136621037879685
2022,360,25001,60.0,16.67,16.666666666666664,10.12667110305036,16.0,24001,26501,25251.0,25251.0,26,10.085850775128717,10.184937747111391,10.136621037879685
2022,360,25101,60.0,16.67,16.666666666666664,10.130662964963708,16.0,24001,26501,25251.0,25251.0,26,10.085850775128717,10.184937747111391,10.136621037879685
2022,360,25201,59.0,16.39,16.38888888888889,10.134638955251866,16.0,24001,26501,25251.0,25251.0,26,10.085850775128717,10.184937747111391,10.136621037879685
2022,360,25301,59.0,16.39,16.38888888888889,10.138599199626192,16.0,24001,26501,25251.0,25251.0,26,10.085850775128717,10.184937747111391,10.136621037879685
2022,360,25401,59.0,16.39,16.38888888888889,10.142543822310387,16.0,24001,26501,25251.0,25251.0,26,10.085850775128717,10.184937747111391,10.136621037879685
2022,360,25501,59.0,16.39,16.38888888888889,10.146472946063877,16.0,24001,26501,25251.0,25251.0,26,10.085850775128717,10.184937747111391,10.136621037879685
2022,360,25601,59.0,16.39,16.38888888888889,10.150386692204734,16.0,24001,26501,25251.0,25251.0,26,10.085850775128717,10.184937747111391,10.136621037879685
2022,360,25701,59.0,16.39,16.38888888888889,10.154285180632154,16.0,24001,26501,25251.0,25251.0,26,10.085850775128717,10.184937747111391,10.136621037879685
2022,360,25801,59.0,16.39,16.38888888888889,10.158168529848494,16.0,24001,26501,25251.0,25251.0,26,10.085850775128717,10.184937747111391,10.136621037879685
2022,360,25901,59.0,16.39,16.38888888888889,10.16203685698089,16.0,24001,26501,25251.0,25251.0,26,10.085850775128717,10.184937747111391,10.136621037879685
2022,360,26001,58.0,16.11,16.11111111111111,10.165890277802454,16.0,24001,26501,25251.0,25251.0,26,10.085850775128717,10.184937747111391,10.136621037879685
2022,360,26101,58.0,16.11,16.11111111111111,10.169728906753061,16.0,24001,26501,25251.0,25251.0,26,10.085850775128717,10.184937747111391,10.136621037879685
2022,360,26201,58.0,16.11,16.11111111111111,10.173552856959743,16.0,24001,26501,25251.0,25251.0,26,10.085850775128717,10.184937747111391,10.136621037879685
2022,360,26301,58.0,16.11,16.11111111111111,10.177362240256695,16.0,24001,26501,25251.0,25251.0,26,10.085850775128717,10.184937747111391,10.136621037879685
2022,360,26401,58.0,16.11,16.11111111111111,10.181157167204903,16.0,24001,26501,25251.0,25251.0,26,10.085850775128717,10.184937747111391,10.136621037879685
2022,360,26501,58.0,16.11,16.11111111111111,10.184937747111391,16.0,24001,26501,25251.0,25251.0,26,10.085850775128717,10.184937747111391,10.136621037879685
2022,360,26601,57.0,15.83,15.833333333333332,10.188704088048116,15.0,26601,29001,27801.0,27801.0,25,10.188704088048116,10.275085591132715,10.2328272702548
2022,360,26701,57.0,15.83,15.833333333333332,10.192456296870509,15.0,26601,29001,27801.0,27801.0,25,10.188704088048116,10.275085591132715,10.2328272702548
2022,360,26801,57.0,15.83,15.833333333333332,10.196194479235656,15.0,26601,29001,27801.0,27801.0,25,10.188704088048116,10.275085591132715,10.2328272702548
2022,360,26901,57.0,15.83,15.833333333333332,10.199918739620157,15.0,26601,29001,27801.0,27801.0,25,10.188704088048116,10.275085591132715,10.2328272702548
2022,360,27001,57.0,15.83,15.833333333333332,10.203629181337648,15.0,26601,29001,27801.0,27801.0,25,10.188704088048116,10.275085591132715,10.2328272702548
2022,360,27101,57.0,15.83,15.833333333333332,10.207325906555994,15.0,26601,29001,27801.0,27801.0,25,10.188704088048116,10.275085591132715,10.2328272702548
2022,360,27201,57.0,15.83,15.833333333333332,10.211009016314167,15.0,26601,29001,27801.0,27801.0,25,10.188704088048116,10.275085591132715,10.2328272702548
2022,360,27301,57.0,15.83,15.833333333333332,10.214678610538817,15.0,26601,29001,27801.0,27801.0,25,10.188704088048116,10.275085591132715,10.2328272702548
2022,360,27401,56.0,15.56,15.555555555555555,10.21833478806055,15.0,26601,29001,27801.0,27801.0,25,10.188704088048116,10.275085591132715,10.2328272702548
2022,360,27501,56.0,15.56,15.555555555555555,10.221977646629885,15.0,26601,29001,27801.0,27801.0,25,10.188704088048116,10.275085591132715,10.2328272702548
2022,360,27601,56.0,15.56,15.555555555555555,10.225607282932941,15.0,26601,29001,27801.0,27801.0,25,10.188704088048116,10.275085591132715,10.2328272702548
2022,360,27701,56.0,15.56,15.555555555555555,10.229223792606835,15.0,26601,29001,27801.0,27801.0,25,10.188704088048116,10.275085591132715,10.2328272702548
2022,360,27801,56.0,15.56,15.555555555555555,10.2328272702548,15.0,26601,29001,27801.0,27801.0,25,10.188704088048116,10.275085591132715,10.2328272702548
2022,360,27901,56.0,15.56,15.555555555555555,10.236417809461043,15.0,26601,29001,27801.0,27801.0,25,10.188704088048116,10.275085591132715,10.2328272702548
2022,360,28001,56.0,15.56,15.555555555555555,10.239995502805316,15.0,26601,29001,27801.0,27801.0,25,10.188704088048116,10.275085591132715,10.2328272702548
2022,360,28101,56.0,15.56,15.555555555555555,10.243560441877241,15.0,26601,29001,27801.0,27801.0,25,10.188704088048116,10.275085591132715,10.2328272702548
2022,360,28201,55.0,15.28,15.277777777777779,10.247112717290387,15.0,26601,29001,27801.0,27801.0,25,10.188704088048116,10.275085591132715,10.2328272702548
2022,360,28301,55.0,15.28,15.277777777777779,10.250652418696085,15.0,26601,29001,27801.0,27801.0,25,10.188704088048116,10.275085591132715,10.2328272702548
2022,360,28401,55.0,15.28,15.277777777777779,10.254179634797001,15.0,26601,29001,27801.0,27801.0,25,10.188704088048116,10.275085591132715,10.2328272702548
2022,360,28501,55.0,15.28,15.277777777777779,10.25769445336048,15.0,26601,29001,27801.0,27801.0,25,10.188704088048116,10.275085591132715,10.2328272702548
2022,360,28601,55.0,15.28,15.277777777777779,10.261196961231647,15.0,26601,29001,27801.0,27801.0,25,10.188704088048116,10.275085591132715,10.2328272702548
2022,360,28701,55.0,15.28,15.277777777777779,10.264687244346277,15.0,26601,29001,27801.0,27801.0,25,10.188704088048116,10.275085591132715,10.2328272702548
2022,360,28801,55.0,15.28,15.277777777777779,10.268165387743457,15.0,26601,29001,27801.0,27801.0,25,10.188704088048116,10.275085591132715,10.2328272702548
2022,360,28901,55.0,15.28,15.277777777777779,10.27163147557801,15.0,26601,29001,27801.0,27801.0,25,10.188704088048116,10.275085591132715,10.2328272702548
2022,360,29001,54.0,15.0,15.0,10.275085591132715,15.0,26601,29001,27801.0,27801.0,25,10.188704088048116,10.275085591132715,10.2328272702548
2023,360,1,341.0,94.72,94.72222222222221,0.0,94.0,1,1,1.0,1.0,2,0.0,0.0,0.0
2023,360,11,323.0,89.72,89.72222222222223,2.3978952727983707,89.0,11,11,11.0,11.0,5,2.3978952727983707,2.3978952727983707,2.3978952727983707
2023,360,51,301.0,83.61,83.61111111111111,3.9318256327243257,83.0,51,101,51.0,71.0,5,3.9318256327243257,4.61512051684126,3.9318256327243257
2023,360,101,284.0,78.89,78.88888888888889,4.61512051684126,78.0,11,301,101.0,133.0,5,2.3978952727983707,5.707110264748875,4.61512051684126
2023,360,201,269.0,74.72,74.72222222222223,5.303304908059076,74.0,51,701,201.0,251.0,6,3.9318256327243257,6.55250788703459,5.303304908059076
2023,360,301,257.0,71.39,71.38888888888889,5.707110264748875,71.0,201,1101,301.0,481.0,5,5.303304908059076,7.00397413672268,5.707110264748875
2023,360,401,248.0,68.89,68.88888888888889,5.993961427306569,68.0,201,1701,401.0,616.3846153846154,13,5.303304908059076,7.438971592395862,5.993961427306569
2023,360,501,242.0,67.22,67.22222222222223,6.2166061010848646,67.0,201,1901,901.0,988.5,8,5.303304908059076,7.550135342488429,6.803505257608338
2023,360,601,237.0,65.83,65.83333333333333,6.398594934535208,65.0,101,2401,801.0,1014.3333333333334,15,4.61512051684126,7.783640596221253,6.68586094706836
2023,360,701,232.0,64.44,64.44444444444444,6.55250788703459,64.0,301,2601,701.0,1047.1538461538462,13,5.707110264748875,7.8636512654486515,6.55250788703459
2023,360,801,227.0,63.06,63.05555555555556,6.68586094706836,63.0,301,3001,1001.0,1371.5882352941176,17,5.707110264748875,8.006700845440367,6.90875477931522
2023,360,901,222.0,61.67,61.66666666666667,6.803505257608338,61.0,201,3601,901.0,1305.7619047619048,21,5.303304908059076,8.188966863648876,6.803505257608338
2023,360,1001,219.0,60.83,60.83333333333333,6.90875477931522,60.0,501,3901,1401.0,1687.9565217391305,23,6.2166061010848646,8.268988209506656,7.244941546337007
2023,360,1101,215.0,59.72,59.72222222222222,7.00397413672268,59.0,501,4401,1701.0,2232.5789473684213,19,6.2166061010848646,8.38958706681109,7.438971592395862
2023,360,1201,212.0,58.89,58.88888888888889,7.0909098220799835,58.0,301,4801,1501.0,1926.9259259259259,27,5.707110264748875,8.476579508530941,7.313886831633462
2023,360,1301,209.0,58.06,58.05555555555556,7.170888478512505,58.0,301,4801,1501.0,1926.9259259259259,27,5.707110264748875,8.476579508530941,7.313886831633462
2023,360,1401,206.0,57.22,57.22222222222222,7.244941546337007,57.0,601,5201,1901.0,2273.0,25,6.398594934535208,8.556606193773073,7.550135342488429
2023,360,1501,203.0,56.39,56.388888888888886,7.313886831633462,56.0,401,5901,2101.0,2678.1428571428573,35,5.993961427306569,8.682877107057168,7.650168700845001
2023,360,1601,200.0,55.56,55.55555555555556,7.3783837129967145,55.0,401,6301,2201.0,2607.25,32,5.993961427306569,8.748463629942055,7.696667081526462
2023,360,1701,197.0,54.72,54.72222222222223,7.438971592395862,54.0,501,6901,2651.0,3181.5555555555557,36,6.2166061010848646,8.839421607620602,7.8826922062890254
2023,360,1801,195.0,54.17,54.166666666666664,7.496097345175956,54.0,501,6901,2651.0,3181.5555555555557,36,6.2166061010848646,8.839421607620602,7.8826922062890254
2023,360,1901,193.0,53.61,53.61111111111111,7.550135342488429,53.0,501,7601,2901.0,3366.1162790697676,43,6.2166061010848646,8.936035096566041,7.972810784121404
2023,360,2001,191.0,53.06,53.05555555555556,7.601402334583733,53.0,501,7601,2901.0,3366.1162790697676,43,6.2166061010848646,8.936035096566041,7.972810784121404
2023,360,2101,189.0,52.5,52.5,7.650168700845001,52.0,701,8101,2901.0,3608.317073170732,41,6.55250788703459,8.999742789830492,7.972810784121404
2023,360,2201,187.0,51.94,51.94444444444445,7.696667081526462,51.0,601,8901,3451.0,3991.740740740741,54,6.398594934535208,9.093918908958932,8.146419323098003
2023,360,2301,185.0,51.39,51.388888888888886,7.741099090035366,51.0,601,8901,3451.0,3991.740740740741,54,6.398594934535208,9.093918908958932,8.146419323098003
2023,360,2401,183.0,50.83,50.83333333333333,7.783640596221253,50.0,701,9801,3851.0,4534.333333333333,60,6.55250788703459,9.19023970026918,8.25608813381491
2023,360,2501,181.0,50.28,50.27777777777778,7.824445930877619,50.0,701,9801,3851.0,4534.333333333333,60,6.55250788703459,9.19023970026918,8.25608813381491
2023,360,2601,180.0,50.0,50.0,7.8636512654486515,50.0,701,9801,3851.0,4534.333333333333,60,6.55250788703459,9.19023970026918,8.25608813381491
2023,360,2701,178.0,49.44,49.44444444444444,7.901377353792616,49.0,801,10501,4001.0,4608.317073170731,41,6.68586094706836,9.259225769705994,8.294299608857235
2023,360,2801,177.0,49.17,49.166666666666664,7.937731775260109,49.0,801,10501,4001.0,4608.317073170731,41,6.68586094706836,9.259225769705994,8.294299608857235
2023,360,2901,175.0,48.61,48.61111111111111,7.972810784121404,48.0,901,11401,4251.0,4716.0,60,6.803505257608338,9.34145634983372,8.35490952835879
2023,360,3001,174.0,48.33,48.333333333333336,8.006700845440367,48.0,901,11401,4251.0,4716.0,60,6.803505257608338,9.34145634983372,8.35490952835879
2023,360,3101,173.0,48.06,48.05555555555556,8.03947991910045,48.0,901,11401,4251.0,4716.0,60,6.803505257608338,9.34145634983372,8.35490952835879
2023,360,3201,171.0,47.5,47.5,8.071218539969863,47.0,1001,12201,4001.0,4997.363636363636,55,6.90875477931522,9.409273194575334,8.294299608857235
2023,360,3301,170.0,47.22,47.22222222222222,8.101980731853192,47.0,1001,12201,4001.0,4997.363636363636,55,6.90875477931522,9.409273194575334,8.294299608857235
2023,360,3401,169.0,46.94,46.94444444444444,8.131824785007195,46.0,1101,13401,5351.0,5896.588235294118,68,7.00397413672268,9.503084610020228,8.585038738311304
2023,360,3501,167.0,46.39,46.38888888888889,8.160803920954665,46.0,1101,13401,5351.0,5896.588235294118,68,7.00397413672268,9.503084610020228,8.585038738311304
2023,360,3601,166.0,46.11,46.111111111111114,8.188966863648876,46.0,1101,13401,5351.0,5896.588235294118,68,7.00397413672268,9.503084610020228,8.585038738311304
2023,360,3701,165.0,45.83,45.83333333333333,8.216358332386156,45.0,1201,14501,5701.0,6161.273972602739,73,7.0909098220799835,9.581972891547895,8.648396877031582
2023,360,3801,164.0,45.56,45.55555555555556,8.24301946898925,45.0,1201,14501,5701.0,6161.273972602739,73,7.0909098220799835,9.581972891547895,8.648396877031582
2023,360,3901,163.0,45.28,45.27777777777778,8.268988209506656,45.0,1201,14501,5701.0,6161.273972602739,73,7.0909098220799835,9.581972891547895,8.648396877031582
2023,360,4001,162.0,45.0,45.0,8.294299608857235,45.0,1201,14501,5701.0,6161.273972602739,73,7.0909098220799835,9.581972891547895,8.648396877031582
2023,360,4101,161.0,44.72,44.72222222222222,8.31898612539206,44.0,1301,15501,5401.0,6494.1506849315065,73,7.170888478512505,9.648659816955295,8.594339400592892
2023,360,4201,160.0,44.44,44.44444444444444,8.343077871169383,44.0,1301,15501,5401.0,6494.1506849315065,73,7.170888478512505,9.648659816955295,8.594339400592892
2023,360,4301,159.0,44.17,44.166666666666664,8.366602832783736,44.0,1301,15501,5401.0,6494.1506849315065,73,7.170888478512505,9.648659816955295,8.594339400592892
2023,360,4401,158.0,43.89,43.888888888888886,8.38958706681109,43.0,1501,16801,6951.0,7356.555555555556,90,7.313886831633462,9.729193687429403,8.846640813100485
2023,360,4501,157.0,43.61,43.611111111111114,8.412054873292933,43.0,1501,16801,6951.0,7356.555555555556,90,7.313886831633462,9.729193687429403,8.846640813100485
2023,360,4601,156.0,43.33,43.333333333333336,8.434028950155469,43.0,1501,16801,6951.0,7356.555555555556,90,7.313886831633462,9.729193687429403,8.846640813100485
2023,360,4701,155.0,43.06,43.05555555555556,8.45553053102413,43.0,1501,16801,6951.0,7356.555555555556,90,7.313886831633462,9.729193687429403,8.846640813100485
2023,360,4801,155.0,43.06,43.05555555555556,8.476579508530941,43.0,1501,16801,6951.0,7356.555555555556,90,7.313886831633462,9.729193687429403,8.846640813100485
2023,360,4901,154.0,42.78,42.77777777777778,8.497194544909547,42.0,1601,18401,7901.0,8481.459770114943,87,7.3783837129967145,9.820160289946374,8.974744612722734
2023,360,5001,153.0,42.5,42.5,8.517393171418904,42.0,1601,18401,7901.0,8481.459770114943,87,7.3783837129967145,9.820160289946374,8.974744612722734
2023,360,5101,152.0,42.22,42.22222222222222,8.537191877922927,42.0,1601,18401,7901.0,8481.459770114943,87,7.3783837129967145,9.820160289946374,8.974744612722734
2023,360,5201,151.0,41.94,41.94444444444444,8.556606193773073,41.0,1701,19401,7351.0,8254.125,96,7.438971592395862,9.873079890114703,8.902591637374087
2023,360,5301,151.0,41.94,41.94444444444444,8.575650760987806,41.0,1701,19401,7351.0,8254.125,96,7.438971592395862,9.873079890114703,8.902591637374087
2023,360,5401,150.0,41.67,41.66666666666667,8.594339400592892,41.0,1701,19401,7351.0,8254.125,96,7.438971592395862,9.873079890114703,8.902591637374087
2023,360,5501,149.0,41.39,41.388888888888886,8.612685172875459,41.0,1701,19401,7351.0,8254.125,96,7.438971592395862,9.873079890114703,8.902591637374087
2023,360,5601,148.0,41.11,41.11111111111111,8.630700432209832,41.0,1701,19401,7351.0,8254.125,96,7.438971592395862,9.873079890114703,8.902591637374087
2023,360,5701,148.0,41.11,41.11111111111111,8.648396877031582,41.0,1701,19401,7351.0,8254.125,96,7.438971592395862,9.873079890114703,8.902591637374087
2023,360,5801,147.0,40.83,40.833333333333336,8.665785595466064,40.0,1901,21101,8351.0,9465.406779661016,118,7.550135342488429,9.957075711706057,9.03013657115323
2023,360,5901,146.0,40.56,40.55555555555556,8.682877107057168,40.0,1901,21101,8351.0,9465.406779661016,118,7.550135342488429,9.957075711706057,9.03013657115323
2023,360,6001,146.0,40.56,40.55555555555556,8.699681400989514,40.0,1901,21101,8351.0,9465.406779661016,118,7.550135342488429,9.957075711706057,9.03013657115323
2023,360,6101,145.0,40.28,40.27777777777778,8.716207971151853,40.0,1901,21101,8351.0,9465.406779661016,118,7.550135342488429,9.957075711706057,9.03013657115323
2023,360,6201,144.0,40.0,40.0,8.732465848349879,40.0,1901,21101,8351.0,9465.406779661016,118,7.550135342488429,9.957075711706057,9.03013657115323
2023,360,6301,144.0,40.0,40.0,8.748463629942055,40.0,1901,21101,8351.0,9465.406779661016,118,7.550135342488429,9.957075711706057,9.03013657115323
2023,360,6401,143.0,39.72,39.72222222222222,8.764209507142004,39.0,2201,22801,9351.0,10543.452830188678,106,7.696667081526462,10.034559673629849,9.143238568435446
2023,360,6501,142.0,39.44,39.44444444444444,8.77971129020447,39.0,2201,22801,9351.0,10543.452830188678,106,7.696667081526462,10.034559673629849,9.143238568435446
2023,360,6601,142.0,39.44,39.44444444444444,8.79497643168877,39.0,2201,22801,9351.0,10543.452830188678,106,7.696667081526462,10.034559673629849,9.143238568435446
2023,360,6701,141.0,39.17,39.166666666666664,8.81001204797317,39.0,2201,22801,9351.0,10543.452830188678,106,7.696667081526462,10.034559673629849,9.143238568435446
2023,360,6801,141.0,39.17,39.166666666666664,8.824824939175638,39.0,2201,22801,9351.0,10543.452830188678,106,7.696667081526462,10.034559673629849,9.143238568435446
2023,360,6901,140.0,38.89,38.88888888888889,8.839421607620602,38.0,2401,24201,11201.0,10851.40650406504,123,7.783640596221253,10.094149233605084,9.32375833901174
2023,360,7001,140.0,38.89,38.88888888888889,8.853808274977197,38.0,2401,24201,11201.0,10851.40650406504,123,7.783640596221253,10.094149233605084,9.32375833901174
2023,360,7101,139.0,38.61,38.611111111111114,8.867990898182093,38.0,2401,24201,11201.0,10851.40650406504,123,7.783640596221253,10.094149233605084,9.32375833901174
2023,360,7201,138.0,38.33,38.333333333333336,8.881975184248867,38.0,2401,24201,11201.0,10851.40650406504,123,7.783640596221253,10.094149233605084,9.32375833901174
2023,360,7301,138.0,38.33,38.333333333333336,8.895766604056085,38.0,2401,24201,11201.0,10851.40650406504,123,7.783640596221253,10.094149233605084,9.32375833901174
2023,360,7401,137.0,38.06,38.05555555555556,8.909370405197466,38.0,2401,24201,11201.0,10851.40650406504,123,7.783640596221253,10.094149233605084,9.32375833901174
2023,360,7501,137.0,38.06,38.05555555555556,8.922791623969637,38.0,2401,24201,11201.0,10851.40650406504,123,7.783640596221253,10.094149233605084,9.32375833901174
2023,360,7601,136.0,37.78,37.77777777777778,8.936035096566041,37.0,2701,26201,12601.0,12353.713178294574,129,7.901377353792616,10.173552856959743,9.441531454869693
2023,360,7701,136.0,37.78,37.77777777777778,8.94910546953925,37.0,2701,26201,12601.0,12353.713178294574,129,7.901377353792616,10.173552856959743,9.441531454869693
2023,360,7801,135.0,37.5,37.5,8.962007209588313,37.0,2701,26201,12601.0,12353.713178294574,129,7.901377353792616,10.173552856959743,9.441531454869693
2023,360,7901,135.0,37.5,37.5,8.974744612722734,37.0,2701,26201,12601.0,12353.713178294574,129,7.901377353792616,10.173552856959743,9.441531454869693
2023,360,8001,134.0,37.22,37.22222222222222,8.987321812850125,37.0,2701,26201,12601.0,12353.713178294574,129,7.901377353792616,10.173552856959743,9.441531454869693
2023,360,8101,134.0,37.22,37.22222222222222,8.999742789830492,37.0,2701,26201,12601.0,12353.713178294574,129,7.901377353792616,10.173552856959743,9.441531454869693
2023,360,8201,133.0,36.94,36.94444444444444,9.012011377036412,36.0,2901,28401,13701.0,13498.278911564626,147,7.972810784121404,10.254179634797001,9.525224101853109
2023,360,8301,133.0,36.94,36.94444444444444,9.024131268455035,36.0,2901,28401,13701.0,13498.278911564626,147,7.972810784121404,10.254179634797001,9.525224101853109
2023,360,8401,132.0,36.67,36.666666666666664,9.036106025364846,36.0,2901,28401,13701.0,13498.278911564626,147,7.972810784121404,10.254179634797001,9.525224101853109
2023,360,8501,132.0,36.67,36.666666666666664,9.04793908261736,36.0,2901,28401,13701.0,13498.278911564626,147,7.972810784121404,10.254179634797001,9.525224101853109
2023,360,8601,131.0,36.39,36.388888888888886,9.059633754551479,36.0,2901,28401,13701.0,13498.278911564626,147,7.972810784121404,10.254179634797001,9.525224101853109
2023,360,8701,131.0,36.39,36.388888888888886,9.071193240566025,36.0,2901,28401,13701.0,13498.278911564626,147,7.972810784121404,10.254179634797001,9.525224101853109
2023,360,8801,130.0,36.11,36.11111111111111,9.082620630373812,36.0,2901,28401,13701.0,13498.278911564626,147,7.972810784121404,10.254179634797001,9.525224101853109
2023,360,8901,130.0,36.11,36.11111111111111,9.093918908958932,36.0,2901,28401,13701.0,13498.278911564626,147,7.972810784121404,10.254179634797001,9.525224101853109
2023,360,9001,130.0,36.11,36.11111111111111,9.105090961257085,36.0,2901,28401,13701.0,13498.278911564626,147,7.972810784121404,10.254179634797001,9.525224101853109
2023,360,9101,129.0,35.83,35.833333333333336,9.116139576577355,35.0,3201,30101,15251.0,14490.583333333334,144,8.071218539969863,10.31231367277647,9.632400353656184
2023,360,9201,129.0,35.83,35.833333333333336,9.127067452782361,35.0,3201,30101,15251.0,14490.583333333334,144,8.071218539969863,10.31231367277647,9.632400353656184
2023,360,9301,128.0,35.56,35.55555555555556,9.137877200242468,35.0,3201,30101,15251.0,14490.583333333334,144,8.071218539969863,10.31231367277647,9.632400353656184
2023,360,9401,128.0,35.56,35.55555555555556,9.148571345578551,35.0,3201,30101,15251.0,14490.583333333334,144,8.071218539969863,10.31231367277647,9.632400353656184
2023,360,9501,127.0,35.28,35.27777777777778,9.15915233520675,35.0,3201,30101,15251.0,14490.583333333334,144,8.071218539969863,10.31231367277647,9.632400353656184
2023,360,9601,127.0,35.28,35.27777777777778,9.169622538697624,35.0,3201,30101,15251.0,14490.583333333334,144,8.071218539969863,10.31231367277647,9.632400353656184
2023,360,9701,127.0,35.28,35.27777777777778,9.179984251961283,35.0,3201,30101,15251.0,14490.583333333334,144,8.071218539969863,10.31231367277647,9.632400353656184
2023,360,9801,126.0,35.0,35.0,9.19023970026918,35.0,3201,30101,15251.0,14490.583333333334,144,8.071218539969863,10.31231367277647,9.632400353656184
2023,360,9901,126.0,35.0,35.0,9.200391041122515,35.0,3201,30101,15251.0,14490.583333333334,144,8.071218539969863,10.31231367277647,9.632400353656184
2023,360,10001,125.0,34.72,34.72222222222222,9.210440366976517,34.0,3601,30801,11051.0,13145.68085106383,94,8.188966863648876,10.335302435967074,9.310276200588783
2023,360,10101,125.0,34.72,34.72222222222222,9.220389707829185,34.0,3601,30801,11051.0,13145.68085106383,94,8.188966863648876,10.335302435967074,9.310276200588783
2023,360,10201,124.0,34.44,34.44444444444444,9.23024103368252,34.0,3601,30801,11051.0,13145.68085106383,94,8.188966863648876,10.335302435967074,9.310276200588783
2023,360,10301,124.0,34.44,34.44444444444444,9.239996256883693,34.0,3601,30801,11051.0,13145.68085106383,94,8.188966863648876,10.335302435967074,9.310276200588783
2023,360,10401,124.0,34.44,34.44444444444444,9.249657234353133,34.0,3601,30801,11051.0,13145.68085106383,94,8.188966863648876,10.335302435967074,9.310276200588783
2023,360,10501,123.0,34.17,34.166666666666664,9.259225769705994,34.0,3601,30801,11051.0,13145.68085106383,94,8.188966863648876,10.335302435967074,9.310276200588783
2023,360,10601,123.0,34.17,34.166666666666664,9.268703615273097,34.0,3601,30801,11051.0,13145.68085106383,94,8.188966863648876,10.335302435967074,9.310276200588783
2023,360,10701,122.0,33.89,33.88888888888889,9.278092474027002,33.0,3901,20101,11451.0,11791.217391304348,92,8.268988209506656,9.908524844053396,9.34583234141334
2023,360,10801,122.0,33.89,33.88888888888889,9.287394001418473,33.0,3901,20101,11451.0,11791.217391304348,92,8.268988209506656,9.908524844053396,9.34583234141334
2023,360,10901,122.0,33.89,33.88888888888889,9.296609807128359,33.0,3901,20101,11451.0,11791.217391304348,92,8.268988209506656,9.908524844053396,9.34583234141334
2023,360,11001,121.0,33.61,33.611111111111114,9.305741456739435,33.0,3901,20101,11451.0,11791.217391304348,92,8.268988209506656,9.908524844053396,9.34583234141334
2023,360,11101,121.0,33.61,33.611111111111114,9.314790473332646,33.0,3901,20101,11451.0,11791.217391304348,92,8.268988209506656,9.908524844053396,9.34583234141334
2023,360,11201,121.0,33.61,33.611111111111114,9.32375833901174,33.0,3901,20101,11451.0,11791.217391304348,92,8.268988209506656,9.908524844053396,9.34583234141334
2023,360,11301,120.0,33.33,33.33333333333333,9.332646496360152,33.0,3901,20101,11451.0,11791.217391304348,92,8.268988209506656,9.908524844053396,9.34583234141334
2023,360,11401,120.0,33.33,33.33333333333333,9.34145634983372,33.0,3901,20101,11451.0,11791.217391304348,92,8.268988209506656,9.908524844053396,9.34583234141334
2023,360,11501,119.0,33.06,33.05555555555556,9.350189267092581,33.0,3901,20101,11451.0,11791.217391304348,92,8.268988209506656,9.908524844053396,9.34583234141334
2023,360,11601,119.0,33.06,33.05555555555556,9.358846580275406,33.0,3901,20101,11451.0,11791.217391304348,92,8.268988209506656,9.908524844053396,9.34583234141334
2023,360,11701,119.0,33.06,33.05555555555556,9.367429587218957,33.0,3901,20101,11451.0,11791.217391304348,92,8.268988209506656,9.908524844053396,9.34583234141334
2023,360,11801,118.0,32.78,32.77777777777778,9.375939552625749,32.0,4401,21701,12151.0,12598.5,80,8.38958706681109,9.985113621416073,9.405166749908611
2023,360,11901,118.0,32.78,32.77777777777778,9.38437770918244,32.0,4401,21701,12151.0,12598.5,80,8.38958706681109,9.985113621416073,9.405166749908611
2023,360,12001,118.0,32.78,32.77777777777778,9.392745258631441,32.0,4401,21701,12151.0,12598.5,80,8.38958706681109,9.985113621416073,9.405166749908611
2023,360,12101,117.0,32.5,32.5,9.401043372798053,32.0,4401,21701,12151.0,12598.5,80,8.38958706681109,9.985113621416073,9.405166749908611
2023,360,12201,117.0,32.5,32.5,9.409273194575334,32.0,4401,21701,12151.0,12598.5,80,8.38958706681109,9.985113621416073,9.405166749908611
2023,360,12301,117.0,32.5,32.5,9.417435838868785,32.0,4401,21701,12151.0,12598.5,80,8.38958706681109,9.985113621416073,9.405166749908611
2023,360,12401,116.0,32.22,32.22222222222222,9.425532393502772,32.0,4401,21701,12151.0,12598.5,80,8.38958706681109,9.985113621416073,9.405166749908611
2023,360,12501,116.0,32.22,32.22222222222222,9.433563920090563,32.0,4401,21701,12151.0,12598.5,80,8.38958706681109,9.985113621416073,9.405166749908611
2023,360,12601,116.0,32.22,32.22222222222222,9.441531454869693,32.0,4401,21701,12151.0,12598.5,80,8.38958706681109,9.985113621416073,9.405166749908611
2023,360,12701,115.0,31.94,31.944444444444443,9.44943600950432,31.0,4801,24001,13601.0,13990.908256880733,109,8.476579508530941,10.085850775128717,9.517898598432753
2023,360,12801,115.0,31.94,31.944444444444443,9.45727857185611,31.0,4801,24001,13601.0,13990.908256880733,109,8.476579508530941,10.085850775128717,9.517898598432753
2023,360,12901,115.0,31.94,31.944444444444443,9.465060106725137,31.0,4801,24001,13601.0,13990.908256880733,109,8.476579508530941,10.085850775128717,9.517898598432753
2023,360,13001,114.0,31.67,31.666666666666664,9.472781556562168,31.0,4801,24001,13601.0,13990.908256880733,109,8.476579508530941,10.085850775128717,9.517898598432753
2023,360,13101,114.0,31.67,31.666666666666664,9.48044384215367,31.0,4801,24001,13601.0,13990.908256880733,109,8.476579508530941,10.085850775128717,9.517898598432753
2023,360,13201,114.0,31.67,31.666666666666664,9.488047863280759,31.0,4801,24001,13601.0,13990.908256880733,109,8.476579508530941,10.085850775128717,9.517898598432753
2023,360,13301,114.0,31.67,31.666666666666664,9.495594499353297,31.0,4801,24001,13601.0,13990.908256880733,109,8.476579508530941,10.085850775128717,9.517898598432753
2023,360,13401,113.0,31.39,31.38888888888889,9.503084610020228,31.0,4801,24001,13601.0,13990.908256880733,109,8.476579508530941,10.085850775128717,9.517898598432753
2023,360,13501,113.0,31.39,31.38888888888889,9.510519035757246,31.0,4801,24001,13601.0,13990.908256880733,109,8.476579508530941,10.085850775128717,9.517898598432753
2023,360,13601,113.0,31.39,31.38888888888889,9.517898598432753,31.0,4801,24001,13601.0,13990.908256880733,109,8.476579508530941,10.085850775128717,9.517898598432753
2023,360,13701,112.0,31.11,31.11111111111111,9.525224101853109,31.0,4801,24001,13601.0,13990.908256880733,109,8.476579508530941,10.085850775128717,9.517898598432753
2023,360,13801,112.0,31.11,31.11111111111111,9.53249633228804,31.0,4801,24001,13601.0,13990.908256880733,109,8.476579508530941,10.085850775128717,9.517898598432753
2023,360,13901,112.0,31.11,31.11111111111111,9.539716058977092,31.0,4801,24001,13601.0,13990.908256880733,109,8.476579508530941,10.085850775128717,9.517898598432753
2023,360,14001,111.0,30.83,30.833333333333336,9.546884034617925,30.0,5501,26001,14501.0,14815.529914529914,117,8.612685172875459,10.165890277802454,9.581972891547895
2023,360,14101,111.0,30.83,30.833333333333336,9.55400099583723,30.0,5501,26001,14501.0,14815.529914529914,117,8.612685172875459,10.165890277802454,9.581972891547895
2023,360,14201,111.0,30.83,30.833333333333336,9.561067663645012,30.0,5501,26001,14501.0,14815.529914529914,117,8.612685172875459,10.165890277802454,9.581972891547895
2023,360,14301,111.0,30.83,30.833333333333336,9.568084743872936,30.0,5501,26001,14501.0,14815.529914529914,117,8.612685172875459,10.165890277802454,9.581972891547895
2023,360,14401,110.0,30.56,30.555555555555557,9.575052927597383,30.0,5501,26001,14501.0,14815.529914529914,117,8.612685172875459,10.165890277802454,9.581972891547895
2023,360,14501,110.0,30.56,30.555555555555557,9.581972891547895,30.0,5501,26001,14501.0,14815.529914529914,117,8.612685172875459,10.165890277802454,9.581972891547895
2023,360,14601,110.0,30.56,30.555555555555557,9.588845298501564,30.0,5501,26001,14501.0,14815.529914529914,117,8.612685172875459,10.165890277802454,9.581972891547895
2023,360,14701,110.0,30.56,30.555555555555557,9.595670797663967,30.0,5501,26001,14501.0,14815.529914529914,117,8.612685172875459,10.165890277802454,9.581972891547895
2023,360,14801,109.0,30.28,30.277777777777775,9.60245002503719,30.0,5501,26001,14501.0,14815.529914529914,117,8.612685172875459,10.165890277802454,9.581972891547895
2023,360,14901,109.0,30.28,30.277777777777775,9.60918360377546,30.0,5501,26001,14501.0,14815.529914529914,117,8.612685172875459,10.165890277802454,9.581972891547895
2023,360,15001,109.0,30.28,30.277777777777775,9.61587214452889,30.0,5501,26001,14501.0,14815.529914529914,117,8.612685172875459,10.165890277802454,9.581972891547895
2023,360,15101,108.0,30.0,30.0,9.62251624577579,30.0,5501,26001,14501.0,14815.529914529914,117,8.612685172875459,10.165890277802454,9.581972891547895
2023,360,15201,108.0,30.0,30.0,9.62911649414402,30.0,5501,26001,14501.0,14815.529914529914,117,8.612685172875459,10.165890277802454,9.581972891547895
2023,360,15301,108.0,30.0,30.0,9.635673464721814,30.0,5501,26001,14501.0,14815.529914529914,117,8.612685172875459,10.165890277802454,9.581972891547895
2023,360,15401,108.0,30.0,30.0,9.642187721358466,30.0,5501,26001,14501.0,14815.529914529914,117,8.612685172875459,10.165890277802454,9.581972891547895
2023,360,15501,107.0,29.72,29.72222222222222,9.648659816955295,29.0,6301,18001,15351.0,13993.222222222223,90,8.748463629942055,9.798182590890704,9.638935897473202
2023,360,15601,107.0,29.72,29.72222222222222,9.65509029374725,29.0,6301,18001,15351.0,13993.222222222223,90,8.748463629942055,9.798182590890704,9.638935897473202
2023,360,15701,107.0,29.72,29.72222222222222,9.661479683575521,29.0,6301,18001,15351.0,13993.222222222223,90,8.748463629942055,9.798182590890704,9.638935897473202
2023,360,15801,107.0,29.72,29.72222222222222,9.6678285081515,29.0,6301,18001,15351.0,13993.222222222223,90,8.748463629942055,9.798182590890704,9.638935897473202
2023,360,15901,106.0,29.44,29.444444444444446,9.674137279312397,29.0,6301,18001,15351.0,13993.222222222223,90,8.748463629942055,9.798182590890704,9.638935897473202
2023,360,16001,106.0,29.44,29.444444444444446,9.680406499268875,29.0,6301,18001,15351.0,13993.222222222223,90,8.748463629942055,9.798182590890704,9.638935897473202
2023,360,16101,106.0,29.44,29.444444444444446,9.686636660844938,29.0,6301,18001,15351.0,13993.222222222223,90,8.748463629942055,9.798182590890704,9.638935897473202
2023,360,16201,106.0,29.44,29.444444444444446,9.692828247710418,29.0,6301,18001,15351.0,13993.222222222223,90,8.748463629942055,9.798182590890704,9.638935897473202
2023,360,16301,105.0,29.17,29.166666666666668,9.69898173460629,29.0,6301,18001,15351.0,13993.222222222223,90,8.748463629942055,9.798182590890704,9.638935897473202
2023,360,16401,105.0,29.17,29.166666666666668,9.70509758756311,29.0,6301,18001,15351.0,13993.222222222223,90,8.748463629942055,9.798182590890704,9.638935897473202
2023,360,16501,105.0,29.17,29.166666666666668,9.711176264112805,29.0,6301,18001,15351.0,13993.222222222223,90,8.748463629942055,9.798182590890704,9.638935897473202
2023,360,16601,105.0,29.17,29.166666666666668,9.717218213494077,29.0,6301,18001,15351.0,13993.222222222223,90,8.748463629942055,9.798182590890704,9.638935897473202
2023,360,16701,104.0,28.89,28.888888888888886,9.723223876851618,28.0,6801,19601,16801.0,15007.796116504855,103,8.824824939175638,9.883335864325275,9.729193687429403
2023,360,16801,104.0,28.89,28.888888888888886,9.729193687429403,28.0,6801,19601,16801.0,15007.796116504855,103,8.824824939175638,9.883335864325275,9.729193687429403
2023,360,16901,104.0,28.89,28.888888888888886,9.735128070758227,28.0,6801,19601,16801.0,15007.796116504855,103,8.824824939175638,9.883335864325275,9.729193687429403
2023,360,17001,104.0,28.89,28.888888888888886,9.741027444837728,28.0,6801,19601,16801.0,15007.796116504855,103,8.824824939175638,9.883335864325275,9.729193687429403
2023,360,17101,104.0,28.89,28.888888888888886,9.746892220313054,28.0,6801,19601,16801.0,15007.796116504855,103,8.824824939175638,9.883335864325275,9.729193687429403
2023,360,17201,103.0,28.61,28.61111111111111,9.75272280064639,28.0,6801,19601,16801.0,15007.796116504855,103,8.824824939175638,9.883335864325275,9.729193687429403
2023,360,17301,103.0,28.61,28.61111111111111,9.758519582283522,28.0,6801,19601,16801.0,15007.796116504855,103,8.824824939175638,9.883335864325275,9.729193687429403
2023,360,17401,103.0,28.61,28.61111111111111,9.76428295481558,28.0,6801,19601,16801.0,15007.796116504855,103,8.824824939175638,9.883335864325275,9.729193687429403
2023,360,17501,103.0,28.61,28.61111111111111,9.770013301136158,28.0,6801,19601,16801.0,15007.796116504855,103,8.824824939175638,9.883335864325275,9.729193687429403
2023,360,17601,102.0,28.33,28.333333333333332,9.77571099759397,28.0,6801,19601,16801.0,15007.796116504855,103,8.824824939175638,9.883335864325275,9.729193687429403
2023,360,17701,102.0,28.33,28.333333333333332,9.781376414141157,28.0,6801,19601,16801.0,15007.796116504855,103,8.824824939175638,9.883335864325275,9.729193687429403
2023,360,17801,102.0,28.33,28.333333333333332,9.787009914477434,28.0,6801,19601,16801.0,15007.796116504855,103,8.824824939175638,9.883335864325275,9.729193687429403
2023,360,17901,102.0,28.33,28.333333333333332,9.792611856190192,28.0,6801,19601,16801.0,15007.796116504855,103,8.824824939175638,9.883335864325275,9.729193687429403
2023,360,18001,101.0,28.06,28.055555555555557,9.798182590890704,28.0,6801,19601,16801.0,15007.796116504855,103,8.824824939175638,9.883335864325275,9.729193687429403
2023,360,18101,101.0,28.06,28.055555555555557,9.803722464346553,28.0,6801,19601,16801.0,15007.796116504855,103,8.824824939175638,9.883335864325275,9.729193687429403
2023,360,18201,101.0,28.06,28.055555555555557,9.809231816610408,28.0,6801,19601,16801.0,15007.796116504855,103,8.824824939175638,9.883335864325275,9.729193687429403
2023,360,18301,101.0,28.06,28.055555555555557,9.814710982145282,28.0,6801,19601,16801.0,15007.796116504855,103,8.824824939175638,9.883335864325275,9.729193687429403
2023,360,18401,100.0,27.78,27.77777777777778,9.820160289946374,27.0,7801,21101,18151.0,16328.0,100,8.962007209588313,9.957075711706057,9.806480934593978
2023,360,18501,100.0,27.78,27.77777777777778,9.825580063659602,27.0,7801,21101,18151.0,16328.0,100,8.962007209588313,9.957075711706057,9.806480934593978
2023,360,18601,100.0,27.78,27.77777777777778,9.83097062169695,27.0,7801,21101,18151.0,16328.0,100,8.962007209588313,9.957075711706057,9.806480934593978
2023,360,18701,100.0,27.78,27.77777777777778,9.83633227734872,27.0,7801,21101,18151.0,16328.0,100,8.962007209588313,9.957075711706057,9.806480934593978
2023,360,18801,100.0,27.78,27.77777777777778,9.841665338892785,27.0,7801,21101,18151.0,16328.0,100,8.962007209588313,9.957075711706057,9.806480934593978
2023,360,18901,99.0,27.5,27.500000000000004,9.846970109700957,27.0,7801,21101,18151.0,16328.0,100,8.962007209588313,9.957075711706057,9.806480934593978
2023,360,19001,99.0,27.5,27.500000000000004,9.852246888342531,27.0,7801,21101,18151.0,16328.0,100,8.962007209588313,9.957075711706057,9.806480934593978
2023,360,19101,99.0,27.5,27.500000000000004,9.857495968685136,27.0,7801,21101,18151.0,16328.0,100,8.962007209588313,9.957075711706057,9.806480934593978
2023,360,19201,99.0,27.5,27.500000000000004,9.862717639992917,27.0,7801,21101,18151.0,16328.0,100,8.962007209588313,9.957075711706057,9.806480934593978
2023,360,19301,99.0,27.5,27.500000000000004,9.867912187022208,27.0,7801,21101,18151.0,16328.0,100,8.962007209588313,9.957075711706057,9.806480934593978
2023,360,19401,98.0,27.22,27.22222222222222,9.873079890114703,27.0,7801,21101,18151.0,16328.0,100,8.962007209588313,9.957075711706057,9.806480934593978
2023,360,19501,98.0,27.22,27.22222222222222,9.87822102528824,27.0,7801,21101,18151.0,16328.0,100,8.962007209588313,9.957075711706057,9.806480934593978
2023,360,19601,98.0,27.22,27.22222222222222,9.883335864325275,27.0,7801,21101,18151.0,16328.0,100,8.962007209588313,9.957075711706057,9.806480934593978
2023,360,19701,98.0,27.22,27.22222222222222,9.888424674859083,27.0,7801,21101,18151.0,16328.0,100,8.962007209588313,9.957075711706057,9.806480934593978
2023,360,19801,97.0,26.94,26.944444444444443,9.893487720457795,26.0,8501,23001,19401.0,17608.69230769231,117,9.04793908261736,10.043292972227004,9.873079890114703
2023,360,19901,97.0,26.94,26.944444444444443,9.898525260706313,26.0,8501,23001,19401.0,17608.69230769231,117,9.04793908261736,10.043292972227004,9.873079890114703
2023,360,20001,97.0,26.94,26.944444444444443,9.90353755128617,26.0,8501,23001,19401.0,17608.69230769231,117,9.04793908261736,10.043292972227004,9.873079890114703
2023,360,20101,97.0,26.94,26.944444444444443,9.908524844053396,26.0,8501,23001,19401.0,17608.69230769231,117,9.04793908261736,10.043292972227004,9.873079890114703
2023,360,20201,97.0,26.94,26.944444444444443,9.913487387114461,26.0,8501,23001,19401.0,17608.69230769231,117,9.04793908261736,10.043292972227004,9.873079890114703
2023,360,20301,96.0,26.67,26.666666666666668,9.918425424900335,26.0,8501,23001,19401.0,17608.69230769231,117,9.04793908261736,10.043292972227004,9.873079890114703
2023,360,20401,96.0,26.67,26.666666666666668,9.923339198238729,26.0,8501,23001,19401.0,17608.69230769231,117,9.04793908261736,10.043292972227004,9.873079890114703
2023,360,20501,96.0,26.67,26.666666666666668,9.928228944424575,26.0,8501,23001,19401.0,17608.69230769231,117,9.04793908261736,10.043292972227004,9.873079890114703
2023,360,20601,96.0,26.67,26.666666666666668,9.933094897288786,26.0,8501,23001,19401.0,17608.69230769231,117,9.04793908261736,10.043292972227004,9.873079890114703
2023,360,20701,95.0,26.39,26.38888888888889,9.937937287265354,26.0,8501,23001,19401.0,17608.69230769231,117,9.04793908261736,10.043292972227004,9.873079890114703
2023,360,20801,95.0,26.39,26.38888888888889,9.942756341456828,26.0,8501,23001,19401.0,17608.69230769231,117,9.04793908261736,10.043292972227004,9.873079890114703
2023,360,20901,95.0,26.39,26.38888888888889,9.94755228369823,26.0,8501,23001,19401.0,17608.69230769231,117,9.04793908261736,10.043292972227004,9.873079890114703
2023,360,21001,95.0,26.39,26.38888888888889,9.952325334619427,26.0,8501,23001,19401.0,17608.69230769231,117,9.04793908261736,10.043292972227004,9.873079890114703
2023,360,21101,95.0,26.39,26.38888888888889,9.957075711706057,26.0,8501,23001,19401.0,17608.69230769231,117,9.04793908261736,10.043292972227004,9.873079890114703
2023,360,21201,94.0,26.11,26.111111111111114,9.961803629358965,26.0,8501,23001,19401.0,17608.69230769231,117,9.04793908261736,10.043292972227004,9.873079890114703
2023,360,21301,94.0,26.11,26.111111111111114,9.966509298952284,26.0,8501,23001,19401.0,17608.69230769231,117,9.04793908261736,10.043292972227004,9.873079890114703
2023,360,21401,94.0,26.11,26.111111111111114,9.97119292889014,26.0,8501,23001,19401.0,17608.69230769231,117,9.04793908261736,10.043292972227004,9.873079890114703
2023,360,21501,94.0,26.11,26.111111111111114,9.975854724662028,26.0,8501,23001,19401.0,17608.69230769231,117,9.04793908261736,10.043292972227004,9.873079890114703
2023,360,21601,94.0,26.11,26.111111111111114,9.980494888896912,26.0,8501,23001,19401.0,17608.69230769231,117,9.04793908261736,10.043292972227004,9.873079890114703
2023,360,21701,93.0,25.83,25.833333333333336,9.985113621416073,25.0,9601,24901,20351.0,19123.131147540982,122,9.169622538697624,10.122663242288953,9.920885329712549
2023,360,21801,93.0,25.83,25.833333333333336,9.989711119284745,25.0,9601,24901,20351.0,19123.131147540982,122,9.169622538697624,10.122663242288953,9.920885329712549
2023,360,21901,93.0,25.83,25.833333333333336,9.994287576862567,25.0,9601,24901,20351.0,19123.131147540982,122,9.169622538697624,10.122663242288953,9.920885329712549
2023,360,22001,93.0,25.83,25.833333333333336,9.99884318585288,25.0,9601,24901,20351.0,19123.131147540982,122,9.169622538697624,10.122663242288953,9.920885329712549
2023,360,22101,93.0,25.83,25.833333333333336,10.003378135350923,25.0,9601,24901,20351.0,19123.131147540982,122,9.169622538697624,10.122663242288953,9.920885329712549
2023,360,22201,93.0,25.83,25.833333333333336,10.007892611890918,25.0,9601,24901,20351.0,19123.131147540982,122,9.169622538697624,10.122663242288953,9.920885329712549
2023,360,22301,92.0,25.56,25.555555555555554,10.012386799492118,25.0,9601,24901,20351.0,19123.131147540982,122,9.169622538697624,10.122663242288953,9.920885329712549
2023,360,22401,92.0,25.56,25.555555555555554,10.016860879703811,25.0,9601,24901,20351.0,19123.131147540982,122,9.169622538697624,10.122663242288953,9.920885329712549
2023,360,22501,92.0,25.56,25.555555555555554,10.021315031649332,25.0,9601,24901,20351.0,19123.131147540982,122,9.169622538697624,10.122663242288953,9.920885329712549
2023,360,22601,92.0,25.56,25.555555555555554,10.025749432069084,25.0,9601,24901,20351.0,19123.131147540982,122,9.169622538697624,10.122663242288953,9.920885329712549
2023,360,22701,92.0,25.56,25.555555555555554,10.030164255362632,25.0,9601,24901,20351.0,19123.131147540982,122,9.169622538697624,10.122663242288953,9.920885329712549
2023,360,22801,92.0,25.56,25.555555555555554,10.034559673629849,25.0,9601,24901,20351.0,19123.131147540982,122,9.169622538697624,10.122663242288953,9.920885329712549
2023,360,22901,91.0,25.28,25.27777777777778,10.038935856711177,25.0,9601,24901,20351.0,19123.131147540982,122,9.169622538697624,10.122663242288953,9.920885329712549
2023,360,23001,91.0,25.28,25.27777777777778,10.043292972227004,25.0,9601,24901,20351.0,19123.131147540982,122,9.169622538697624,10.122663242288953,9.920885329712549
2023,360,23101,91.0,25.28,25.27777777777778,10.047631185616188,25.0,9601,24901,20351.0,19123.131147540982,122,9.169622538697624,10.122663242288953,9.920885329712549
2023,360,23201,91.0,25.28,25.27777777777778,10.05195066017375,25.0,9601,24901,20351.0,19123.131147540982,122,9.169622538697624,10.122663242288953,9.920885329712549
2023,360,23301,91.0,25.28,25.27777777777778,10.056251557087757,25.0,9601,24901,20351.0,19123.131147540982,122,9.169622538697624,10.122663242288953,9.920885329712549
2023,360,23401,90.0,25.0,25.0,10.060534035475412,25.0,9601,24901,20351.0,19123.131147540982,122,9.169622538697624,10.122663242288953,9.920885329712549
2023,360,23501,90.0,25.0,25.0,10.064798252418377,25.0,9601,24901,20351.0,19123.131147540982,122,9.169622538697624,10.122663242288953,9.920885329712549
2023,360,23601,90.0,25.0,25.0,10.069044362997353,25.0,9601,24901,20351.0,19123.131147540982,122,9.169622538697624,10.122663242288953,9.920885329712549
2023,360,23701,90.0,25.0,25.0,10.073272520325904,25.0,9601,24901,20351.0,19123.131147540982,122,9.169622538697624,10.122663242288953,9.920885329712549
2023,360,23801,90.0,25.0,25.0,10.077482875583607,25.0,9601,24901,20351.0,19123.131147540982,122,9.169622538697624,10.122663242288953,9.920885329712549
2023,360,23901,90.0,25.0,25.0,10.081675578048475,25.0,9601,24901,20351.0,19123.131147540982,122,9.169622538697624,10.122663242288953,9.920885329712549
2023,360,24001,89.0,24.72,24.72222222222222,10.085850775128717,24.0,10801,25601,17451.0,18621.833333333332,72,9.287394001418473,10.150386692204734,9.767152232578871
2023,360,24101,89.0,24.72,24.72222222222222,10.090008612393838,24.0,10801,25601,17451.0,18621.833333333332,72,9.287394001418473,10.150386692204734,9.767152232578871
2023,360,24201,89.0,24.72,24.72222222222222,10.094149233605084,24.0,10801,25601,17451.0,18621.833333333332,72,9.287394001418473,10.150386692204734,9.767152232578871
2023,360,24301,89.0,24.72,24.72222222222222,10.098272780745283,24.0,10801,25601,17451.0,18621.833333333332,72,9.287394001418473,10.150386692204734,9.767152232578871
2023,360,24401,89.0,24.72,24.72222222222222,10.102379394048045,24.0,10801,25601,17451.0,18621.833333333332,72,9.287394001418473,10.150386692204734,9.767152232578871
2023,360,24501,88.0,24.44,24.444444444444443,10.106469212026385,24.0,10801,25601,17451.0,18621.833333333332,72,9.287394001418473,10.150386692204734,9.767152232578871
2023,360,24601,88.0,24.44,24.444444444444443,10.110542371500753,24.0,10801,25601,17451.0,18621.833333333332,72,9.287394001418473,10.150386692204734,9.767152232578871
2023,360,24701,88.0,24.44,24.444444444444443,10.114599007626499,24.0,10801,25601,17451.0,18621.833333333332,72,9.287394001418473,10.150386692204734,9.767152232578871
2023,360,24801,88.0,24.44,24.444444444444443,10.118639253920785,24.0,10801,25601,17451.0,18621.833333333332,72,9.287394001418473,10.150386692204734,9.767152232578871
2023,360,24901,88.0,24.44,24.444444444444443,10.122663242288953,24.0,10801,25601,17451.0,18621.833333333332,72,9.287394001418473,10.150386692204734,9.767152232578871
2023,360,25001,88.0,24.44,24.444444444444443,10.12667110305036,24.0,10801,25601,17451.0,18621.833333333332,72,9.287394001418473,10.150386692204734,9.767152232578871
2023,360,25101,88.0,24.44,24.444444444444443,10.130662964963708,24.0,10801,25601,17451.0,18621.833333333332,72,9.287394001418473,10.150386692204734,9.767152232578871
2023,360,25201,87.0,24.17,24.166666666666668,10.134638955251866,24.0,10801,25601,17451.0,18621.833333333332,72,9.287394001418473,10.150386692204734,9.767152232578871
2023,360,25301,87.0,24.17,24.166666666666668,10.138599199626192,24.0,10801,25601,17451.0,18621.833333333332,72,9.287394001418473,10.150386692204734,9.767152232578871
2023,360,25401,87.0,24.17,24.166666666666668,10.142543822310387,24.0,10801,25601,17451.0,18621.833333333332,72,9.287394001418473,10.150386692204734,9.767152232578871
2023,360,25501,87.0,24.17,24.166666666666668,10.146472946063877,24.0,10801,25601,17451.0,18621.833333333332,72,9.287394001418473,10.150386692204734,9.767152232578871
2023,360,25601,87.0,24.17,24.166666666666668,10.150386692204734,24.0,10801,25601,17451.0,18621.833333333332,72,9.287394001418473,10.150386692204734,9.767152232578871
2023,360,25701,86.0,23.89,23.88888888888889,10.154285180632154,23.0,11801,26401,18401.0,18192.780821917808,73,9.375939552625749,10.181157167204903,9.820160289946374
2023,360,25801,86.0,23.89,23.88888888888889,10.158168529848494,23.0,11801,26401,18401.0,18192.780821917808,73,9.375939552625749,10.181157167204903,9.820160289946374
2023,360,25901,86.0,23.89,23.88888888888889,10.16203685698089,23.0,11801,26401,18401.0,18192.780821917808,73,9.375939552625749,10.181157167204903,9.820160289946374
2023,360,26001,86.0,23.89,23.88888888888889,10.165890277802454,23.0,11801,26401,18401.0,18192.780821917808,73,9.375939552625749,10.181157167204903,9.820160289946374
2023,360,26101,86.0,23.89,23.88888888888889,10.169728906753061,23.0,11801,26401,18401.0,18192.780821917808,73,9.375939552625749,10.181157167204903,9.820160289946374
2023,360,26201,86.0,23.89,23.88888888888889,10.173552856959743,23.0,11801,26401,18401.0,18192.780821917808,73,9.375939552625749,10.181157167204903,9.820160289946374
2023,360,26301,86.0,23.89,23.88888888888889,10.177362240256695,23.0,11801,26401,18401.0,18192.780821917808,73,9.375939552625749,10.181157167204903,9.820160289946374
2023,360,26401,85.0,23.61,23.61111111111111,10.181157167204903,23.0,11801,26401,18401.0,18192.780821917808,73,9.375939552625749,10.181157167204903,9.820160289946374
2024,360,1,355.0,98.61,98.61111111111111,0.0,98.0,1,1,1.0,1.0,1,0.0,0.0,0.0
2024,360,11,328.0,91.11,91.11111111111111,2.3978952727983707,91.0,1,11,6.0,6.0,2,0.0,2.3978952727983707,1.791759469228055
2024,360,51,312.0,86.67,86.66666666666667,3.9318256327243257,86.0,1,51,11.0,21.0,3,0.0,3.9318256327243257,2.3978952727983707
2024,360,101,300.0,83.33,83.33333333333334,4.61512051684126,83.0,51,101,51.0,71.0,5,3.9318256327243257,4.61512051684126,3.9318256327243257
2024,360,201,281.0,78.06,78.05555555555556,5.303304908059076,78.0,11,301,101.0,133.0,5,2.3978952727983707,5.707110264748875,4.61512051684126
2024,360,301,272.0,75.56,75.55555555555556,5.707110264748875,75.0,51,601,101.0,193.85714285714286,7,3.9318256327243257,6.398594934535208,4.61512051684126
2024,360,401,265.0,73.61,73.61111111111111,5.993961427306569,73.0,101,801,401.0,381.0,5,4.61512051684126,6.68586094706836,5.993961427306569
2024,360,501,258.0,71.67,71.66666666666667,6.2166061010848646,71.0,201,1101,301.0,481.0,5,5.303304908059076,7.00397413672268,5.707110264748875
2024,360,601,251.0,69.72,69.72222222222221,6.398594934535208,69.0,601,1501,1101.0,1076.0,4,6.398594934535208,7.313886831633462,7.00397413672268
2024,360,701,246.0,68.33,68.33333333333333,6.55250788703459,68.0,201,1701,401.0,616.3846153846154,13,5.303304908059076,7.438971592395862,5.993961427306569
2024,360,801,242.0,67.22,67.22222222222223,6.68586094706836,67.0,201,1901,901.0,988.5,8,5.303304908059076,7.550135342488429,6.803505257608338
2024,360,901,237.0,65.83,65.83333333333333,6.803505257608338,65.0,101,2401,801.0,1014.3333333333334,15,4.61512051684126,7.783640596221253,6.68586094706836
2024,360,1001,233.0,64.72,64.72222222222223,6.90875477931522,64.0,301,2601,701.0,1047.1538461538462,13,5.707110264748875,7.8636512654486515,6.55250788703459
2024,360,1101,230.0,63.89,63.888888888888886,7.00397413672268,63.0,301,3001,1001.0,1371.5882352941176,17,5.707110264748875,8.006700845440367,6.90875477931522
2024,360,1201,227.0,63.06,63.05555555555556,7.0909098220799835,63.0,301,3001,1001.0,1371.5882352941176,17,5.707110264748875,8.006700845440367,6.90875477931522
2024,360,1301,224.0,62.22,62.22222222222222,7.170888478512505,62.0,401,3301,1201.0,1521.0,15,5.993961427306569,8.101980731853192,7.0909098220799835
2024,360,1401,221.0,61.39,61.38888888888889,7.244941546337007,61.0,201,3601,901.0,1305.7619047619048,21,5.303304908059076,8.188966863648876,6.803505257608338
2024,360,1501,219.0,60.83,60.83333333333333,7.313886831633462,60.0,501,3901,1401.0,1687.9565217391305,23,6.2166061010848646,8.268988209506656,7.244941546337007
2024,360,1601,216.0,60.0,60.0,7.3783837129967145,60.0,501,3901,1401.0,1687.9565217391305,23,6.2166061010848646,8.268988209506656,7.244941546337007
2024,360,1701,214.0,59.44,59.44444444444444,7.438971592395862,59.0,501,4401,1701.0,2232.5789473684213,19,6.2166061010848646,8.38958706681109,7.438971592395862
2024,360,1801,212.0,58.89,58.88888888888889,7.496097345175956,58.0,301,4801,1501.0,1926.9259259259259,27,5.707110264748875,8.476579508530941,7.313886831633462
2024,360,1901,210.0,58.33,58.333333333333336,7.550135342488429,58.0,301,4801,1501.0,1926.9259259259259,27,5.707110264748875,8.476579508530941,7.313886831633462
2024,360,2001,207.0,57.5,57.49999999999999,7.601402334583733,57.0,601,5201,1901.0,2273.0,25,6.398594934535208,8.556606193773073,7.550135342488429
2024,360,2101,205.0,56.94,56.94444444444444,7.650168700845001,56.0,401,5901,2101.0,2678.1428571428573,35,5.993961427306569,8.682877107057168,7.650168700845001
2024,360,2201,203.0,56.39,56.388888888888886,7.696667081526462,56.0,401,5901,2101.0,2678.1428571428573,35,5.993961427306569,8.682877107057168,7.650168700845001
2024,360,2301,202.0,56.11,56.111111111111114,7.741099090035366,56.0,401,5901,2101.0,2678.1428571428573,35,5.993961427306569,8.682877107057168,7.650168700845001
2024,360,2401,200.0,55.56,55.55555555555556,7.783640596221253,55.0,401,6301,2201.0,2607.25,32,5.993961427306569,8.748463629942055,7.696667081526462
2024,360,2501,199.0,55.28,55.27777777777778,7.824445930877619,55.0,401,6301,2201.0,2607.25,32,5.993961427306569,8.748463629942055,7.696667081526462
2024,360,2601,197.0,54.72,54.72222222222223,7.8636512654486515,54.0,501,6901,2651.0,3181.5555555555557,36,6.2166061010848646,8.839421607620602,7.8826922062890254
2024,360,2701,196.0,54.44,54.44444444444444,7.901377353792616,54.0,501,6901,2651.0,3181.5555555555557,36,6.2166061010848646,8.839421607620602,7.8826922062890254
2024,360,2801,194.0,53.89,53.888888888888886,7.937731775260109,53.0,501,7601,2901.0,3366.1162790697676,43,6.2166061010848646,8.936035096566041,7.972810784121404
2024,360,2901,193.0,53.61,53.61111111111111,7.972810784121404,53.0,501,7601,2901.0,3366.1162790697676,43,6.2166061010848646,8.936035096566041,7.972810784121404
2024,360,3001,192.0,53.33,53.333333333333336,8.006700845440367,53.0,501,7601,2901.0,3366.1162790697676,43,6.2166061010848646,8.936035096566041,7.972810784121404
2024,360,3101,191.0,53.06,53.05555555555556,8.03947991910045,53.0,501,7601,2901.0,3366.1162790697676,43,6.2166061010848646,8.936035096566041,7.972810784121404
2024,360,3201,189.0,52.5,52.5,8.071218539969863,52.0,701,8101,2901.0,3608.317073170732,41,6.55250788703459,8.999742789830492,7.972810784121404
2024,360,3301,188.0,52.22,52.22222222222223,8.101980731853192,52.0,701,8101,2901.0,3608.317073170732,41,6.55250788703459,8.999742789830492,7.972810784121404
2024,360,3401,187.0,51.94,51.94444444444445,8.131824785007195,51.0,601,8901,3451.0,3991.740740740741,54,6.398594934535208,9.093918908958932,8.146419323098003
2024,360,3501,186.0,51.67,51.66666666666667,8.160803920954665,51.0,601,8901,3451.0,3991.740740740741,54,6.398594934535208,9.093918908958932,8.146419323098003
2024,360,3601,185.0,51.39,51.388888888888886,8.188966863648876,51.0,601,8901,3451.0,3991.740740740741,54,6.398594934535208,9.093918908958932,8.146419323098003
2024,360,3701,184.0,51.11,51.11111111111111,8.216358332386156,51.0,601,8901,3451.0,3991.740740740741,54,6.398594934535208,9.093918908958932,8.146419323098003
2024,360,3801,183.0,50.83,50.83333333333333,8.24301946898925,50.0,701,9801,3851.0,4534.333333333333,60,6.55250788703459,9.19023970026918,8.25608813381491
2024,360,3901,182.0,50.56,50.55555555555556,8.268988209506656,50.0,701,9801,3851.0,4534.333333333333,60,6.55250788703459,9.19023970026918,8.25608813381491
2024,360,4001,181.0,50.28,50.27777777777778,8.294299608857235,50.0,701,9801,3851.0,4534.333333333333,60,6.55250788703459,9.19023970026918,8.25608813381491
2024,360,4101,180.0,50.0,50.0,8.31898612539206,50.0,701,9801,3851.0,4534.333333333333,60,6.55250788703459,9.19023970026918,8.25608813381491
2024,360,4201,179.0,49.72,49.72222222222222,8.343077871169383,49.0,801,10501,4001.0,4608.317073170731,41,6.68586094706836,9.259225769705994,8.294299608857235
2024,360,4301,178.0,49.44,49.44444444444444,8.366602832783736,49.0,801,10501,4001.0,4608.317073170731,41,6.68586094706836,9.259225769705994,8.294299608857235
2024,360,4401,177.0,49.17,49.166666666666664,8.38958706681109,49.0,801,10501,4001.0,4608.317073170731,41,6.68586094706836,9.259225769705994,8.294299608857235
2024,360,4501,176.0,48.89,48.888888888888886,8.412054873292933,48.0,901,11401,4251.0,4716.0,60,6.803505257608338,9.34145634983372,8.35490952835879
2024,360,4601,176.0,48.89,48.888888888888886,8.434028950155469,48.0,901,11401,4251.0,4716.0,60,6.803505257608338,9.34145634983372,8.35490952835879
2024,360,4701,175.0,48.61,48.61111111111111,8.45553053102413,48.0,901,11401,4251.0,4716.0,60,6.803505257608338,9.34145634983372,8.35490952835879
2024,360,4801,174.0,48.33,48.333333333333336,8.476579508530941,48.0,901,11401,4251.0,4716.0,60,6.803505257608338,9.34145634983372,8.35490952835879
2024,360,4901,173.0,48.06,48.05555555555556,8.497194544909547,48.0,901,11401,4251.0,4716.0,60,6.803505257608338,9.34145634983372,8.35490952835879
2024,360,5001,172.0,47.78,47.77777777777778,8.517393171418904,47.0,1001,12201,4001.0,4997.363636363636,55,6.90875477931522,9.409273194575334,8.294299608857235
2024,360,5101,172.0,47.78,47.77777777777778,8.537191877922927,47.0,1001,12201,4001.0,4997.363636363636,55,6.90875477931522,9.409273194575334,8.294299608857235
2024,360,5201,171.0,47.5,47.5,8.556606193773073,47.0,1001,12201,4001.0,4997.363636363636,55,6.90875477931522,9.409273194575334,8.294299608857235
2024,360,5301,170.0,47.22,47.22222222222222,8.575650760987806,47.0,1001,12201,4001.0,4997.363636363636,55,6.90875477931522,9.409273194575334,8.294299608857235
2024,360,5401,169.0,46.94,46.94444444444444,8.594339400592892,46.0,1101,13401,5351.0,5896.588235294118,68,7.00397413672268,9.503084610020228,8.585038738311304
2024,360,5501,168.0,46.67,46.666666666666664,8.612685172875459,46.0,1101,13401,5351.0,5896.588235294118,68,7.00397413672268,9.503084610020228,8.585038738311304
2024,360,5601,168.0,46.67,46.666666666666664,8.630700432209832,46.0,1101,13401,5351.0,5896.588235294118,68,7.00397413672268,9.503084610020228,8.585038738311304
2024,360,5701,167.0,46.39,46.38888888888889,8.648396877031582,46.0,1101,13401,5351.0,5896.588235294118,68,7.00397413672268,9.503084610020228,8.585038738311304
2024,360,5801,166.0,46.11,46.111111111111114,8.665785595466064,46.0,1101,13401,5351.0,5896.588235294118,68,7.00397413672268,9.503084610020228,8.585038738311304
2024,360,5901,166.0,46.11,46.111111111111114,8.682877107057168,46.0,1101,13401,5351.0,5896.588235294118,68,7.00397413672268,9.503084610020228,8.585038738311304
2024,360,6001,165.0,45.83,45.83333333333333,8.699681400989514,45.0,1201,14501,5701.0,6161.273972602739,73,7.0909098220799835,9.581972891547895,8.648396877031582
2024,360,6101,164.0,45.56,45.55555555555556,8.716207971151853,45.0,1201,14501,5701.0,6161.273972602739,73,7.0909098220799835,9.581972891547895,8.648396877031582
2024,360,6201,164.0,45.56,45.55555555555556,8.732465848349879,45.0,1201,14501,5701.0,6161.273972602739,73,7.0909098220799835,9.581972891547895,8.648396877031582
2024,360,6301,163.0,45.28,45.27777777777778,8.748463629942055,45.0,1201,14501,5701.0,6161.273972602739,73,7.0909098220799835,9.581972891547895,8.648396877031582
2024,360,6401,163.0,45.28,45.27777777777778,8.764209507142004,45.0,1201,14501,5701.0,6161.273972602739,73,7.0909098220799835,9.581972891547895,8.648396877031582
2024,360,6501,162.0,45.0,45.0,8.77971129020447,45.0,1201,14501,5701.0,6161.273972602739,73,7.0909098220799835,9.581972891547895,8.648396877031582
2024,360,6601,161.0,44.72,44.72222222222222,8.79497643168877,44.0,1301,15501,5401.0,6494.1506849315065,73,7.170888478512505,9.648659816955295,8.594339400592892
2024,360,6701,161.0,44.72,44.72222222222222,8.81001204797317,44.0,1301,15501,5401.0,6494.1506849315065,73,7.170888478512505,9.648659816955295,8.594339400592892
2024,360,6801,160.0,44.44,44.44444444444444,8.824824939175638,44.0,1301,15501,5401.0,6494.1506849315065,73,7.170888478512505,9.648659816955295,8.594339400592892
2024,360,6901,160.0,44.44,44.44444444444444,8.839421607620602,44.0,1301,15501,5401.0,6494.1506849315065,73,7.170888478512505,9.648659816955295,8.594339400592892
2024,360,7001,159.0,44.17,44.166666666666664,8.853808274977197,44.0,1301,15501,5401.0,6494.1506849315065,73,7.170888478512505,9.648659816955295,8.594339400592892
2024,360,7101,159.0,44.17,44.166666666666664,8.867990898182093,44.0,1301,15501,5401.0,6494.1506849315065,73,7.170888478512505,9.648659816955295,8.594339400592892
2024,360,7201,158.0,43.89,43.888888888888886,8.881975184248867,43.0,1501,16801,6951.0,7356.555555555556,90,7.313886831633462,9.729193687429403,8.846640813100485
2024,360,7301,157.0,43.61,43.611111111111114,8.895766604056085,43.0,1501,16801,6951.0,7356.555555555556,90,7.313886831633462,9.729193687429403,8.846640813100485
2024,360,7401,157.0,43.61,43.611111111111114,8.909370405197466,43.0,1501,16801,6951.0,7356.555555555556,90,7.313886831633462,9.729193687429403,8.846640813100485
2024,360,7501,156.0,43.33,43.333333333333336,8.922791623969637,43.0,1501,16801,6951.0,7356.555555555556,90,7.313886831633462,9.729193687429403,8.846640813100485
2024,360,7601,156.0,43.33,43.333333333333336,8.936035096566041,43.0,1501,16801,6951.0,7356.555555555556,90,7.313886831633462,9.729193687429403,8.846640813100485
2024,360,7701,155.0,43.06,43.05555555555556,8.94910546953925,43.0,1501,16801,6951.0,7356.555555555556,90,7.313886831633462,9.729193687429403,8.846640813100485
2024,360,7801,155.0,43.06,43.05555555555556,8.962007209588313,43.0,1501,16801,6951.0,7356.555555555556,90,7.313886831633462,9.729193687429403,8.846640813100485
2024,360,7901,154.0,42.78,42.77777777777778,8.974744612722734,42.0,1601,18401,7901.0,8481.459770114943,87,7.3783837129967145,9.820160289946374,8.974744612722734
2024,360,8001,154.0,42.78,42.77777777777778,8.987321812850125,42.0,1601,18401,7901.0,8481.459770114943,87,7.3783837129967145,9.820160289946374,8.974744612722734
2024,360,8101,153.0,42.5,42.5,8.999742789830492,42.0,1601,18401,7901.0,8481.459770114943,87,7.3783837129967145,9.820160289946374,8.974744612722734
2024,360,8201,153.0,42.5,42.5,9.012011377036412,42.0,1601,18401,7901.0,8481.459770114943,87,7.3783837129967145,9.820160289946374,8.974744612722734
2024,360,8301,152.0,42.22,42.22222222222222,9.024131268455035,42.0,1601,18401,7901.0,8481.459770114943,87,7.3783837129967145,9.820160289946374,8.974744612722734
2024,360,8401,152.0,42.22,42.22222222222222,9.036106025364846,42.0,1601,18401,7901.0,8481.459770114943,87,7.3783837129967145,9.820160289946374,8.974744612722734
2024,360,8501,152.0,42.22,42.22222222222222,9.04793908261736,42.0,1601,18401,7901.0,8481.459770114943,87,7.3783837129967145,9.820160289946374,8.974744612722734
2024,360,8601,151.0,41.94,41.94444444444444,9.059633754551479,41.0,1701,19401,7351.0,8254.125,96,7.438971592395862,9.873079890114703,8.902591637374087
2024,360,8701,151.0,41.94,41.94444444444444,9.071193240566025,41.0,1701,19401,7351.0,8254.125,96,7.438971592395862,9.873079890114703,8.902591637374087
2024,360,8801,150.0,41.67,41.66666666666667,9.082620630373812,41.0,1701,19401,7351.0,8254.125,96,7.438971592395862,9.873079890114703,8.902591637374087
2024,360,8901,150.0,41.67,41.66666666666667,9.093918908958932,41.0,1701,19401,7351.0,8254.125,96,7.438971592395862,9.873079890114703,8.902591637374087
2024,360,9001,149.0,41.39,41.388888888888886,9.105090961257085,41.0,1701,19401,7351.0,8254.125,96,7.438971592395862,9.873079890114703,8.902591637374087
2024,360,9101,149.0,41.39,41.388888888888886,9.116139576577355,41.0,1701,19401,7351.0,8254.125,96,7.438971592395862,9.873079890114703,8.902591637374087
2024,360,9201,149.0,41.39,41.388888888888886,9.127067452782361,41.0,1701,19401,7351.0,8254.125,96,7.438971592395862,9.873079890114703,8.902591637374087
2024,360,9301,148.0,41.11,41.11111111111111,9.137877200242468,41.0,1701,19401,7351.0,8254.125,96,7.438971592395862,9.873079890114703,8.902591637374087
2024,360,9401,148.0,41.11,41.11111111111111,9.148571345578551,41.0,1701,19401,7351.0,8254.125,96,7.438971592395862,9.873079890114703,8.902591637374087
2024,360,9501,147.0,40.83,40.833333333333336,9.15915233520675,40.0,1901,21101,8351.0,9465.406779661016,118,7.550135342488429,9.957075711706057,9.03013657115323
2024,360,9601,147.0,40.83,40.833333333333336,9.169622538697624,40.0,1901,21101,8351.0,9465.406779661016,118,7.550135342488429,9.957075711706057,9.03013657115323
2024,360,9701,147.0,40.83,40.833333333333336,9.179984251961283,40.0,1901,21101,8351.0,9465.406779661016,118,7.550135342488429,9.957075711706057,9.03013657115323
2024,360,9801,146.0,40.56,40.55555555555556,9.19023970026918,40.0,1901,21101,8351.0,9465.406779661016,118,7.550135342488429,9.957075711706057,9.03013657115323
2024,360,9901,146.0,40.56,40.55555555555556,9.200391041122515,40.0,1901,21101,8351.0,9465.406779661016,118,7.550135342488429,9.957075711706057,9.03013657115323
2024,360,10001,146.0,40.56,40.55555555555556,9.210440366976517,40.0,1901,21101,8351.0,9465.406779661016,118,7.550135342488429,9.957075711706057,9.03013657115323
2024,360,10101,145.0,40.28,40.27777777777778,9.220389707829185,40.0,1901,21101,8351.0,9465.406779661016,118,7.550135342488429,9.957075711706057,9.03013657115323
2024,360,10201,145.0,40.28,40.27777777777778,9.23024103368252,40.0,1901,21101,8351.0,9465.406779661016,118,7.550135342488429,9.957075711706057,9.03013657115323
2024,360,10301,144.0,40.0,40.0,9.239996256883693,40.0,1901,21101,8351.0,9465.406779661016,118,7.550135342488429,9.957075711706057,9.03013657115323
2024,360,10401,144.0,40.0,40.0,9.249657234353133,40.0,1901,21101,8351.0,9465.406779661016,118,7.550135342488429,9.957075711706057,9.03013657115323
2024,360,10501,144.0,40.0,40.0,9.259225769705994,40.0,1901,21101,8351.0,9465.406779661016,118,7.550135342488429,9.957075711706057,9.03013657115323
2024,360,10601,143.0,39.72,39.72222222222222,9.268703615273097,39.0,2201,22801,9351.0,10543.452830188678,106,7.696667081526462,10.034559673629849,9.143238568435446
2024,360,10701,143.0,39.72,39.72222222222222,9.278092474027002,39.0,2201,22801,9351.0,10543.452830188678,106,7.696667081526462,10.034559673629849,9.143238568435446
2024,360,10801,142.0,39.44,39.44444444444444,9.287394001418473,39.0,2201,22801,9351.0,10543.452830188678,106,7.696667081526462,10.034559673629849,9.143238568435446
2024,360,10901,142.0,39.44,39.44444444444444,9.296609807128359,39.0,2201,22801,9351.0,10543.452830188678,106,7.696667081526462,10.034559673629849,9.143238568435446
2024,360,11001,142.0,39.44,39.44444444444444,9.305741456739435,39.0,2201,22801,9351.0,10543.452830188678,106,7.696667081526462,10.034559673629849,9.143238568435446
2024,360,11101,141.0,39.17,39.166666666666664,9.314790473332646,39.0,2201,22801,9351.0,10543.452830188678,106,7.696667081526462,10.034559673629849,9.143238568435446
2024,360,11201,141.0,39.17,39.166666666666664,9.32375833901174,39.0,2201,22801,9351.0,10543.452830188678,106,7.696667081526462,10.034559673629849,9.143238568435446
2024,360,11301,141.0,39.17,39.166666666666664,9.332646496360152,39.0,2201,22801,9351.0,10543.452830188678,106,7.696667081526462,10.034559673629849,9.143238568435446
2024,360,11401,140.0,38.89,38.88888888888889,9.34145634983372,38.0,2401,24201,11201.0,10851.40650406504,123,7.783640596221253,10.094149233605084,9.32375833901174
2024,360,11501,140.0,38.89,38.88888888888889,9.350189267092581,38.0,2401,24201,11201.0,10851.40650406504,123,7.783640596221253,10.094149233605084,9.32375833901174
2024,360,11601,140.0,38.89,38.88888888888889,9.358846580275406,38.0,2401,24201,11201.0,10851.40650406504,123,7.783640596221253,10.094149233605084,9.32375833901174
2024,360,11701,139.0,38.61,38.611111111111114,9.367429587218957,38.0,2401,24201,11201.0,10851.40650406504,123,7.783640596221253,10.094149233605084,9.32375833901174
2024,360,11801,139.0,38.61,38.611111111111114,9.375939552625749,38.0,2401,24201,11201.0,10851.40650406504,123,7.783640596221253,10.094149233605084,9.32375833901174
2024,360,11901,139.0,38.61,38.611111111111114,9.38437770918244,38.0,2401,24201,11201.0,10851.40650406504,123,7.783640596221253,10.094149233605084,9.32375833901174
2024,360,12001,138.0,38.33,38.333333333333336,9.392745258631441,38.0,2401,24201,11201.0,10851.40650406504,123,7.783640596221253,10.094149233605084,9.32375833901174
2024,360,12101,138.0,38.33,38.333333333333336,9.401043372798053,38.0,2401,24201,11201.0,10851.40650406504,123,7.783640596221253,10.094149233605084,9.32375833901174
2024,360,12201,138.0,38.33,38.333333333333336,9.409273194575334,38.0,2401,24201,11201.0,10851.40650406504,123,7.783640596221253,10.094149233605084,9.32375833901174
2024,360,12301,137.0,38.06,38.05555555555556,9.417435838868785,38.0,2401,24201,11201.0,10851.40650406504,123,7.783640596221253,10.094149233605084,9.32375833901174
2024,360,12401,137.0,38.06,38.05555555555556,9.425532393502772,38.0,2401,24201,11201.0,10851.40650406504,123,7.783640596221253,10.094149233605084,9.32375833901174
2024,360,12501,137.0,38.06,38.05555555555556,9.433563920090563,38.0,2401,24201,11201.0,10851.40650406504,123,7.783640596221253,10.094149233605084,9.32375833901174
2024,360,12601,136.0,37.78,37.77777777777778,9.441531454869693,37.0,2701,26201,12601.0,12353.713178294574,129,7.901377353792616,10.173552856959743,9.441531454869693
2024,360,12701,136.0,37.78,37.77777777777778,9.44943600950432,37.0,2701,26201,12601.0,12353.713178294574,129,7.901377353792616,10.173552856959743,9.441531454869693
2024,360,12801,136.0,37.78,37.77777777777778,9.45727857185611,37.0,2701,26201,12601.0,12353.713178294574,129,7.901377353792616,10.173552856959743,9.441531454869693
2024,360,12901,136.0,37.78,37.77777777777778,9.465060106725137,37.0,2701,26201,12601.0,12353.713178294574,129,7.901377353792616,10.173552856959743,9.441531454869693
2024,360,13001,135.0,37.5,37.5,9.472781556562168,37.0,2701,26201,12601.0,12353.713178294574,129,7.901377353792616,10.173552856959743,9.441531454869693
2024,360,13101,135.0,37.5,37.5,9.48044384215367,37.0,2701,26201,12601.0,12353.713178294574,129,7.901377353792616,10.173552856959743,9.441531454869693
2024,360,13201,135.0,37.5,37.5,9.488047863280759,37.0,2701,26201,12601.0,12353.713178294574,129,7.901377353792616,10.173552856959743,9.441531454869693
2024,360,13301,134.0,37.22,37.22222222222222,9.495594499353297,37.0,2701,26201,12601.0,12353.713178294574,129,7.901377353792616,10.173552856959743,9.441531454869693
2024,360,13401,134.0,37.22,37.22222222222222,9.503084610020228,37.0,2701,26201,12601.0,12353.713178294574,129,7.901377353792616,10.173552856959743,9.441531454869693
2024,360,13501,134.0,37.22,37.22222222222222,9.510519035757246,37.0,2701,26201,12601.0,12353.713178294574,129,7.901377353792616,10.173552856959743,9.441531454869693
2024,360,13601,134.0,37.22,37.22222222222222,9.517898598432753,37.0,2701,26201,12601.0,12353.713178294574,129,7.901377353792616,10.173552856959743,9.441531454869693
2024,360,13701,133.0,36.94,36.94444444444444,9.525224101853109,36.0,2901,28401,13701.0,13498.278911564626,147,7.972810784121404,10.254179634797001,9.525224101853109
2024,360,13801,133.0,36.94,36.94444444444444,9.53249633228804,36.0,2901,28401,13701.0,13498.278911564626,147,7.972810784121404,10.254179634797001,9.525224101853109
2024,360,13901,133.0,36.94,36.94444444444444,9.539716058977092,36.0,2901,28401,13701.0,13498.278911564626,147,7.972810784121404,10.254179634797001,9.525224101853109
2024,360,14001,132.0,36.67,36.666666666666664,9.546884034617925,36.0,2901,28401,13701.0,13498.278911564626,147,7.972810784121404,10.254179634797001,9.525224101853109
2024,360,14101,132.0,36.67,36.666666666666664,9.55400099583723,36.0,2901,28401,13701.0,13498.278911564626,147,7.972810784121404,10.254179634797001,9.525224101853109
2024,360,14201,132.0,36.67,36.666666666666664,9.561067663645012,36.0,2901,28401,13701.0,13498.278911564626,147,7.972810784121404,10.254179634797001,9.525224101853109
2024,360,14301,132.0,36.67,36.666666666666664,9.568084743872936,36.0,2901,28401,13701.0,13498.278911564626,147,7.972810784121404,10.254179634797001,9.525224101853109
2024,360,14401,131.0,36.39,36.388888888888886,9.575052927597383,36.0,2901,28401,13701.0,13498.278911564626,147,7.972810784121404,10.254179634797001,9.525224101853109
2024,360,14501,131.0,36.39,36.388888888888886,9.581972891547895,36.0,2901,28401,13701.0,13498.278911564626,147,7.972810784121404,10.254179634797001,9.525224101853109
2024,360,14601,131.0,36.39,36.388888888888886,9.588845298501564,36.0,2901,28401,13701.0,13498.278911564626,147,7.972810784121404,10.254179634797001,9.525224101853109
2024,360,14701,131.0,36.39,36.388888888888886,9.595670797663967,36.0,2901,28401,13701.0,13498.278911564626,147,7.972810784121404,10.254179634797001,9.525224101853109
2024,360,14801,130.0,36.11,36.11111111111111,9.60245002503719,36.0,2901,28401,13701.0,13498.278911564626,147,7.972810784121404,10.254179634797001,9.525224101853109
2024,360,14901,130.0,36.11,36.11111111111111,9.60918360377546,36.0,2901,28401,13701.0,13498.278911564626,147,7.972810784121404,10.254179634797001,9.525224101853109
2024,360,15001,130.0,36.11,36.11111111111111,9.61587214452889,36.0,2901,28401,13701.0,13498.278911564626,147,7.972810784121404,10.254179634797001,9.525224101853109
2024,360,15101,130.0,36.11,36.11111111111111,9.62251624577579,36.0,2901,28401,13701.0,13498.278911564626,147,7.972810784121404,10.254179634797001,9.525224101853109
2024,360,15201,129.0,35.83,35.833333333333336,9.62911649414402,35.0,3201,30101,15251.0,14490.583333333334,144,8.071218539969863,10.31231367277647,9.632400353656184
2024,360,15301,129.0,35.83,35.833333333333336,9.635673464721814,35.0,3201,30101,15251.0,14490.583333333334,144,8.071218539969863,10.31231367277647,9.632400353656184
2024,360,15401,129.0,35.83,35.833333333333336,9.642187721358466,35.0,3201,30101,15251.0,14490.583333333334,144,8.071218539969863,10.31231367277647,9.632400353656184
2024,360,15501,129.0,35.83,35.833333333333336,9.648659816955295,35.0,3201,30101,15251.0,14490.583333333334,144,8.071218539969863,10.31231367277647,9.632400353656184
2024,360,15601,128.0,35.56,35.55555555555556,9.65509029374725,35.0,3201,30101,15251.0,14490.583333333334,144,8.071218539969863,10.31231367277647,9.632400353656184
2024,360,15701,128.0,35.56,35.55555555555556,9.661479683575521,35.0,3201,30101,15251.0,14490.583333333334,144,8.071218539969863,10.31231367277647,9.632400353656184
2024,360,15801,128.0,35.56,35.55555555555556,9.6678285081515,35.0,3201,30101,15251.0,14490.583333333334,144,8.071218539969863,10.31231367277647,9.632400353656184
2024,360,15901,128.0,35.56,35.55555555555556,9.674137279312397,35.0,3201,30101,15251.0,14490.583333333334,144,8.071218539969863,10.31231367277647,9.632400353656184
2024,360,16001,128.0,35.56,35.55555555555556,9.680406499268875,35.0,3201,30101,15251.0,14490.583333333334,144,8.071218539969863,10.31231367277647,9.632400353656184
2024,360,16101,127.0,35.28,35.27777777777778,9.686636660844938,35.0,3201,30101,15251.0,14490.583333333334,144,8.071218539969863,10.31231367277647,9.632400353656184
2024,360,16201,127.0,35.28,35.27777777777778,9.692828247710418,35.0,3201,30101,15251.0,14490.583333333334,144,8.071218539969863,10.31231367277647,9.632400353656184
2024,360,16301,127.0,35.28,35.27777777777778,9.69898173460629,35.0,3201,30101,15251.0,14490.583333333334,144,8.071218539969863,10.31231367277647,9.632400353656184
2024,360,16401,127.0,35.28,35.27777777777778,9.70509758756311,35.0,3201,30101,15251.0,14490.583333333334,144,8.071218539969863,10.31231367277647,9.632400353656184
2024,360,16501,126.0,35.0,35.0,9.711176264112805,35.0,3201,30101,15251.0,14490.583333333334,144,8.071218539969863,10.31231367277647,9.632400353656184
2024,360,16601,126.0,35.0,35.0,9.717218213494077,35.0,3201,30101,15251.0,14490.583333333334,144,8.071218539969863,10.31231367277647,9.632400353656184
2024,360,16701,126.0,35.0,35.0,9.723223876851618,35.0,3201,30101,15251.0,14490.583333333334,144,8.071218539969863,10.31231367277647,9.632400353656184
2024,360,16801,126.0,35.0,35.0,9.729193687429403,35.0,3201,30101,15251.0,14490.583333333334,144,8.071218539969863,10.31231367277647,9.632400353656184
2024,360,16901,125.0,34.72,34.72222222222222,9.735128070758227,34.0,3601,30801,11051.0,13145.68085106383,94,8.188966863648876,10.335302435967074,9.310276200588783
2024,360,17001,125.0,34.72,34.72222222222222,9.741027444837728,34.0,3601,30801,11051.0,13145.68085106383,94,8.188966863648876,10.335302435967074,9.310276200588783
2024,360,17101,125.0,34.72,34.72222222222222,9.746892220313054,34.0,3601,30801,11051.0,13145.68085106383,94,8.188966863648876,10.335302435967074,9.310276200588783
2024,360,17201,125.0,34.72,34.72222222222222,9.75272280064639,34.0,3601,30801,11051.0,13145.68085106383,94,8.188966863648876,10.335302435967074,9.310276200588783
2024,360,17301,125.0,34.72,34.72222222222222,9.758519582283522,34.0,3601,30801,11051.0,13145.68085106383,94,8.188966863648876,10.335302435967074,9.310276200588783
2024,360,17401,124.0,34.44,34.44444444444444,9.76428295481558,34.0,3601,30801,11051.0,13145.68085106383,94,8.188966863648876,10.335302435967074,9.310276200588783
2024,360,17501,124.0,34.44,34.44444444444444,9.770013301136158,34.0,3601,30801,11051.0,13145.68085106383,94,8.188966863648876,10.335302435967074,9.310276200588783
2024,360,17601,124.0,34.44,34.44444444444444,9.77571099759397,34.0,3601,30801,11051.0,13145.68085106383,94,8.188966863648876,10.335302435967074,9.310276200588783
2024,360,17701,124.0,34.44,34.44444444444444,9.781376414141157,34.0,3601,30801,11051.0,13145.68085106383,94,8.188966863648876,10.335302435967074,9.310276200588783
2024,360,17801,123.0,34.17,34.166666666666664,9.787009914477434,34.0,3601,30801,11051.0,13145.68085106383,94,8.188966863648876,10.335302435967074,9.310276200588783
2024,360,17901,123.0,34.17,34.166666666666664,9.792611856190192,34.0,3601,30801,11051.0,13145.68085106383,94,8.188966863648876,10.335302435967074,9.310276200588783
2024,360,18001,123.0,34.17,34.166666666666664,9.798182590890704,34.0,3601,30801,11051.0,13145.68085106383,94,8.188966863648876,10.335302435967074,9.310276200588783
2024,360,18101,123.0,34.17,34.166666666666664,9.803722464346553,34.0,3601,30801,11051.0,13145.68085106383,94,8.188966863648876,10.335302435967074,9.310276200588783
2024,360,18201,123.0,34.17,34.166666666666664,9.809231816610408,34.0,3601,30801,11051.0,13145.68085106383,94,8.188966863648876,10.335302435967074,9.310276200588783
2024,360,18301,122.0,33.89,33.88888888888889,9.814710982145282,33.0,3901,20101,11451.0,11791.217391304348,92,8.268988209506656,9.908524844053396,9.34583234141334
2024,360,18401,122.0,33.89,33.88888888888889,9.820160289946374,33.0,3901,20101,11451.0,11791.217391304348,92,8.268988209506656,9.908524844053396,9.34583234141334
2024,360,18501,122.0,33.89,33.88888888888889,9.825580063659602,33.0,3901,20101,11451.0,11791.217391304348,92,8.268988209506656,9.908524844053396,9.34583234141334
2024,360,18601,122.0,33.89,33.88888888888889,9.83097062169695,33.0,3901,20101,11451.0,11791.217391304348,92,8.268988209506656,9.908524844053396,9.34583234141334
2024,360,18701,122.0,33.89,33.88888888888889,9.83633227734872,33.0,3901,20101,11451.0,11791.217391304348,92,8.268988209506656,9.908524844053396,9.34583234141334
2024,360,18801,121.0,33.61,33.611111111111114,9.841665338892785,33.0,3901,20101,11451.0,11791.217391304348,92,8.268988209506656,9.908524844053396,9.34583234141334
2024,360,18901,121.0,33.61,33.611111111111114,9.846970109700957,33.0,3901,20101,11451.0,11791.217391304348,92,8.268988209506656,9.908524844053396,9.34583234141334
2024,360,19001,121.0,33.61,33.611111111111114,9.852246888342531,33.0,3901,20101,11451.0,11791.217391304348,92,8.268988209506656,9.908524844053396,9.34583234141334
2024,360,19101,121.0,33.61,33.611111111111114,9.857495968685136,33.0,3901,20101,11451.0,11791.217391304348,92,8.268988209506656,9.908524844053396,9.34583234141334
2024,360,19201,121.0,33.61,33.611111111111114,9.862717639992917,33.0,3901,20101,11451.0,11791.217391304348,92,8.268988209506656,9.908524844053396,9.34583234141334
2024,360,19301,120.0,33.33,33.33333333333333,9.867912187022208,33.0,3901,20101,11451.0,11791.217391304348,92,8.268988209506656,9.908524844053396,9.34583234141334
2024,360,19401,120.0,33.33,33.33333333333333,9.873079890114703,33.0,3901,20101,11451.0,11791.217391304348,92,8.268988209506656,9.908524844053396,9.34583234141334
2024,360,19501,120.0,33.33,33.33333333333333,9.87822102528824,33.0,3901,20101,11451.0,11791.217391304348,92,8.268988209506656,9.908524844053396,9.34583234141334
2024,360,19601,120.0,33.33,33.33333333333333,9.883335864325275,33.0,3901,20101,11451.0,11791.217391304348,92,8.268988209506656,9.908524844053396,9.34583234141334
2024,360,19701,120.0,33.33,33.33333333333333,9.888424674859083,33.0,3901,20101,11451.0,11791.217391304348,92,8.268988209506656,9.908524844053396,9.34583234141334
2024,360,19801,119.0,33.06,33.05555555555556,9.893487720457795,33.0,3901,20101,11451.0,11791.217391304348,92,8.268988209506656,9.908524844053396,9.34583234141334
2024,360,19901,119.0,33.06,33.05555555555556,9.898525260706313,33.0,3901,20101,11451.0,11791.217391304348,92,8.268988209506656,9.908524844053396,9.34583234141334
2024,360,20001,119.0,33.06,33.05555555555556,9.90353755128617,33.0,3901,20101,11451.0,11791.217391304348,92,8.268988209506656,9.908524844053396,9.34583234141334
2024,360,20101,119.0,33.06,33.05555555555556,9.908524844053396,33.0,3901,20101,11451.0,11791.217391304348,92,8.268988209506656,9.908524844053396,9.34583234141334
2024,360,20201,118.0,32.78,32.77777777777778,9.913487387114461,32.0,4401,21701,12151.0,12598.5,80,8.38958706681109,9.985113621416073,9.405166749908611
2024,360,20301,118.0,32.78,32.77777777777778,9.918425424900335,32.0,4401,21701,12151.0,12598.5,80,8.38958706681109,9.985113621416073,9.405166749908611
2024,360,20401,118.0,32.78,32.77777777777778,9.923339198238729,32.0,4401,21701,12151.0,12598.5,80,8.38958706681109,9.985113621416073,9.405166749908611
2024,360,20501,118.0,32.78,32.77777777777778,9.928228944424575,32.0,4401,21701,12151.0,12598.5,80,8.38958706681109,9.985113621416073,9.405166749908611
2024,360,20601,118.0,32.78,32.77777777777778,9.933094897288786,32.0,4401,21701,12151.0,12598.5,80,8.38958706681109,9.985113621416073,9.405166749908611
2024,360,20701,118.0,32.78,32.77777777777778,9.937937287265354,32.0,4401,21701,12151.0,12598.5,80,8.38958706681109,9.985113621416073,9.405166749908611
2024,360,20801,117.0,32.5,32.5,9.942756341456828,32.0,4401,21701,12151.0,12598.5,80,8.38958706681109,9.985113621416073,9.405166749908611
2024,360,20901,117.0,32.5,32.5,9.94755228369823,32.0,4401,21701,12151.0,12598.5,80,8.38958706681109,9.985113621416073,9.405166749908611
2024,360,21001,117.0,32.5,32.5,9.952325334619427,32.0,4401,21701,12151.0,12598.5,80,8.38958706681109,9.985113621416073,9.405166749908611
2024,360,21101,117.0,32.5,32.5,9.957075711706057,32.0,4401,21701,12151.0,12598.5,80,8.38958706681109,9.985113621416073,9.405166749908611
2024,360,21201,117.0,32.5,32.5,9.961803629358965,32.0,4401,21701,12151.0,12598.5,80,8.38958706681109,9.985113621416073,9.405166749908611
2024,360,21301,116.0,32.22,32.22222222222222,9.966509298952284,32.0,4401,21701,12151.0,12598.5,80,8.38958706681109,9.985113621416073,9.405166749908611
2024,360,21401,116.0,32.22,32.22222222222222,9.97119292889014,32.0,4401,21701,12151.0,12598.5,80,8.38958706681109,9.985113621416073,9.405166749908611
2024,360,21501,116.0,32.22,32.22222222222222,9.975854724662028,32.0,4401,21701,12151.0,12598.5,80,8.38958706681109,9.985113621416073,9.405166749908611
2024,360,21601,116.0,32.22,32.22222222222222,9.980494888896912,32.0,4401,21701,12151.0,12598.5,80,8.38958706681109,9.985113621416073,9.405166749908611
2024,360,21701,116.0,32.22,32.22222222222222,9.985113621416073,32.0,4401,21701,12151.0,12598.5,80,8.38958706681109,9.985113621416073,9.405166749908611
2024,360,21801,115.0,31.94,31.944444444444443,9.989711119284745,31.0,4801,24001,13601.0,13990.908256880733,109,8.476579508530941,10.085850775128717,9.517898598432753
2024,360,21901,115.0,31.94,31.944444444444443,9.994287576862567,31.0,4801,24001,13601.0,13990.908256880733,109,8.476579508530941,10.085850775128717,9.517898598432753
2024,360,22001,115.0,31.94,31.944444444444443,9.99884318585288,31.0,4801,24001,13601.0,13990.908256880733,109,8.476579508530941,10.085850775128717,9.517898598432753
2024,360,22101,115.0,31.94,31.944444444444443,10.003378135350923,31.0,4801,24001,13601.0,13990.908256880733,109,8.476579508530941,10.085850775128717,9.517898598432753
2024,360,22201,115.0,31.94,31.944444444444443,10.007892611890918,31.0,4801,24001,13601.0,13990.908256880733,109,8.476579508530941,10.085850775128717,9.517898598432753
2024,360,22301,115.0,31.94,31.944444444444443,10.012386799492118,31.0,4801,24001,13601.0,13990.908256880733,109,8.476579508530941,10.085850775128717,9.517898598432753
2024,360,22401,114.0,31.67,31.666666666666664,10.016860879703811,31.0,4801,24001,13601.0,13990.908256880733,109,8.476579508530941,10.085850775128717,9.517898598432753
2024,360,22501,114.0,31.67,31.666666666666664,10.021315031649332,31.0,4801,24001,13601.0,13990.908256880733,109,8.476579508530941,10.085850775128717,9.517898598432753
2024,360,22601,114.0,31.67,31.666666666666664,10.025749432069084,31.0,4801,24001,13601.0,13990.908256880733,109,8.476579508530941,10.085850775128717,9.517898598432753
2024,360,22701,114.0,31.67,31.666666666666664,10.030164255362632,31.0,4801,24001,13601.0,13990.908256880733,109,8.476579508530941,10.085850775128717,9.517898598432753
2024,360,22801,114.0,31.67,31.666666666666664,10.034559673629849,31.0,4801,24001,13601.0,13990.908256880733,109,8.476579508530941,10.085850775128717,9.517898598432753
2024,360,22901,113.0,31.39,31.38888888888889,10.038935856711177,31.0,4801,24001,13601.0,13990.908256880733,109,8.476579508530941,10.085850775128717,9.517898598432753
2024,360,23001,113.0,31.39,31.38888888888889,10.043292972227004,31.0,4801,24001,13601.0,13990.908256880733,109,8.476579508530941,10.085850775128717,9.517898598432753
2024,360,23101,113.0,31.39,31.38888888888889,10.047631185616188,31.0,4801,24001,13601.0,13990.908256880733,109,8.476579508530941,10.085850775128717,9.517898598432753
2024,360,23201,113.0,31.39,31.38888888888889,10.05195066017375,31.0,4801,24001,13601.0,13990.908256880733,109,8.476579508530941,10.085850775128717,9.517898598432753
2024,360,23301,113.0,31.39,31.38888888888889,10.056251557087757,31.0,4801,24001,13601.0,13990.908256880733,109,8.476579508530941,10.085850775128717,9.517898598432753
2024,360,23401,113.0,31.39,31.38888888888889,10.060534035475412,31.0,4801,24001,13601.0,13990.908256880733,109,8.476579508530941,10.085850775128717,9.517898598432753
2024,360,23501,112.0,31.11,31.11111111111111,10.064798252418377,31.0,4801,24001,13601.0,13990.908256880733,109,8.476579508530941,10.085850775128717,9.517898598432753
2024,360,23601,112.0,31.11,31.11111111111111,10.069044362997353,31.0,4801,24001,13601.0,13990.908256880733,109,8.476579508530941,10.085850775128717,9.517898598432753
2024,360,23701,112.0,31.11,31.11111111111111,10.073272520325904,31.0,4801,24001,13601.0,13990.908256880733,109,8.476579508530941,10.085850775128717,9.517898598432753
2024,360,23801,112.0,31.11,31.11111111111111,10.077482875583607,31.0,4801,24001,13601.0,13990.908256880733,109,8.476579508530941,10.085850775128717,9.517898598432753
2024,360,23901,112.0,31.11,31.11111111111111,10.081675578048475,31.0,4801,24001,13601.0,13990.908256880733,109,8.476579508530941,10.085850775128717,9.517898598432753
2024,360,24001,112.0,31.11,31.11111111111111,10.085850775128717,31.0,4801,24001,13601.0,13990.908256880733,109,8.476579508530941,10.085850775128717,9.517898598432753
2024,360,24101,111.0,30.83,30.833333333333336,10.090008612393838,30.0,5501,26001,14501.0,14815.529914529914,117,8.612685172875459,10.165890277802454,9.581972891547895
2024,360,24201,111.0,30.83,30.833333333333336,10.094149233605084,30.0,5501,26001,14501.0,14815.529914529914,117,8.612685172875459,10.165890277802454,9.581972891547895
2024,360,24301,111.0,30.83,30.833333333333336,10.098272780745283,30.0,5501,26001,14501.0,14815.529914529914,117,8.612685172875459,10.165890277802454,9.581972891547895
2024,360,24401,111.0,30.83,30.833333333333336,10.102379394048045,30.0,5501,26001,14501.0,14815.529914529914,117,8.612685172875459,10.165890277802454,9.581972891547895
2024,360,24501,111.0,30.83,30.833333333333336,10.106469212026385,30.0,5501,26001,14501.0,14815.529914529914,117,8.612685172875459,10.165890277802454,9.581972891547895
2024,360,24601,111.0,30.83,30.833333333333336,10.110542371500753,30.0,5501,26001,14501.0,14815.529914529914,117,8.612685172875459,10.165890277802454,9.581972891547895
2024,360,24701,110.0,30.56,30.555555555555557,10.114599007626499,30.0,5501,26001,14501.0,14815.529914529914,117,8.612685172875459,10.165890277802454,9.581972891547895
2024,360,24801,110.0,30.56,30.555555555555557,10.118639253920785,30.0,5501,26001,14501.0,14815.529914529914,117,8.612685172875459,10.165890277802454,9.581972891547895
2024,360,24901,110.0,30.56,30.555555555555557,10.122663242288953,30.0,5501,26001,14501.0,14815.529914529914,117,8.612685172875459,10.165890277802454,9.581972891547895
2024,360,25001,110.0,30.56,30.555555555555557,10.12667110305036,30.0,5501,26001,14501.0,14815.529914529914,117,8.612685172875459,10.165890277802454,9.581972891547895
2024,360,25101,110.0,30.56,30.555555555555557,10.130662964963708,30.0,5501,26001,14501.0,14815.529914529914,117,8.612685172875459,10.165890277802454,9.581972891547895
2024,360,25201,110.0,30.56,30.555555555555557,10.134638955251866,30.0,5501,26001,14501.0,14815.529914529914,117,8.612685172875459,10.165890277802454,9.581972891547895
2024,360,25301,109.0,30.28,30.277777777777775,10.138599199626192,30.0,5501,26001,14501.0,14815.529914529914,117,8.612685172875459,10.165890277802454,9.581972891547895
2024,360,25401,109.0,30.28,30.277777777777775,10.142543822310387,30.0,5501,26001,14501.0,14815.529914529914,117,8.612685172875459,10.165890277802454,9.581972891547895
2024,360,25501,109.0,30.28,30.277777777777775,10.146472946063877,30.0,5501,26001,14501.0,14815.529914529914,117,8.612685172875459,10.165890277802454,9.581972891547895
2024,360,25601,109.0,30.28,30.277777777777775,10.150386692204734,30.0,5501,26001,14501.0,14815.529914529914,117,8.612685172875459,10.165890277802454,9.581972891547895
2024,360,25701,109.0,30.28,30.277777777777775,10.154285180632154,30.0,5501,26001,14501.0,14815.529914529914,117,8.612685172875459,10.165890277802454,9.581972891547895
2024,360,25801,109.0,30.28,30.277777777777775,10.158168529848494,30.0,5501,26001,14501.0,14815.529914529914,117,8.612685172875459,10.165890277802454,9.581972891547895
2024,360,25901,109.0,30.28,30.277777777777775,10.16203685698089,30.0,5501,26001,14501.0,14815.529914529914,117,8.612685172875459,10.165890277802454,9.581972891547895
2024,360,26001,108.0,30.0,30.0,10.165890277802454,30.0,5501,26001,14501.0,14815.529914529914,117,8.612685172875459,10.165890277802454,9.581972891547895
